{
    "created_at": "2026-06-11T14:04:44.765",
    "n_complete": 25,
    "drop_coeff_only": [
        0,
        0,
        0,
        0,
        0,
        0,
        0,
        0,
        0,
        0,
        0,
        0,
        0,
        0,
        0,
        0,
        0,
        0,
        0,
        0,
        0,
        0,
        0,
        0,
        0,
        0
    ],
    "system": {
        "dt": 0.04,
        "P0_coeff": 1,
        "h": 3.04438,
        "P0_term_hex": "c00",
        "name": "rect4x4_dt0p04_l25",
        "topology_repr": "[(1, 5), (1, 2), (2, 6), (2, 3), (3, 7), (3, 4), (4, 8), (5, 9), (5, 6), (6, 10), (6, 7), (7, 11), (7, 8), (8, 12), (9, 13), (9, 10), (10, 14), (10, 11), (11, 15), (11, 12), (12, 16), (13, 14), (14, 15), (15, 16)]",
        "P0_nqubits": 16,
        "n_layers": 25,
        "g": 0,
        "n_qubits": 16,
        "J": 1
    },
    "julia_version": "1.12.6",
    "n_dropped": [
        0,
        1,
        2759,
        66082,
        243466,
        378884,
        517193,
        650294,
        767367,
        870494,
        958554,
        1042275,
        1117955,
        1186254,
        1244660,
        1303102,
        1345825,
        1388503,
        1420787,
        1450836,
        1474231,
        1494279,
        1517419,
        1528615,
        1544832,
        1554003
    ],
    "overlap_kept": [
        1,
        0.9704879152038246,
        0.8865193255644536,
        0.7600282918774197,
        0.6060283259170046,
        0.4381733080289137,
        0.2663165120637011,
        0.09670968141931822,
        -0.066170087264787,
        -0.2178470931810339,
        -0.35320312293620626,
        -0.46684135050373415,
        -0.5535839154196703,
        -0.60846343507862,
        -0.6264441916361816,
        -0.6027391111442851,
        -0.5343247234670346,
        -0.42224570968288344,
        -0.2733756495664216,
        -0.10029148447054045,
        0.08104405904969088,
        0.2547265344387393,
        0.4077243457169383,
        0.5308259343978301,
        0.617828046330567,
        0.6642449023784803
    ],
    "hit_any_weight": [
        0,
        1,
        2759,
        66082,
        243466,
        378884,
        517193,
        650294,
        767367,
        870494,
        958554,
        1042275,
        1117955,
        1186254,
        1244660,
        1303102,
        1345825,
        1388503,
        1420787,
        1450836,
        1474231,
        1494279,
        1517419,
        1528615,
        1544832,
        1554003
    ],
    "drop_weight_only": [
        0,
        1,
        2759,
        66082,
        243466,
        378884,
        517193,
        650294,
        767367,
        870494,
        958554,
        1042275,
        1117955,
        1186254,
        1244660,
        1303102,
        1345825,
        1388503,
        1420787,
        1450836,
        1474231,
        1494279,
        1517419,
        1528615,
        1544832,
        1554003
    ],
    "hit_coeff": [
        0,
        0,
        0,
        0,
        0,
        0,
        0,
        0,
        0,
        0,
        0,
        0,
        0,
        0,
        0,
        0,
        0,
        0,
        0,
        0,
        0,
        0,
        0,
        0,
        0,
        0
    ],
    "drop_coeff_and_weight": [
        0,
        0,
        0,
        0,
        0,
        0,
        0,
        0,
        0,
        0,
        0,
        0,
        0,
        0,
        0,
        0,
        0,
        0,
        0,
        0,
        0,
        0,
        0,
        0,
        0,
        0
    ],
    "hit_z": [
        0,
        0,
        0,
        0,
        0,
        0,
        0,
        0,
        0,
        0,
        0,
        0,
        0,
        0,
        0,
        0,
        0,
        0,
        0,
        0,
        0,
        0,
        0,
        0,
        0,
        0
    ],
    "manifest_toml_sha256": "0bc8dd956e2d53dfc75dae382811cbae5159e33b4ab25664d941105fcfb60c81",
    "git_dirty": true,
    "experiment": "rect4x4_dt0p04_l25",
    "overlap_raw": [
        1,
        0.9704879152038246,
        0.8865193255644536,
        0.7600282918774197,
        0.6060283259170046,
        0.4381733080289137,
        0.2663165120637011,
        0.09670968141931822,
        -0.066170087264787,
        -0.2178470931810339,
        -0.35320312293620626,
        -0.46684135050373415,
        -0.5535839154196703,
        -0.60846343507862,
        -0.6264441916361816,
        -0.6027391111442851,
        -0.5343247234670346,
        -0.42224570968288344,
        -0.2733756495664216,
        -0.10029148447054045,
        0.08104405904969088,
        0.2547265344387393,
        0.4077243457169383,
        0.5308259343978301,
        0.617828046330567,
        0.6642449023784803
    ],
    "overlap_dropped": [
        0,
        0,
        0,
        0,
        0,
        0,
        0,
        0,
        0,
        0,
        0,
        0,
        0,
        0,
        0,
        0,
        0,
        0,
        0,
        0,
        0,
        0,
        0,
        0,
        0,
        0
    ],
    "rule": {
        "label": "xyz5_d0",
        "weight_period": 1,
        "family": "xyz",
        "tau_z": 0,
        "c_gate": 1.0e-16,
        "tau_xyz": 5,
        "tau_xy": 0,
        "rule_hash": "a5f8f57a6a",
        "coeff_min": 0
    },
    "n_kept": [
        1,
        16,
        512,
        3897,
        11260,
        17525,
        20102,
        21773,
        23564,
        24933,
        26068,
        27352,
        28030,
        28646,
        29114,
        29647,
        29890,
        30056,
        30277,
        30463,
        30528,
        30634,
        30715,
        30806,
        30882,
        30931
    ],
    "hit_xyz": [
        0,
        1,
        2759,
        66082,
        243466,
        378884,
        517193,
        650294,
        767367,
        870494,
        958554,
        1042275,
        1117955,
        1186254,
        1244660,
        1303102,
        1345825,
        1388503,
        1420787,
        1450836,
        1474231,
        1494279,
        1517419,
        1528615,
        1544832,
        1554003
    ],
    "git_commit": "unknown",
    "n_raw": [
        1,
        17,
        3271,
        69979,
        254726,
        396409,
        537295,
        672067,
        790931,
        895427,
        984622,
        1069627,
        1145985,
        1214900,
        1273774,
        1332749,
        1375715,
        1418559,
        1451064,
        1481299,
        1504759,
        1524913,
        1548134,
        1559421,
        1575714,
        1584934
    ],
    "weight_second_moment_raw": [
        1,
        1.001485548853399,
        1.0125748370617091,
        1.04590591159836,
        1.113015184503531,
        1.2190981804893224,
        1.3602683434556295,
        1.5242432748065187,
        1.6939755073024687,
        1.8527391073552772,
        1.9888297001699895,
        2.0982888394983297,
        2.184825381888513,
        2.2572014684350132,
        2.3253560673328146,
        2.3968997158456733,
        2.4751153146056697,
        2.5586669262905546,
        2.642555728841925,
        2.7197560716851354,
        2.783098168238883,
        2.8269614012283917,
        2.8482857559189263,
        2.8466375247163724,
        2.823577107031324,
        2.7819070528952303
    ],
    "hit_multiple_weight": [
        0,
        0,
        0,
        0,
        0,
        0,
        0,
        0,
        0,
        0,
        0,
        0,
        0,
        0,
        0,
        0,
        0,
        0,
        0,
        0,
        0,
        0,
        0,
        0,
        0,
        0
    ],