{
    "created_at": "2026-06-11T07:39:34.695",
    "n_complete": 25,
    "drop_coeff_only": [
        0,
        0,
        3030,
        164485,
        608681,
        939735,
        1444683,
        1915665,
        2276136,
        2688010,
        3144656,
        3373584,
        3429437,
        3493808,
        3402374,
        3217670,
        3012320,
        2722720,
        2402002,
        2115802,
        1830830,
        1576401,
        1339658,
        1130015,
        929319,
        765421
    ],
    "system": {
        "dt": 0.04,
        "P0_coeff": 1,
        "h": 3.04438,
        "P0_term_hex": "c00",
        "name": "rect4x4_dt0p04_l25",
        "topology_repr": "[(1, 5), (1, 2), (2, 6), (2, 3), (3, 7), (3, 4), (4, 8), (5, 9), (5, 6), (6, 10), (6, 7), (7, 11), (7, 8), (8, 12), (9, 13), (9, 10), (10, 14), (10, 11), (11, 15), (11, 12), (12, 16), (13, 14), (14, 15), (15, 16)]",
        "P0_nqubits": 16,
        "n_layers": 25,
        "g": 0,
        "n_qubits": 16,
        "J": 1
    },
    "julia_version": "1.12.6",
    "n_dropped": [
        0,
        0,
        5568,
        615739,
        2964106,
        6276206,
        11858601,
        20683710,
        30033226,
        41805217,
        59060188,
        79217706,
        94739783,
        113415155,
        134571484,
        152212998,
        170228508,
        186040729,
        200235832,
        213521925,
        224921461,
        234095532,
        242234742,
        249529325,
        255026879,
        259360987
    ],
    "overlap_kept": [
        1,
        0.9704879152038246,
        0.8865172215885787,
        0.760005792525193,
        0.6059753559285549,
        0.43824917070477754,
        0.26709412189926646,
        0.09925384903149298,
        -0.06054301416875856,
        -0.20800633382274364,
        -0.33855389500721506,
        -0.44752459241778664,
        -0.5308686308588371,
        -0.58567483819296,
        -0.6102994728775669,
        -0.6043003443425662,
        -0.5684939144991523,
        -0.5051718741170654,
        -0.41826857873283263,
        -0.3131538695502224,
        -0.19597110406911722,
        -0.072910559684092,
        0.050154249571692455,
        0.16757318370210925,
        0.2735906149949474,
        0.3622042046365922
    ],
    "hit_any_weight": [
        0,
        0,
        2538,
        451254,
        2355425,
        5336471,
        10413918,
        18768045,
        27757090,
        39117207,
        55915532,
        75844122,
        91310346,
        109921347,
        131169110,
        148995328,
        167216188,
        183318009,
        197833830,
        211406123,
        223090631,
        232519131,
        240895084,
        248399310,
        254097560,
        258595566
    ],
    "drop_weight_only": [
        0,
        0,
        0,
        272,
        5152,
        30555,
        106757,
        272733,
        572232,
        1052429,
        1793281,
        2873091,
        4325746,
        6197263,
        8412089,
        11009024,
        13900509,
        17108725,
        20627333,
        24416513,
        28297394,
        32179926,
        36056131,
        39979168,
        44094540,
        48356980
    ],
    "hit_coeff": [
        0,
        0,
        5568,
        615467,
        2958954,
        6245651,
        11751844,
        20410977,
        29460994,
        40752788,
        57266907,
        76344615,
        90414037,
        107217892,
        126159395,
        141203974,
        156327999,
        168932004,
        179608499,
        189105412,
        196624067,
        201915606,
        206178611,
        209550157,
        210932339,
        211004007
    ],
    "drop_coeff_and_weight": [
        0,
        0,
        2538,
        450982,
        2350273,
        5305916,
        10307161,
        18495312,
        27184858,
        38064778,
        54122251,
        72971031,
        86984600,
        103724084,
        122757021,
        137986304,
        153315679,
        166209284,
        177206497,
        186989610,
        194793237,
        200339205,
        204838953,
        208420142,
        210003020,
        210238586
    ],
    "hit_z": [
        0,
        0,
        0,
        0,
        0,
        0,
        0,
        0,
        0,
        0,
        0,
        0,
        0,
        0,
        0,
        0,
        0,
        0,
        0,
        0,
        0,
        0,
        0,
        0,
        0,
        0
    ],
    "manifest_toml_sha256": "0bc8dd956e2d53dfc75dae382811cbae5159e33b4ab25664d941105fcfb60c81",
    "git_dirty": true,
    "experiment": "rect4x4_dt0p04_l25",
    "overlap_raw": [
        1,
        0.9704879152038246,
        0.8865172215885787,
        0.7600057514434938,
        0.605975439606601,
        0.43824979012800697,
        0.2670941450990921,
        0.09925416940710442,
        -0.060542578263413256,
        -0.20800591204091137,
        -0.3385528831249857,
        -0.4475234332105897,
        -0.5308672316684593,
        -0.5856738017999003,
        -0.6102982575259425,
        -0.6042999994251657,
        -0.5684936279120874,
        -0.505170958335195,
        -0.4182686457733327,
        -0.31315397062436373,
        -0.19597066713825909,
        -0.07291074248604533,
        0.05015399054627917,
        0.16757290994519494,
        0.2735909708399091,
        0.3622047019971062
    ],
    "overlap_dropped": [
        0,
        0,
        0,
        -4.108169920544728e-8,
        8.367804611018489e-8,
        6.194232294409207e-7,
        2.319982559101952e-8,
        3.2037561144113103e-7,
        4.359053453067229e-7,
        4.2178183227582456e-7,
        1.0118822293582113e-6,
        1.1592071969468739e-6,
        1.3991903778347364e-6,
        1.036393059683144e-6,
        1.215351624490011e-6,
        3.449174005156419e-7,
        2.865870649419717e-7,
        9.157818704628882e-7,
        -6.704050009519736e-8,
        -1.0107414131832788e-7,
        4.369308581417158e-7,
        -1.8280195331824477e-7,
        -2.590254132865438e-7,
        -2.7375691431570084e-7,
        3.558449616683099e-7,
        4.973605140104258e-7
    ],
    "rule": {
        "label": "xyz8_d1em08",
        "weight_period": 1,
        "family": "xyz+coeff",
        "tau_z": 0,
        "c_gate": 1.0e-16,
        "tau_xyz": 8,
        "tau_xy": 0,
        "rule_hash": "e2174875fa",
        "coeff_min": 1.0e-8
    },
    "n_kept": [
        1,
        17,
        1368,
        8729,
        31119,
        78044,
        168049,
        311246,
        508880,
        770389,
        1096205,
        1491961,
        1921592,
        2400887,
        2910361,
        3434049,
        3963763,
        4485060,
        4979271,
        5418213,
        5805999,
        6154487,
        6460403,
        6728522,
        6962194,
        7156741
    ],
    "hit_xyz": [
        0,
        0,
        2538,
        451254,
        2355425,
        5336471,
        10413918,
        18768045,
        27757090,
        39117207,
        55915532,
        75844122,
        91310346,
        109921347,
        131169110,
        148995328,
        167216188,
        183318009,
        197833830,
        211406123,
        223090631,
        232519131,
        240895084,
        248399310,
        254097560,
        258595566
    ],
    "git_commit": "unknown",
    "n_raw": [
        1,
        17,
        6936,
        624468,
        2995225,
        6354250,
        12026650,
        20994956,
        30542106,
        42575606,
        60156393,
        80709667,
        96661375,
        115816042,
        137481845,
        155647047,
        174192271,
        190525789,
        205215103,
        218940138,
        230727460,
        240250019,
        248695145,
        256257847,
        261989073,
        266517728
    ],