{
    "created_at": "2026-06-11T00:59:58.479",
    "n_complete": 25,
    "drop_coeff_only": [
        0,
        0,
        116,
        100,
        8,
        365,
        233,
        185,
        161,
        147,
        126,
        187,
        459,
        399,
        291,
        258,
        279,
        259,
        213,
        192,
        158,
        254,
        444,
        397,
        360,
        284
    ],
    "system": {
        "dt": 0.04,
        "P0_coeff": 1,
        "h": 3.04438,
        "P0_term_hex": "c00",
        "name": "rect4x4_dt0p04_l25",
        "topology_repr": "[(1, 5), (1, 2), (2, 6), (2, 3), (3, 7), (3, 4), (4, 8), (5, 9), (5, 6), (6, 10), (6, 7), (7, 11), (7, 8), (8, 12), (9, 13), (9, 10), (10, 14), (10, 11), (11, 15), (11, 12), (12, 16), (13, 14), (14, 15), (15, 16)]",
        "P0_nqubits": 16,
        "n_layers": 25,
        "g": 0,
        "n_qubits": 16,
        "J": 1
    },
    "julia_version": "1.12.6",
    "n_dropped": [
        0,
        5,
        1667,
        2849,
        2757,
        10907,
        10775,
        10727,
        10703,
        10689,
        10668,
        18483,
        26831,
        26771,
        26663,
        26630,
        26743,
        26723,
        26889,
        26868,
        27196,
        34354,
        37760,
        37713,
        38074,
        38386
    ],
    "overlap_kept": [
        1,
        0.9704879152038246,
        0.8865193255644536,
        0.760045888833504,
        0.6061492719710556,
        0.4384786740968595,
        0.2669585908906216,
        0.09710821424913335,
        -0.06715306902217873,
        -0.22080812664491115,
        -0.3564452515184998,
        -0.46530323483673885,
        -0.5399339576698748,
        -0.5772104864084294,
        -0.5798225232805919,
        -0.5544751413785268,
        -0.509376949232564,
        -0.4510472403898716,
        -0.3826114473263265,
        -0.30456763246939994,
        -0.21735748562196555,
        -0.12419015320224394,
        -0.03244921108647395,
        0.04724880672376493,
        0.10404161265275728,
        0.13053454281060664
    ],
    "hit_any_weight": [
        0,
        5,
        1551,
        2749,
        2749,
        10542,
        10542,
        10542,
        10542,
        10542,
        10542,
        18296,
        26372,
        26372,
        26372,
        26372,
        26464,
        26464,
        26676,
        26676,
        27038,
        34100,
        37316,
        37316,
        37714,
        38102
    ],
    "drop_weight_only": [
        0,
        4,
        55,
        217,
        464,
        563,
        865,
        1250,
        1692,
        2144,
        2552,
        3105,
        3706,
        3776,
        4220,
        4300,
        4692,
        4816,
        4456,
        4899,
        5438,
        5084,
        5468,
        5792,
        6166,
        7084
    ],
    "hit_coeff": [
        0,
        1,
        1612,
        2632,
        2293,
        10344,
        9910,
        9477,
        9011,
        8545,
        8116,
        15378,
        23125,
        22995,
        22443,
        22330,
        22051,
        21907,
        22433,
        21969,
        21758,
        29270,
        32292,
        31921,
        31908,
        31302
    ],
    "drop_coeff_and_weight": [
        0,
        1,
        1496,
        2532,
        2285,
        9979,
        9677,
        9292,
        8850,
        8398,
        7990,
        15191,
        22666,
        22596,
        22152,
        22072,
        21772,
        21648,
        22220,
        21777,
        21600,
        29016,
        31848,
        31524,
        31548,
        31018
    ],
    "hit_z": [
        0,
        0,
        0,
        0,
        0,
        0,
        0,
        0,
        0,
        0,
        0,
        0,
        0,
        0,
        0,
        0,
        0,
        0,
        0,
        0,
        0,
        0,
        0,
        0,
        0,
        0
    ],
    "manifest_toml_sha256": "0bc8dd956e2d53dfc75dae382811cbae5159e33b4ab25664d941105fcfb60c81",
    "git_dirty": true,
    "experiment": "rect4x4_dt0p04_l25",
    "overlap_raw": [
        1,
        0.9704879152038246,
        0.8865193255644536,
        0.760045888833504,
        0.6061492719710556,
        0.4386005012583385,
        0.2669585908906216,
        0.09710821424913335,
        -0.06715306902217873,
        -0.22080812664491115,
        -0.3564576017441444,
        -0.46530848433993377,
        -0.5399819340207567,
        -0.577348495424104,
        -0.5798225232805919,
        -0.5544751413785268,
        -0.509373785531315,
        -0.4510377492092397,
        -0.3826114473263265,
        -0.30456763246939994,
        -0.2173687071598641,
        -0.12421401803501343,
        -0.03246667929590451,
        0.04728796884855133,
        0.10416687857339102,
        0.13062491546495983
    ],
    "overlap_dropped": [
        0,
        0,
        0,
        0,
        0,
        0.00012182716147899041,
        0,
        0,
        0,
        0,
        -1.2350225644593385e-5,
        -5.249503194906501e-6,
        -4.797635088183909e-5,
        -0.00013800901567466583,
        0,
        0,
        3.1637012490900867e-6,
        9.491180631853954e-6,
        0,
        0,
        -1.122153789854769e-5,
        -2.386483276948527e-5,
        -1.746820943055906e-5,
        3.916212478640484e-5,
        0.0001252659206337389,
        9.037265435318219e-5
    ],
    "rule": {
        "label": "xyz4_d1em05",
        "weight_period": 1,
        "family": "xyz+coeff",
        "tau_z": 0,
        "c_gate": 1.0e-16,
        "tau_xyz": 4,
        "tau_xy": 0,
        "rule_hash": "71c2fe2289",
        "coeff_min": 1.0e-5
    },
    "n_kept": [
        1,
        12,
        68,
        102,
        194,
        194,
        326,
        374,
        398,
        412,
        433,
        530,
        554,
        618,
        726,
        759,
        759,
        779,
        837,
        858,
        926,
        966,
        1012,
        1059,
        1119,
        1207
    ],
    "hit_xyz": [
        0,
        5,
        1551,
        2749,
        2749,
        10542,
        10542,
        10542,
        10542,
        10542,
        10542,
        18296,
        26372,
        26372,
        26372,
        26372,
        26464,
        26464,
        26676,
        26676,
        27038,
        34100,
        37316,
        37316,
        37714,
        38102
    ],
    "git_commit": "unknown",
    "n_raw": [
        1,
        17,
        1735,
        2951,
        2951,
        11101,
        11101,
        11101,
        11101,
        11101,
        11101,
        19013,
        27385,
        27389,
        27389,
        27389,
        27502,
        27502,
        27726,
        27726,
        28122,
        35320,
        38772,
        38772,
        39193,
        39593
    ],
    "weight_second_moment_raw": [
        1,
        1.001485548853399,
        1.0125742587540665,
        1.045878197617686,
        1.1127263846618571,
        1.2175669106019689,
        1.354835951149948,
        1.5095783015680455,
        1.6615700527597608,
        1.7913277574747175,
        1.885773699649805,
        1.9416224300827085,
        1.9654928320492075,
        1.9709011451661849,
        1.9732894440103097,
        1.9848326874186537,
        2.010772737187445,
        2.048424444750555,
        2.0889949150961766,
        2.1213361511841424,
        2.1360927916498684,
        2.128642661901656,
        2.099793191896873,
        2.054207673241184,
        1.9975773684341978,
        1.9340969781469233
    ],