{
    "created_at": "2026-06-11T15:05:07.210",
    "n_complete": 25,
    "drop_coeff_only": [
        0,
        0,
        0,
        0,
        0,
        0,
        0,
        0,
        0,
        0,
        0,
        0,
        0,
        0,
        0,
        0,
        0,
        0,
        0,
        0,
        0,
        0,
        0,
        0,
        0,
        0
    ],
    "system": {
        "dt": 0.04,
        "P0_coeff": 1,
        "h": 3.04438,
        "P0_term_hex": "c00",
        "name": "rect4x4_dt0p04_l25",
        "topology_repr": "[(1, 5), (1, 2), (2, 6), (2, 3), (3, 7), (3, 4), (4, 8), (5, 9), (5, 6), (6, 10), (6, 7), (7, 11), (7, 8), (8, 12), (9, 13), (9, 10), (10, 14), (10, 11), (11, 15), (11, 12), (12, 16), (13, 14), (14, 15), (15, 16)]",
        "P0_nqubits": 16,
        "n_layers": 25,
        "g": 0,
        "n_qubits": 16,
        "J": 1
    },
    "julia_version": "1.12.6",
    "n_dropped": [
        0,
        0,
        0,
        512388,
        10076450,
        47744720,
        131399998,
        268458806,
        436037514,
        597412960,
        726349311,
        814964558,
        870241412,
        903532181,
        923489569,
        935545941,
        942988500,
        947695070,
        950777858,
        952885300,
        954366681,
        955444194,
        956243153,
        956843409,
        957294431,
        957645849
    ],
    "overlap_kept": [
        1,
        0.9704879152038246,
        0.8865172215885787,
        0.7600057417202594,
        0.60597551972698,
        0.43824989179298723,
        0.2670939255995341,
        0.09925336167479258,
        -0.06054157467361172,
        -0.20798375834075372,
        -0.3384321006051571,
        -0.4471061556749468,
        -0.529748221719616,
        -0.5831696742175049,
        -0.605422588166824,
        -0.5957369953042392,
        -0.5545088176430497,
        -0.48346647363801903,
        -0.3859056679591661,
        -0.2667902600466656,
        -0.13260306412030085,
        0.009035352563799738,
        0.14989624840058727,
        0.28174692182734473,
        0.39697909257139086,
        0.4892041368296351
    ],
    "hit_any_weight": [
        0,
        0,
        0,
        512388,
        10076450,
        47744720,
        131399998,
        268458806,
        436037514,
        597412960,
        726349311,
        814964558,
        870241412,
        903532181,
        923489569,
        935545941,
        942988500,
        947695070,
        950777858,
        952885300,
        954366681,
        955444194,
        956243153,
        956843409,
        957294431,
        957645849
    ],
    "drop_weight_only": [
        0,
        0,
        0,
        512388,
        10076450,
        47744720,
        131399998,
        268458806,
        436037514,
        597412960,
        726349311,
        814964558,
        870241412,
        903532181,
        923489569,
        935545941,
        942988500,
        947695070,
        950777858,
        952885300,
        954366681,
        955444194,
        956243153,
        956843409,
        957294431,
        957645849
    ],
    "hit_coeff": [
        0,
        0,
        0,
        0,
        0,
        0,
        0,
        0,
        0,
        0,
        0,
        0,
        0,
        0,
        0,
        0,
        0,
        0,
        0,
        0,
        0,
        0,
        0,
        0,
        0,
        0
    ],
    "drop_coeff_and_weight": [
        0,
        0,
        0,
        0,
        0,
        0,
        0,
        0,
        0,
        0,
        0,
        0,
        0,
        0,
        0,
        0,
        0,
        0,
        0,
        0,
        0,
        0,
        0,
        0,
        0,
        0
    ],
    "hit_z": [
        0,
        0,
        0,
        0,
        0,
        0,
        0,
        0,
        0,
        0,
        0,
        0,
        0,
        0,
        0,
        0,
        0,
        0,
        0,
        0,
        0,
        0,
        0,
        0,
        0,
        0
    ],
    "manifest_toml_sha256": "0bc8dd956e2d53dfc75dae382811cbae5159e33b4ab25664d941105fcfb60c81",
    "git_dirty": true,
    "experiment": "rect4x4_dt0p04_l25",
    "overlap_raw": [
        1,
        0.9704879152038246,
        0.8865172215885787,
        0.7600057417202594,
        0.60597551972698,
        0.43824989179298723,
        0.2670939255995341,
        0.09925336167479258,
        -0.06054157467361172,
        -0.20798375834075372,
        -0.3384321006051571,
        -0.4471061556749468,
        -0.529748221719616,
        -0.5831696742175049,
        -0.605422588166824,
        -0.5957369953042392,
        -0.5545088176430497,
        -0.48346647363801903,
        -0.3859056679591661,
        -0.2667902600466656,
        -0.13260306412030085,
        0.009035352563799738,
        0.14989624840058727,
        0.28174692182734473,
        0.39697909257139086,
        0.4892041368296351
    ],
    "overlap_dropped": [
        0,
        0,
        0,
        0,
        0,
        0,
        0,
        0,
        0,
        0,
        0,
        0,
        0,
        0,
        0,
        0,
        0,
        0,
        0,
        0,
        0,
        0,
        0,
        0,
        0,
        0
    ],
    "rule": {
        "label": "xy6_d0",
        "weight_period": 1,
        "family": "xy",
        "tau_z": 0,
        "c_gate": 1.0e-16,
        "tau_xyz": 0,
        "tau_xy": 6,
        "rule_hash": "70fac08421",
        "coeff_min": 0
    },
    "n_kept": [
        1,
        17,
        6936,
        973105,
        8163372,
        24474524,
        48841470,
        75353162,
        95879643,
        107202033,
        111503728,
        112591064,
        112775059,
        112799729,
        112803140,
        112803638,
        112803799,
        112803823,
        112803834,
        112803840,
        112803840,
        112803840,
        112803840,
        112803840,
        112803840,
        112803840
    ],
    "hit_xyz": [
        0,
        0,
        0,
        0,
        0,
        0,
        0,
        0,
        0,
        0,
        0,
        0,
        0,
        0,
        0,
        0,
        0,
        0,
        0,
        0,
        0,
        0,
        0,
        0,
        0,
        0
    ],
    "git_commit": "unknown",
    "n_raw": [
        1,
        17,
        6936,
        1485493,
        18239822,
        72219244,
        180241468,
        343811968,
        531917157,
        704614993,
        837853039,
        927555622,
        983016471,
        1016331910,
        1036292709,
        1048349579,
        1055792299,
        1060498893,
        1063581692,
        1065689140,
        1067170521,
        1068248034,
        1069046993,
        1069647249,
        1070098271,
        1070449689
    ],
    "weight_second_moment_raw": [
        1,
        1.001485548853399,
        1.0125748382677757,
        1.0459061501346545,
        1.1130213348640523,
        1.2191627929516777,
        1.360664840867409,
        1.5259230831142077,
        1.6993794755802702,
        1.8667784596088286,
        2.019596327084554,
        2.1570674010206763,
        2.28531632276918,
        2.414264424213803,
        2.553731317618877,
        2.710216279183221,
        2.885281641260099,
        3.075701390680503,
        3.2750158702741947,
        3.4758552727277485,
        3.672169623488602,
        3.8604673335986717,
        4.039602193609692,
        4.209413964531819,
        4.3691060573766025,
        4.516307737841286
    ],
    "hit_multiple_weight": [
        0,
        0,
        0,
        0,
        0,
        0,
        0,
        0,
        0,
        0,
        0,
        0,
        0,
        0,
        0,
        0,
        0,
        0,
        0,
        0,
        0,
        0,
        0,
        0,
        0,
        0
    ],