{
    "created_at": "2026-06-11T10:59:46.359",
    "n_complete": 25,
    "drop_coeff_only": [
        0,
        0,
        1202,
        57272,
        166947,
        299756,
        338639,
        428335,
        497691,
        517947,
        543018,
        558455,
        529546,
        508241,
        482495,
        435960,
        389197,
        345962,
        299833,
        263454,
        230279,
        200246,
        169674,
        140547,
        116270,
        95654
    ],
    "system": {
        "dt": 0.04,
        "P0_coeff": 1,
        "h": 3.04438,
        "P0_term_hex": "c00",
        "name": "rect4x4_dt0p04_l25",
        "topology_repr": "[(1, 5), (1, 2), (2, 6), (2, 3), (3, 7), (3, 4), (4, 8), (5, 9), (5, 6), (6, 10), (6, 7), (7, 11), (7, 8), (8, 12), (9, 13), (9, 10), (10, 14), (10, 11), (11, 15), (11, 12), (12, 16), (13, 14), (14, 15), (15, 16)]",
        "P0_nqubits": 16,
        "n_layers": 25,
        "g": 0,
        "n_qubits": 16,
        "J": 1
    },
    "julia_version": "1.12.6",
    "n_dropped": [
        0,
        0,
        5462,
        474483,
        1744785,
        4743613,
        6890406,
        10370794,
        16089142,
        21553112,
        26151025,
        32502329,
        39219074,
        46042659,
        52299684,
        57953918,
        62859200,
        67598824,
        72460067,
        76326454,
        79946785,
        83234117,
        85931255,
        88191443,
        90023086,
        91272611
    ],
    "overlap_kept": [
        1,
        0.9704879152038246,
        0.8865172215885787,
        0.7600057871607501,
        0.6059763098201932,
        0.43825510557688147,
        0.26711037147402367,
        0.09927982237077886,
        -0.06053938809134531,
        -0.2080992294743857,
        -0.33883378474451614,
        -0.44805855258094035,
        -0.5316800395277179,
        -0.586844845910594,
        -0.6122372481732123,
        -0.608036622109976,
        -0.5756362954110913,
        -0.517231233822004,
        -0.4354758857672883,
        -0.33347737030339575,
        -0.21519758315388487,
        -0.08598633429555179,
        0.04719254673996074,
        0.17609165163399693,
        0.2919996580396298,
        0.3868053095532258
    ],
    "hit_any_weight": [
        0,
        0,
        4260,
        417211,
        1577838,
        4443857,
        6551767,
        9942459,
        15591451,
        21035165,
        25608007,
        31943874,
        38689528,
        45534418,
        51817189,
        57517958,
        62470003,
        67252862,
        72160234,
        76063000,
        79716506,
        83033871,
        85761581,
        88050896,
        89906816,
        91176957
    ],
    "drop_weight_only": [
        0,
        0,
        350,
        7860,
        41082,
        121411,
        287068,
        560406,
        933004,
        1461884,
        2165725,
        3052437,
        4120789,
        5356834,
        6782043,
        8294977,
        9912474,
        11646735,
        13464632,
        15413924,
        17357963,
        19322132,
        21264372,
        23323742,
        25388671,
        27477601
    ],
    "hit_coeff": [
        0,
        0,
        5112,
        466623,
        1703703,
        4622202,
        6603338,
        9810388,
        15156138,
        20091228,
        23985300,
        29449892,
        35098285,
        40685825,
        45517641,
        49658941,
        52946726,
        55952089,
        58995435,
        60912530,
        62588822,
        63911985,
        64666883,
        64867701,
        64634415,
        63795010
    ],
    "drop_coeff_and_weight": [
        0,
        0,
        3910,
        409351,
        1536756,
        4322446,
        6264699,
        9382053,
        14658447,
        19573281,
        23442282,
        28891437,
        34568739,
        40177584,
        45035146,
        49222981,
        52557529,
        55606127,
        58695602,
        60649076,
        62358543,
        63711739,
        64497209,
        64727154,
        64518145,
        63699356
    ],
    "hit_z": [
        0,
        0,
        0,
        0,
        0,
        0,
        0,
        0,
        0,
        0,
        0,
        0,
        0,
        0,
        0,
        0,
        0,
        0,
        0,
        0,
        0,
        0,
        0,
        0,
        0,
        0
    ],
    "manifest_toml_sha256": "0bc8dd956e2d53dfc75dae382811cbae5159e33b4ab25664d941105fcfb60c81",
    "git_dirty": true,
    "experiment": "rect4x4_dt0p04_l25",
    "overlap_raw": [
        1,
        0.9704879152038246,
        0.8865172215885787,
        0.7600057836545302,
        0.6059763316522638,
        0.4382551248849009,
        0.26711039657179164,
        0.09927982668771318,
        -0.06053938936311222,
        -0.20809923259614796,
        -0.33883372859230604,
        -0.4480585187576124,
        -0.5316800558115014,
        -0.5868448600269471,
        -0.6122372473508911,
        -0.6080366483421132,
        -0.5756363270677655,
        -0.5172312370217373,
        -0.435475894466781,
        -0.3334773695338599,
        -0.2151975947401147,
        -0.08598635837359239,
        0.047192534213035105,
        0.17609164557722734,
        0.29199965369243486,
        0.3868053205347189
    ],
    "overlap_dropped": [
        0,
        0,
        0,
        -3.506219891659744e-9,
        2.1832070636174454e-8,
        1.9308019438406e-8,
        2.509776797649033e-8,
        4.316934326788226e-9,
        -1.2717669073368072e-9,
        -3.1217622531047385e-9,
        5.6152210101780544e-8,
        3.3823327955863135e-8,
        -1.628378341750621e-8,
        -1.411635309861671e-8,
        8.223212635363715e-10,
        -2.6232137266670248e-8,
        -3.1656674206064474e-8,
        -3.1997333716345263e-9,
        -8.69949268276877e-9,
        7.695358394569181e-10,
        -1.1586229842084305e-8,
        -2.4078040602579174e-8,
        -1.252692563888429e-8,
        -6.0567695784688785e-9,
        -4.347194946005544e-9,
        1.0981493123361232e-8
    ],
    "rule": {
        "label": "xyz7_d1em09",
        "weight_period": 1,
        "family": "xyz+coeff",
        "tau_z": 0,
        "c_gate": 1.0e-16,
        "tau_xyz": 7,
        "tau_xy": 0,
        "rule_hash": "fbc9b4f1eb",
        "coeff_min": 1.0e-9
    },
    "n_kept": [
        1,
        17,
        1474,
        13538,
        38635,
        78395,
        133499,
        205275,
        294999,
        387906,
        489380,
        600784,
        714315,
        825847,
        935780,
        1041484,
        1134902,
        1219570,
        1297108,
        1364158,
        1423520,
        1475692,
        1521928,
        1561602,
        1594060,
        1620037
    ],
    "hit_xyz": [
        0,
        0,
        4260,
        417211,
        1577838,
        4443857,
        6551767,
        9942459,
        15591451,
        21035165,
        25608007,
        31943874,
        38689528,
        45534418,
        51817189,
        57517958,
        62470003,
        67252862,
        72160234,
        76063000,
        79716506,
        83033871,
        85761581,
        88050896,
        89906816,
        91176957
    ],
    "git_commit": "unknown",
    "n_raw": [
        1,
        17,
        6936,
        488021,
        1783420,
        4822008,
        7023905,
        10576069,
        16384141,
        21941018,
        26640405,
        33103113,
        39933389,
        46868506,
        53235464,
        58995402,
        63994102,
        68818394,
        73757175,
        77690612,
        81370305,
        84709809,
        87453183,
        89753045,
        91617146,
        92892648
    ],