{
    "created_at": "2026-06-11T02:04:52.233",
    "n_complete": 25,
    "drop_coeff_only": [
        0,
        0,
        2286,
        32755,
        50540,
        114546,
        149440,
        175069,
        271050,
        311584,
        334385,
        421534,
        475970,
        520410,
        562880,
        580682,
        591237,
        617774,
        621624,
        603417,
        601269,
        600491,
        590829,
        564478,
        543785,
        516321
    ],
    "system": {
        "dt": 0.04,
        "P0_coeff": 1,
        "h": 3.04438,
        "P0_term_hex": "c00",
        "name": "rect4x4_dt0p04_l25",
        "topology_repr": "[(1, 5), (1, 2), (2, 6), (2, 3), (3, 7), (3, 4), (4, 8), (5, 9), (5, 6), (6, 10), (6, 7), (7, 11), (7, 8), (8, 12), (9, 13), (9, 10), (10, 14), (10, 11), (11, 15), (11, 12), (12, 16), (13, 14), (14, 15), (15, 16)]",
        "P0_nqubits": 16,
        "n_layers": 25,
        "g": 0,
        "n_qubits": 16,
        "J": 1
    },
    "julia_version": "1.12.6",
    "n_dropped": [
        0,
        0,
        6546,
        144060,
        363918,
        1090724,
        1450477,
        2018443,
        4114561,
        5826717,
        6598688,
        9085233,
        12438317,
        15649399,
        18817227,
        21943438,
        25184763,
        29230698,
        33230050,
        36430903,
        39723924,
        44477621,
        49448121,
        53329952,
        56968877,
        60390582
    ],
    "overlap_kept": [
        1,
        0.9704879152038246,
        0.8865172215885787,
        0.7599937032521179,
        0.6059668588366832,
        0.4382526008399451,
        0.2670972595270954,
        0.09926588419178982,
        -0.0605473583827661,
        -0.20813898407362194,
        -0.33893383937152904,
        -0.44818668095531744,
        -0.5317586794389463,
        -0.586919034058392,
        -0.6123919912105645,
        -0.6081335448436215,
        -0.5755613357119159,
        -0.5171111582983648,
        -0.4354893744370465,
        -0.33359557448588983,
        -0.21527437476698863,
        -0.08609564170337909,
        0.04696197991930047,
        0.17582766298551297,
        0.29191441496767906,
        0.3869205791606905
    ],
    "hit_any_weight": [
        0,
        0,
        4260,
        111305,
        313378,
        976178,
        1301037,
        1843374,
        3843511,
        5515133,
        6264303,
        8663699,
        11962347,
        15128989,
        18254347,
        21362756,
        24593526,
        28612924,
        32608426,
        35827486,
        39122655,
        43877130,
        48857292,
        52765474,
        56425092,
        59874261
    ],
    "drop_weight_only": [
        0,
        0,
        0,
        8,
        291,
        1904,
        7618,
        18278,
        35767,
        65458,
        105852,
        159564,
        248505,
        344032,
        464828,
        599235,
        758249,
        930801,
        1127709,
        1338167,
        1570062,
        1803658,
        2033978,
        2262620,
        2494394,
        2776873
    ],
    "hit_coeff": [
        0,
        0,
        6546,
        144052,
        363627,
        1088820,
        1442859,
        2000165,
        4078794,
        5761259,
        6492836,
        8925669,
        12189812,
        15305367,
        18352399,
        21344203,
        24426514,
        28299897,
        32102341,
        35092736,
        38153862,
        42673963,
        47414143,
        51067332,
        54474483,
        57613709
    ],
    "drop_coeff_and_weight": [
        0,
        0,
        4260,
        111297,
        313087,
        974274,
        1293419,
        1825096,
        3807744,
        5449675,
        6158451,
        8504135,
        11713842,
        14784957,
        17789519,
        20763521,
        23835277,
        27682123,
        31480717,
        34489319,
        37552593,
        42073472,
        46823314,
        50502854,
        53930698,
        57097388
    ],
    "hit_z": [
        0,
        0,
        0,
        0,
        0,
        0,
        0,
        0,
        0,
        0,
        0,
        0,
        0,
        0,
        0,
        0,
        0,
        0,
        0,
        0,
        0,
        0,
        0,
        0,
        0,
        0
    ],
    "manifest_toml_sha256": "0bc8dd956e2d53dfc75dae382811cbae5159e33b4ab25664d941105fcfb60c81",
    "git_dirty": true,
    "experiment": "rect4x4_dt0p04_l25",
    "overlap_raw": [
        1,
        0.9704879152038246,
        0.8865172215885787,
        0.7599993998928697,
        0.6059668588366832,
        0.43825777445984115,
        0.26709347986483023,
        0.09925755900254658,
        -0.0605310918962525,
        -0.208105758607062,
        -0.33891179477015365,
        -0.4481459718024048,
        -0.5317274313789602,
        -0.5869121333985406,
        -0.6123758187885073,
        -0.6081196846514161,
        -0.5755576930830865,
        -0.5171318341113772,
        -0.4355078500279403,
        -0.3335920130757707,
        -0.21527973130392314,
        -0.08608211069866706,
        0.04696150722922247,
        0.17585230364569598,
        0.29196005403433356,
        0.3869567027919323
    ],
    "overlap_dropped": [
        0,
        0,
        0,
        5.696640751828397e-6,
        0,
        5.173619896070463e-6,
        -3.7796622651842794e-6,
        -8.325189243235942e-6,
        1.6266486513601066e-5,
        3.322546655992373e-5,
        2.2044601375416422e-5,
        4.070915291265536e-5,
        3.124805998615514e-5,
        6.900659851358068e-6,
        1.617242205723299e-5,
        1.386019220537744e-5,
        3.642628829468474e-6,
        -2.0675813012377555e-5,
        -1.8475590893812038e-5,
        3.5614101191602284e-6,
        -5.35653693451152e-6,
        1.3531004712038993e-5,
        -4.726900780027506e-7,
        2.464066018300307e-5,
        4.563906665448962e-5,
        3.612363124179511e-5
    ],
    "rule": {
        "label": "xyz7_d1em06",
        "weight_period": 1,
        "family": "xyz+coeff",
        "tau_z": 0,
        "c_gate": 1.0e-16,
        "tau_xyz": 7,
        "tau_xy": 0,
        "rule_hash": "3804378557",
        "coeff_min": 1.0e-6
    },
    "n_kept": [
        1,
        17,
        390,
        1329,
        3688,
        7834,
        16072,
        28078,
        45635,
        65803,
        90843,
        120605,
        159382,
        205195,
        255134,
        309513,
        368673,
        431752,
        495899,
        562226,
        628076,
        693437,
        758366,
        827014,
        893983,
        959998
    ],
    "hit_xyz": [
        0,
        0,
        4260,
        111305,
        313378,
        976178,
        1301037,
        1843374,
        3843511,
        5515133,
        6264303,
        8663699,
        11962347,
        15128989,
        18254347,
        21362756,
        24593526,
        28612924,
        32608426,
        35827486,
        39122655,
        43877130,
        48857292,
        52765474,
        56425092,
        59874261
    ],
    "git_commit": "unknown",
    "n_raw": [
        1,
        17,
        6936,
        145389,
        367606,
        1098558,
        1466549,
        2046521,
        4160196,
        5892520,
        6689531,
        9205838,
        12597699,
        15854594,
        19072361,
        22252951,
        25553436,
        29662450,
        33725949,
        36993129,
        40352000,
        45171058,
        50206487,
        54156966,
        57862860,
        61350580
    ],