{
    "created_at": "2026-06-11T03:16:29.229",
    "n_complete": 25,
    "drop_coeff_only": [
        0,
        0,
        6546,
        144052,
        490362,
        1521152,
        4143493,
        7910358,
        15310613,
        25559102,
        39726393,
        60736656,
        83624278,
        107415715,
        131548644,
        155298374,
        175070665,
        190843164,
        200505729,
        206263420,
        206470949,
        203968515,
        199062043,
        192426998,
        184316673,
        175258429
    ],
    "system": {
        "dt": 0.04,
        "P0_coeff": 1,
        "h": 3.04438,
        "P0_term_hex": "c00",
        "name": "rect4x4_dt0p04_l25",
        "topology_repr": "[(1, 5), (1, 2), (2, 6), (2, 3), (3, 7), (3, 4), (4, 8), (5, 9), (5, 6), (6, 10), (6, 7), (7, 11), (7, 8), (8, 12), (9, 13), (9, 10), (10, 14), (10, 11), (11, 15), (11, 12), (12, 16), (13, 14), (14, 15), (15, 16)]",
        "P0_nqubits": 16,
        "n_layers": 25,
        "g": 0,
        "n_qubits": 16,
        "J": 1
    },
    "julia_version": "1.12.6",
    "n_dropped": [
        0,
        0,
        6546,
        144052,
        496216,
        1619945,
        4697004,
        10577033,
        22523500,
        42433024,
        78197498,
        137490885,
        213821122,
        305637418,
        403194519,
        515543027,
        624467278,
        722336841,
        796558898,
        860412277,
        901475239,
        934450676,
        958497393,
        971643388,
        977946980,
        977958553
    ],
    "overlap_kept": [
        1,
        0.9704879152038246,
        0.8865172215885787,
        0.7599937032521179,
        0.6059668588366832,
        0.4382526268368665,
        0.2670753773291673,
        0.09923347881257037,
        -0.060578963188358856,
        -0.20805735339476303,
        -0.3386749364931546,
        -0.44770441124153404,
        -0.5310451115835367,
        -0.5856424562567162,
        -0.6098387940549085,
        -0.6032212260588227,
        -0.5655578104610613,
        -0.4982575320757104,
        -0.405383742664211,
        -0.29168266475501664,
        -0.16312352912850434,
        -0.027920618758994663,
        0.10597628679813823,
        0.23147059069533893,
        0.34216859133027133,
        0.4325480552492105
    ],
    "hit_any_weight": [
        0,
        0,
        0,
        0,
        5854,
        98793,
        553511,
        2666675,
        7212887,
        16873922,
        38471105,
        76754229,
        130196844,
        198221703,
        271645875,
        360244653,
        449396613,
        531493677,
        596053169,
        654148857,
        695004290,
        730482161,
        759435350,
        779216390,
        793630307,
        802700124
    ],
    "drop_weight_only": [
        0,
        0,
        0,
        0,
        0,
        0,
        8,
        345,
        3292,
        14350,
        46203,
        117231,
        257824,
        508009,
        909242,
        1510446,
        2384429,
        3668147,
        5424183,
        7685783,
        10493521,
        13917084,
        18023491,
        22897490,
        28512726,
        34802812
    ],
    "hit_coeff": [
        0,
        0,
        6546,
        144052,
        496216,
        1619945,
        4696996,
        10576688,
        22520208,
        42418674,
        78151295,
        137373654,
        213563298,
        305129409,
        402285277,
        514032581,
        622082849,
        718668694,
        791134715,
        852726494,
        890981718,
        920533592,
        940473902,
        948745898,
        949434254,
        943155741
    ],
    "drop_coeff_and_weight": [
        0,
        0,
        0,
        0,
        5854,
        98793,
        553503,
        2666330,
        7209595,
        16859572,
        38424902,
        76636998,
        129939020,
        197713694,
        270736633,
        358734207,
        447012184,
        527825530,
        590628986,
        646463074,
        684510769,
        716565077,
        741411859,
        756318900,
        765117581,
        767897312
    ],
    "hit_z": [
        0,
        0,
        0,
        0,
        0,
        0,
        0,
        0,
        0,
        0,
        0,
        0,
        0,
        0,
        0,
        0,
        0,
        0,
        0,
        0,
        0,
        0,
        0,
        0,
        0,
        0
    ],
    "manifest_toml_sha256": "0bc8dd956e2d53dfc75dae382811cbae5159e33b4ab25664d941105fcfb60c81",
    "git_dirty": true,
    "experiment": "rect4x4_dt0p04_l25",
    "overlap_raw": [
        1,
        0.9704879152038246,
        0.8865172215885787,
        0.7599993998928697,
        0.6059661329907419,
        0.4382516558806535,
        0.2670754543673212,
        0.09923499248809395,
        -0.060524995112230084,
        -0.20802892499514014,
        -0.33861094161944444,
        -0.4475920413505649,
        -0.5309026369019685,
        -0.5855752085906933,
        -0.6098605664639127,
        -0.6032240454552111,
        -0.5655040513782026,
        -0.4982296003118329,
        -0.40542395548095056,
        -0.29165950326196416,
        -0.1630912876839527,
        -0.027829006972895757,
        0.10598158203553909,
        0.23150927028203727,
        0.3422639964518718,
        0.4326168707641885
    ],
    "overlap_dropped": [
        0,
        0,
        0,
        5.696640751828397e-6,
        -7.25845941375926e-7,
        -9.70956212971839e-7,
        7.703815389038295e-8,
        1.5136755235758003e-6,
        5.396807612877424e-5,
        2.842839962289706e-5,
        6.399487371017587e-5,
        0.00011236989096914928,
        0.0001424746815682105,
        6.724766602288382e-5,
        -2.1772409004287454e-5,
        -2.8193963884185275e-6,
        5.3759082858754287e-5,
        2.7931763877493036e-5,
        -4.021281673952714e-5,
        2.316149305247063e-5,
        3.224144455163941e-5,
        9.161178609890593e-5,
        5.295237400866641e-6,
        3.867958669833511e-5,
        9.540512160043853e-5,
        6.881551497800358e-5
    ],
    "rule": {
        "label": "xy7_d1em06",
        "weight_period": 1,
        "family": "xy+coeff",
        "tau_z": 0,
        "c_gate": 1.0e-16,
        "tau_xyz": 0,
        "tau_xy": 7,
        "rule_hash": "719c312286",
        "coeff_min": 1.0e-6
    },
    "n_kept": [
        1,
        17,
        390,
        1337,
        3977,
        10022,
        27151,
        64416,
        136282,
        268352,
        493834,
        861654,
        1488734,
        2435260,
        3782568,
        5596600,
        7994380,
        11131053,
        15193371,
        20263028,
        26299890,
        33203590,
        40865271,
        49236944,
        58275931,
        67911822
    ],
    "hit_xyz": [
        0,
        0,
        0,
        0,
        0,
        0,
        0,
        0,
        0,
        0,
        0,
        0,
        0,
        0,
        0,
        0,
        0,
        0,
        0,
        0,
        0,
        0,
        0,
        0,
        0,
        0
    ],
    "git_commit": "unknown",
    "n_raw": [
        1,
        17,
        6936,
        145389,
        500193,
        1629967,
        4724155,
        10641449,
        22659782,
        42701376,
        78691332,
        138352539,
        215309856,
        308072678,
        406977087,
        521139627,
        632461658,
        733467894,
        811752269,
        880675305,
        927775129,
        967654266,
        999362664,
        1020880332,
        1036222911,
        1045870375
    ],