{
    "created_at": "2026-06-11T00:59:58.495",
    "n_complete": 25,
    "drop_coeff_only": [
        0,
        1,
        900,
        5204,
        11905,
        12040,
        16346,
        23627,
        26599,
        38396,
        42620,
        42742,
        46172,
        60648,
        63995,
        61071,
        65030,
        71070,
        72643,
        76193,
        80137,
        80549,
        80276,
        76398,
        75032,
        74467
    ],
    "system": {
        "dt": 0.04,
        "P0_coeff": 1,
        "h": 3.04438,
        "P0_term_hex": "c00",
        "name": "rect4x4_dt0p04_l25",
        "topology_repr": "[(1, 5), (1, 2), (2, 6), (2, 3), (3, 7), (3, 4), (4, 8), (5, 9), (5, 6), (6, 10), (6, 7), (7, 11), (7, 8), (8, 12), (9, 13), (9, 10), (10, 14), (10, 11), (11, 15), (11, 12), (12, 16), (13, 14), (14, 15), (15, 16)]",
        "P0_nqubits": 16,
        "n_layers": 25,
        "g": 0,
        "n_qubits": 16,
        "J": 1
    },
    "julia_version": "1.12.6",
    "n_dropped": [
        0,
        1,
        3132,
        28704,
        112723,
        140758,
        235324,
        367459,
        482952,
        817037,
        1012686,
        1166456,
        1283704,
        2068669,
        2489183,
        2746639,
        3024522,
        3677290,
        4141297,
        4687160,
        5359561,
        5859557,
        6548315,
        6798071,
        7458801,
        7841382
    ],
    "overlap_kept": [
        1,
        0.9704879152038246,
        0.8865193255644536,
        0.7599969684040517,
        0.6058380517237509,
        0.43801625369702796,
        0.26704258097933853,
        0.09919355502143375,
        -0.06090375351520023,
        -0.20859518391885062,
        -0.33916912234825847,
        -0.4485399547869044,
        -0.5330207735125778,
        -0.5893514600268516,
        -0.6156827554566978,
        -0.6111636876723673,
        -0.5758295090161718,
        -0.5103085847624393,
        -0.41339273767855034,
        -0.2881472907052556,
        -0.14453885658758162,
        0.0055791810834815185,
        0.15248920665358515,
        0.28746673371790515,
        0.40335629072741747,
        0.49407646332748845
    ],
    "hit_any_weight": [
        0,
        0,
        2232,
        23500,
        100818,
        128718,
        218978,
        343832,
        456353,
        778641,
        970066,
        1123714,
        1237532,
        2008021,
        2425188,
        2685568,
        2959492,
        3606220,
        4068654,
        4610967,
        5279424,
        5779008,
        6468039,
        6721673,
        7383769,
        7766915
    ],
    "drop_weight_only": [
        0,
        0,
        0,
        10,
        184,
        685,
        2311,
        4025,
        7220,
        11131,
        17472,
        24683,
        33461,
        44575,
        58444,
        72592,
        88129,
        104598,
        121905,
        141743,
        160667,
        179394,
        198206,
        212088,
        226445,
        247566
    ],
    "hit_coeff": [
        0,
        1,
        3132,
        28694,
        112539,
        140073,
        233013,
        363434,
        475732,
        805906,
        995214,
        1141773,
        1250243,
        2024094,
        2430739,
        2674047,
        2936393,
        3572692,
        4019392,
        4545417,
        5198894,
        5680163,
        6350109,
        6585983,
        7232356,
        7593816
    ],
    "drop_coeff_and_weight": [
        0,
        0,
        2232,
        23490,
        100634,
        128033,
        216667,
        339807,
        449133,
        767510,
        952594,
        1099031,
        1204071,
        1963446,
        2366744,
        2612976,
        2871363,
        3501622,
        3946749,
        4469224,
        5118757,
        5599614,
        6269833,
        6509585,
        7157324,
        7519349
    ],
    "hit_z": [
        0,
        0,
        0,
        0,
        0,
        0,
        0,
        0,
        0,
        0,
        0,
        0,
        0,
        0,
        0,
        0,
        0,
        0,
        0,
        0,
        0,
        0,
        0,
        0,
        0,
        0
    ],
    "manifest_toml_sha256": "0bc8dd956e2d53dfc75dae382811cbae5159e33b4ab25664d941105fcfb60c81",
    "git_dirty": true,
    "experiment": "rect4x4_dt0p04_l25",
    "overlap_raw": [
        1,
        0.9704879152038246,
        0.8865193255644536,
        0.7599969684040517,
        0.6058843758648814,
        0.4381487816652984,
        0.26706475276319475,
        0.09927871645996766,
        -0.06071481195114662,
        -0.20834363068457,
        -0.3391196935115192,
        -0.4486806640786964,
        -0.5330957367226835,
        -0.5893678013220887,
        -0.6155179139343931,
        -0.6111351989414943,
        -0.5761160989440587,
        -0.5101847304026049,
        -0.41343279523656606,
        -0.2885692725538375,
        -0.14469967667134653,
        0.005530340826590142,
        0.15206392566092747,
        0.2873001323993303,
        0.40322432474518743,
        0.49396578850369754
    ],
    "overlap_dropped": [
        0,
        0,
        0,
        0,
        4.632414113044228e-5,
        0.0001325279682704727,
        2.2171783856208747e-5,
        8.516143853391454e-5,
        0.00018894156405360553,
        0.00025155323428059813,
        4.9428836739240024e-5,
        -0.0001407092917919929,
        -7.496321010571479e-5,
        -1.634129523713492e-5,
        0.00016484152230472602,
        2.8488730873012206e-5,
        -0.00028658992788693755,
        0.00012385435983440778,
        -4.005755801571158e-5,
        -0.0004219818485819275,
        -0.0001608200837649047,
        -4.884025689137632e-5,
        -0.0004252809926576701,
        -0.00016660131857487628,
        -0.00013196598223004898,
        -0.0001106748237909272
    ],
    "rule": {
        "label": "xyz6_d1em05",
        "weight_period": 1,
        "family": "xyz+coeff",
        "tau_z": 0,
        "c_gate": 1.0e-16,
        "tau_xyz": 6,
        "tau_xy": 0,
        "rule_hash": "f115d8fc83",
        "coeff_min": 1.0e-5
    },
    "n_kept": [
        1,
        16,
        139,
        440,
        977,
        2066,
        3234,
        5054,
        7565,
        10255,
        13793,
        17106,
        20904,
        25518,
        31275,
        37460,
        44557,
        51346,
        58303,
        66323,
        74191,
        81822,
        88796,
        96089,
        104179,
        112368
    ],
    "hit_xyz": [
        0,
        0,
        2232,
        23500,
        100818,
        128718,
        218978,
        343832,
        456353,
        778641,
        970066,
        1123714,
        1237532,
        2008021,
        2425188,
        2685568,
        2959492,
        3606220,
        4068654,
        4610967,
        5279424,
        5779008,
        6468039,
        6721673,
        7383769,
        7766915
    ],
    "git_commit": "unknown",
    "n_raw": [
        1,
        17,
        3271,
        29144,
        113700,
        142824,
        238558,
        372513,
        490517,
        827292,
        1026479,
        1183562,
        1304608,
        2094187,
        2520458,
        2784099,
        3069079,
        3728636,
        4199600,
        4753483,
        5433752,
        5941379,
        6637111,
        6894160,
        7562980,
        7953750
    ],