{
    "created_at": "2026-06-11T04:52:24.015",
    "n_complete": 25,
    "drop_coeff_only": [
        0,
        0,
        3170,
        72027,
        164960,
        437793,
        641972,
        991561,
        1592366,
        2188212,
        2873598,
        3761573,
        4718032,
        5317428,
        5963088,
        6535311,
        7011712,
        7064253,
        7191060,
        7078193,
        6818597,
        6540035,
        6158152,
        5740372,
        5326038,
        4897285
    ],
    "system": {
        "dt": 0.04,
        "P0_coeff": 1,
        "h": 3.04438,
        "P0_term_hex": "c00",
        "name": "rect4x4_dt0p04_l25",
        "topology_repr": "[(1, 5), (1, 2), (2, 6), (2, 3), (3, 7), (3, 4), (4, 8), (5, 9), (5, 6), (6, 10), (6, 7), (7, 11), (7, 8), (8, 12), (9, 13), (9, 10), (10, 14), (10, 11), (11, 15), (11, 12), (12, 16), (13, 14), (14, 15), (15, 16)]",
        "P0_nqubits": 16,
        "n_layers": 25,
        "g": 0,
        "n_qubits": 16,
        "J": 1
    },
    "julia_version": "1.12.6",
    "n_dropped": [
        0,
        0,
        6242,
        340832,
        1518975,
        4679872,
        9468380,
        19318612,
        39409255,
        65492655,
        105375909,
        156468544,
        222716578,
        292575753,
        377924314,
        462240752,
        544168264,
        618471964,
        686021865,
        750957837,
        800406344,
        845770763,
        882069917,
        910088453,
        933733418,
        952973717
    ],
    "overlap_kept": [
        1,
        0.9704879152038246,
        0.8865172215885787,
        0.7600057874798419,
        0.6059756508521676,
        0.4382398249216855,
        0.267025558911776,
        0.09893366689362665,
        -0.061793558782667846,
        -0.21178291196998847,
        -0.3478013416374231,
        -0.46707482786891846,
        -0.5675540013507484,
        -0.6480690791593655,
        -0.7085697414542871,
        -0.7495762630808789,
        -0.7716663025164346,
        -0.7754234766501665,
        -0.7615790653944001,
        -0.7307841604338572,
        -0.6834838568286334,
        -0.6202829452463319,
        -0.5423545386978467,
        -0.45182417829313576,
        -0.3519745147542924,
        -0.2470373958326676
    ],
    "hit_any_weight": [
        0,
        0,
        3072,
        268805,
        1354015,
        4242079,
        8826408,
        18327051,
        37816889,
        63304443,
        102502311,
        152706971,
        217998546,
        287258325,
        371961226,
        455705441,
        537156552,
        611407711,
        678830805,
        743879644,
        793587747,
        839230728,
        875911765,
        904348081,
        928407380,
        948076432
    ],
    "drop_weight_only": [
        0,
        0,
        38,
        686,
        4354,
        14334,
        36185,
        81712,
        169033,
        311176,
        538426,
        883793,
        1387866,
        2091291,
        3029062,
        4258396,
        5782448,
        7644484,
        9828571,
        12347270,
        15213814,
        18403590,
        21911597,
        25672689,
        29621915,
        33674699
    ],
    "hit_coeff": [
        0,
        0,
        6204,
        340146,
        1514621,
        4665538,
        9432195,
        19236900,
        39240222,
        65181479,
        104837483,
        155584751,
        221328712,
        290484462,
        374895252,
        457982356,
        538385816,
        610827480,
        676193294,
        738610567,
        785192530,
        827367173,
        860158320,
        884415764,
        904111503,
        919299018
    ],
    "drop_coeff_and_weight": [
        0,
        0,
        3034,
        268119,
        1349661,
        4227745,
        8790223,
        18245339,
        37647856,
        62993267,
        101963885,
        151823178,
        216610680,
        285167034,
        368932164,
        451447045,
        531374104,
        603763227,
        669002234,
        731532374,
        778373933,
        820827138,
        854000168,
        878675392,
        898785465,
        914401733
    ],
    "hit_z": [
        0,
        0,
        0,
        0,
        0,
        0,
        0,
        0,
        0,
        0,
        0,
        0,
        0,
        0,
        0,
        0,
        0,
        0,
        0,
        0,
        0,
        0,
        0,
        0,
        0,
        0
    ],
    "manifest_toml_sha256": "0bc8dd956e2d53dfc75dae382811cbae5159e33b4ab25664d941105fcfb60c81",
    "git_dirty": true,
    "experiment": "rect4x4_dt0p04_l25",
    "overlap_raw": [
        1,
        0.9704879152038246,
        0.8865172215885787,
        0.7600057422946359,
        0.6059764001696684,
        0.4382409800160653,
        0.2670335262031718,
        0.09893275105424985,
        -0.06179293283152757,
        -0.2117633637885683,
        -0.3477934549635898,
        -0.46706952317001094,
        -0.5675361323977132,
        -0.6480574942859237,
        -0.7085526442551233,
        -0.7495750322362786,
        -0.7716622258244307,
        -0.7754167256006522,
        -0.7615702911104479,
        -0.73077781716875,
        -0.6834828456845111,
        -0.6202646202074001,
        -0.5423246232656141,
        -0.4517987300012398,
        -0.35195494401308963,
        -0.24701157954940686
    ],
    "overlap_dropped": [
        0,
        0,
        0,
        -4.518520599323655e-8,
        7.493175006639465e-7,
        1.1550943798225738e-6,
        7.967291395814579e-6,
        -9.158393767996914e-7,
        6.259511402771491e-7,
        1.954818142015697e-5,
        7.886673833287047e-6,
        5.304698907536456e-6,
        1.7868953035293284e-5,
        1.1584873441738862e-5,
        1.7097199163754725e-5,
        1.2308446002560006e-6,
        4.076692004007897e-6,
        6.751049514363069e-6,
        8.774283952131484e-6,
        6.343265107192312e-6,
        1.011144122344963e-6,
        1.8325038931771084e-5,
        2.9915432232508548e-5,
        2.5448291895920376e-5,
        1.9570741202805106e-5,
        2.581628326073818e-5
    ],
    "rule": {
        "label": "xy4_d1em07",
        "weight_period": 1,
        "family": "xy+coeff",
        "tau_z": 0,
        "c_gate": 1.0e-16,
        "tau_xyz": 0,
        "tau_xy": 4,
        "rule_hash": "3304ff802a",
        "coeff_min": 1.0e-7
    },
    "n_kept": [
        1,
        17,
        694,
        2725,
        7272,
        16802,
        34541,
        64260,
        110565,
        183168,
        288929,
        432181,
        620394,
        854212,
        1143536,
        1480692,
        1873782,
        2306641,
        2784875,
        3292368,
        3818523,
        4355774,
        4892860,
        5422422,
        5929243,
        6412451
    ],
    "hit_xyz": [
        0,
        0,
        0,
        0,
        0,
        0,
        0,
        0,
        0,
        0,
        0,
        0,
        0,
        0,
        0,
        0,
        0,
        0,
        0,
        0,
        0,
        0,
        0,
        0,
        0,
        0
    ],
    "git_commit": "unknown",
    "n_raw": [
        1,
        17,
        6936,
        343557,
        1526247,
        4696674,
        9502921,
        19382872,
        39519820,
        65675823,
        105664838,
        156900725,
        223336972,
        293429965,
        379067850,
        463721444,
        546042046,
        620778605,
        688806740,
        754250205,
        804224867,
        850126537,
        886962777,
        915510875,
        939662661,
        959386168
    ],