{
    "created_at": "2026-06-11T09:30:16.725",
    "n_complete": 25,
    "drop_coeff_only": [
        0,
        0,
        110,
        8,
        474,
        288,
        264,
        224,
        184,
        372,
        908,
        700,
        552,
        468,
        504,
        460,
        624,
        676,
        584,
        508,
        852,
        736,
        736,
        576,
        420,
        404
    ],
    "system": {
        "dt": 0.04,
        "P0_coeff": 1,
        "h": 3.04438,
        "P0_term_hex": "3000000",
        "name": "rect5x5_dt0p04_l25",
        "topology_repr": "[(1, 6), (1, 2), (2, 7), (2, 3), (3, 8), (3, 4), (4, 9), (4, 5), (5, 10), (6, 11), (6, 7), (7, 12), (7, 8), (8, 13), (8, 9), (9, 14), (9, 10), (10, 15), (11, 16), (11, 12), (12, 17), (12, 13), (13, 18), (13, 14), (14, 19), (14, 15), (15, 20), (16, 21), (16, 17), (17, 22), (17, 18), (18, 23), (18, 19), (19, 24), (19, 20), (20, 25), (21, 22), (22, 23), (23, 24), (24, 25)]",
        "P0_nqubits": 25,
        "n_layers": 25,
        "g": 0,
        "n_qubits": 25,
        "J": 1
    },
    "julia_version": "1.12.6",
    "n_dropped": [
        0,
        5,
        2937,
        5375,
        29523,
        29337,
        29313,
        29273,
        29233,
        64645,
        98405,
        98225,
        98093,
        98009,
        98413,
        98369,
        102621,
        105329,
        106601,
        150365,
        157681,
        157653,
        158325,
        157409,
        165145,
        171225
    ],
    "overlap_kept": [
        1,
        0.9704879152038246,
        0.8865193255644533,
        0.7600469751276849,
        0.6061974879976424,
        0.43874126612887887,
        0.2673776230733239,
        0.09785113173776597,
        -0.06580505860750394,
        -0.21862166054226873,
        -0.3534477312871036,
        -0.4619539381681028,
        -0.5373096420748894,
        -0.5767157469680123,
        -0.5825596273836112,
        -0.5612274475658201,
        -0.5202660877143956,
        -0.46545098822707537,
        -0.39941577730440125,
        -0.32242934687782926,
        -0.2349406350738286,
        -0.14032251548677216,
        -0.046121495351829314,
        0.03695876021458697,
        0.09807046712483249,
        0.12944663279437
    ],
    "hit_any_weight": [
        0,
        5,
        2827,
        5367,
        29049,
        29049,
        29049,
        29049,
        29049,
        64273,
        97497,
        97525,
        97541,
        97541,
        97909,
        97909,
        101997,
        104653,
        106017,
        149857,
        156829,
        156917,
        157589,
        156833,
        164725,
        170821
    ],
    "drop_weight_only": [
        0,
        5,
        265,
        703,
        1567,
        1811,
        3301,
        4123,
        6391,
        6799,
        7727,
        10433,
        12509,
        14329,
        15777,
        15917,
        17829,
        17797,
        16947,
        20553,
        20761,
        20487,
        24523,
        25667,
        26741,
        31865
    ],
    "hit_coeff": [
        0,
        0,
        2672,
        4672,
        27956,
        27526,
        26012,
        25150,
        22842,
        57846,
        90678,
        87792,
        85584,
        83680,
        82636,
        82452,
        84792,
        87532,
        89654,
        129812,
        136920,
        137166,
        133802,
        131742,
        138404,
        139360
    ],
    "drop_coeff_and_weight": [
        0,
        0,
        2562,
        4664,
        27482,
        27238,
        25748,
        24926,
        22658,
        57474,
        89770,
        87092,
        85032,
        83212,
        82132,
        81992,
        84168,
        86856,
        89070,
        129304,
        136068,
        136430,
        133066,
        131166,
        137984,
        138956
    ],
    "hit_z": [
        0,
        0,
        0,
        0,
        0,
        0,
        0,
        0,
        0,
        0,
        0,
        0,
        0,
        0,
        0,
        0,
        0,
        0,
        0,
        0,
        0,
        0,
        0,
        0,
        0,
        0
    ],
    "manifest_toml_sha256": "0bc8dd956e2d53dfc75dae382811cbae5159e33b4ab25664d941105fcfb60c81",
    "git_dirty": true,
    "experiment": "rect5x5_dt0p04_l25",
    "overlap_raw": [
        1,
        0.9704879152038246,
        0.8865193255644533,
        0.7600469751276849,
        0.6061974879976424,
        0.43874126612887887,
        0.2673776230733239,
        0.09785113173776597,
        -0.06580505860750394,
        -0.2186234730298162,
        -0.35345746410257717,
        -0.4619761610660665,
        -0.5373096420748894,
        -0.5767157469680123,
        -0.5825578666969792,
        -0.5612274475658201,
        -0.5202704822722435,
        -0.4654678081121717,
        -0.3994228544733369,
        -0.32242934687782926,
        -0.234952710605972,
        -0.1403511537930404,
        -0.04614347524221941,
        0.03697213406313605,
        0.09806731102253481,
        0.12944663279437
    ],
    "overlap_dropped": [
        0,
        0,
        0,
        0,
        0,
        0,
        0,
        0,
        0,
        -1.8124875474573445e-6,
        -9.732815473534368e-6,
        -2.2222897963679906e-5,
        0,
        0,
        1.7606866320785447e-6,
        0,
        -4.394557847824307e-6,
        -1.6819885096351052e-5,
        -7.077168935678856e-6,
        0,
        -1.2075532143424881e-5,
        -2.8638306268237682e-5,
        -2.197989039009268e-5,
        1.337384854907761e-5,
        -3.156102297677622e-6,
        0
    ],
    "rule": {
        "label": "xyz4_d1em06",
        "weight_period": 1,
        "family": "xyz+coeff",
        "tau_z": 0,
        "c_gate": 1.0e-16,
        "tau_xyz": 4,
        "tau_xy": 0,
        "rule_hash": "699b1de29b",
        "coeff_min": 1.0e-6
    },
    "n_kept": [
        1,
        12,
        94,
        216,
        260,
        446,
        470,
        510,
        550,
        666,
        770,
        978,
        1126,
        1210,
        1258,
        1302,
        1322,
        1406,
        1654,
        1882,
        2070,
        2246,
        2286,
        2434,
        2634,
        2698
    ],
    "hit_xyz": [
        0,
        5,
        2827,
        5367,
        29049,
        29049,
        29049,
        29049,
        29049,
        64273,
        97497,
        97525,
        97541,
        97541,
        97909,
        97909,
        101997,
        104653,
        106017,
        149857,
        156829,
        156917,
        157589,
        156833,
        164725,
        170821
    ],
    "git_commit": "unknown",
    "n_raw": [
        1,
        17,
        3031,
        5591,
        29783,
        29783,
        29783,
        29783,
        29783,
        65311,
        99175,
        99203,
        99219,
        99219,
        99671,
        99671,
        103943,
        106735,
        108255,
        152247,
        159751,
        159899,
        160611,
        159843,
        167779,
        173923
    ],
    "weight_second_moment_raw": [
        1,
        1.0014855488533987,
        1.0125745345773982,
        1.0458850900856795,
        1.1127798742202917,
        1.217798735964901,
        1.355527238105874,
        1.5111475877914669,
        1.6644324803896724,
        1.795628666345509,
        1.891073836053922,
        1.9466534882200985,
        1.9681004221093574,
        1.968260235807525,
        1.962415282321437,
        1.9633033707067786,
        1.9774408617971018,
        2.0038044927925336,
        2.035075249597869,
        2.0608028912742142,
        2.0712496795666713,
        2.0604798294986906,
        2.0275943061469452,
        1.9758445986173951,
        1.9103710123830717,
        1.8359327430663694
    ],