{
    "created_at": "2026-06-11T07:50:17.672",
    "n_complete": 25,
    "drop_coeff_only": [
        0,
        0,
        2663,
        90896,
        409206,
        622291,
        1026276,
        1823199,
        2565197,
        3441240,
        4398080,
        5298248,
        5932204,
        6552039,
        6832451,
        6809061,
        6577474,
        6252478,
        5703088,
        5109305,
        4504086,
        3906810,
        3332632,
        2802727,
        2333757,
        1926631
    ],
    "system": {
        "dt": 0.04,
        "P0_coeff": 1,
        "h": 3.04438,
        "P0_term_hex": "c00",
        "name": "rect4x4_dt0p04_l25",
        "topology_repr": "[(1, 5), (1, 2), (2, 6), (2, 3), (3, 7), (3, 4), (4, 8), (5, 9), (5, 6), (6, 10), (6, 7), (7, 11), (7, 8), (8, 12), (9, 13), (9, 10), (10, 14), (10, 11), (11, 15), (11, 12), (12, 16), (13, 14), (14, 15), (15, 16)]",
        "P0_nqubits": 16,
        "n_layers": 25,
        "g": 0,
        "n_qubits": 16,
        "J": 1
    },
    "julia_version": "1.12.6",
    "n_dropped": [
        0,
        0,
        5735,
        618114,
        3679055,
        8129052,
        19146904,
        40852799,
        73996200,
        120712512,
        184308906,
        263507203,
        356905985,
        456186485,
        551849503,
        641395085,
        719166925,
        790719186,
        842810004,
        886089347,
        919259771,
        944354534,
        963947519,
        978189960,
        989348803,
        998106771
    ],
    "overlap_kept": [
        1,
        0.9704879152038246,
        0.8865172215885787,
        0.7600057891289916,
        0.6059750633897436,
        0.43824339525691464,
        0.2670374446587036,
        0.09893532947292555,
        -0.06178800866827133,
        -0.21174943361063212,
        -0.3477923567396436,
        -0.4670640941718394,
        -0.5674811954912891,
        -0.6480167912667772,
        -0.7085641562003812,
        -0.7495577141800972,
        -0.7716336975598439,
        -0.7754494506951308,
        -0.7616328979644867,
        -0.7307787423680074,
        -0.6834427123509791,
        -0.6202612820104735,
        -0.5423447732363126,
        -0.4517911476069057,
        -0.35191994799681214,
        -0.24698085150426138
    ],
    "hit_any_weight": [
        0,
        0,
        3072,
        527218,
        3269849,
        7506761,
        18120628,
        39029600,
        71431003,
        117271272,
        179910826,
        258208955,
        350973781,
        449634446,
        545017052,
        634586024,
        712589451,
        784466708,
        837106916,
        880980042,
        914755685,
        940447724,
        960614887,
        975387233,
        987015046,
        996180140
    ],
    "drop_weight_only": [
        0,
        0,
        167,
        3181,
        15415,
        49475,
        124068,
        275956,
        559654,
        1028300,
        1779923,
        2930428,
        4604938,
        6914379,
        9973158,
        13878579,
        18662105,
        24345939,
        30915844,
        38285240,
        46436978,
        55230137,
        64556984,
        74207981,
        83998970,
        93806149
    ],
    "hit_coeff": [
        0,
        0,
        5568,
        614933,
        3663640,
        8079577,
        19022836,
        40576843,
        73436546,
        119684212,
        182528983,
        260576775,
        352301047,
        449272106,
        541876345,
        627516506,
        700504820,
        766373247,
        811894160,
        847804107,
        872822793,
        889124397,
        899390535,
        903981979,
        905349833,
        904300622
    ],
    "drop_coeff_and_weight": [
        0,
        0,
        2905,
        524037,
        3254434,
        7457286,
        17996560,
        38753644,
        70871349,
        116242972,
        178130903,
        255278527,
        346368843,
        442720067,
        535043894,
        620707445,
        693927346,
        760120769,
        806191072,
        842694802,
        868318707,
        885217587,
        896057903,
        901179252,
        903016076,
        902373991
    ],
    "hit_z": [
        0,
        0,
        0,
        0,
        0,
        0,
        0,
        0,
        0,
        0,
        0,
        0,
        0,
        0,
        0,
        0,
        0,
        0,
        0,
        0,
        0,
        0,
        0,
        0,
        0,
        0
    ],
    "manifest_toml_sha256": "0bc8dd956e2d53dfc75dae382811cbae5159e33b4ab25664d941105fcfb60c81",
    "git_dirty": true,
    "experiment": "rect4x4_dt0p04_l25",
    "overlap_raw": [
        1,
        0.9704879152038246,
        0.8865172215885787,
        0.7600057480472925,
        0.6059751471172704,
        0.43824368320745843,
        0.26703736984568727,
        0.09893555971905499,
        -0.061787280112994766,
        -0.21174934448316243,
        -0.34779172932095026,
        -0.4670634501375425,
        -0.567479054800931,
        -0.6480157426062975,
        -0.7085640879172379,
        -0.7495564504167072,
        -0.771633032905037,
        -0.7754502932667009,
        -0.7616325042032867,
        -0.730776430343821,
        -0.6834408034606768,
        -0.6202609707032178,
        -0.5423444933790555,
        -0.45179031186898105,
        -0.3519192771036444,
        -0.2469806070283447
    ],
    "overlap_dropped": [
        0,
        0,
        0,
        -4.108169920544728e-8,
        8.372752683333916e-8,
        2.879505437778071e-7,
        -7.481301635127253e-8,
        2.3024612943333515e-7,
        7.285552765634047e-7,
        8.912746968485043e-8,
        6.274186933397548e-7,
        6.440342968903866e-7,
        2.140690358040348e-6,
        1.0486604797481945e-6,
        6.828314325891246e-8,
        1.2637633900634202e-6,
        6.64654806812104e-7,
        -8.42571570016849e-7,
        3.937612001091784e-7,
        2.312024186404652e-6,
        1.908890302318906e-6,
        3.113072556066156e-7,
        2.7985725703434493e-7,
        8.357379246641838e-7,
        6.708931677173525e-7,
        2.4447591667086003e-7
    ],
    "rule": {
        "label": "xy4_d1em08",
        "weight_period": 1,
        "family": "xy+coeff",
        "tau_z": 0,
        "c_gate": 1.0e-16,
        "tau_xyz": 0,
        "tau_xy": 4,
        "rule_hash": "2e827016a8",
        "coeff_min": 1.0e-8
    },
    "n_kept": [
        1,
        17,
        1201,
        5748,
        17174,
        39078,
        79262,
        150227,
        262558,
        432147,
        670169,
        978421,
        1382890,
        1879180,
        2453399,
        3108415,
        3824820,
        4570698,
        5330311,
        6074682,
        6783699,
        7445627,
        8051425,
        8596499,
        9074100,
        9485901
    ],
    "hit_xyz": [
        0,
        0,
        0,
        0,
        0,
        0,
        0,
        0,
        0,
        0,
        0,
        0,
        0,
        0,
        0,
        0,
        0,
        0,
        0,
        0,
        0,
        0,
        0,
        0,
        0,
        0
    ],
    "git_commit": "unknown",
    "n_raw": [
        1,
        17,
        6936,
        623862,
        3696229,
        8168130,
        19226166,
        41003026,
        74258758,
        121144659,
        184979075,
        264485624,
        358288875,
        458065665,
        554302902,
        644503500,
        722991745,
        795289884,
        848140315,
        892164029,
        926043470,
        951800161,
        971998944,
        986786459,
        998422903,
        1007592672
    ],