{
    "created_at": "2026-06-11T01:03:54.180",
    "n_complete": 25,
    "drop_coeff_only": [
        0,
        1,
        3132,
        28182,
        103925,
        208841,
        363318,
        939080,
        1083220,
        2059070,
        3207473,
        4225940,
        6383764,
        7885141,
        9731979,
        12395703,
        15084864,
        17863263,
        20594253,
        22475718,
        24571335,
        26056380,
        27974884,
        29117803,
        30288972,
        30987836
    ],
    "system": {
        "dt": 0.04,
        "P0_coeff": 1,
        "h": 3.04438,
        "P0_term_hex": "c00",
        "name": "rect4x4_dt0p04_l25",
        "topology_repr": "[(1, 5), (1, 2), (2, 6), (2, 3), (3, 7), (3, 4), (4, 8), (5, 9), (5, 6), (6, 10), (6, 7), (7, 11), (7, 8), (8, 12), (9, 13), (9, 10), (10, 14), (10, 11), (11, 15), (11, 12), (12, 16), (13, 14), (14, 15), (15, 16)]",
        "P0_nqubits": 16,
        "n_layers": 25,
        "g": 0,
        "n_qubits": 16,
        "J": 1
    },
    "julia_version": "1.12.6",
    "n_dropped": [
        0,
        1,
        3132,
        28694,
        146231,
        448311,
        873678,
        2897974,
        4719650,
        10266828,
        21267339,
        31919350,
        52291945,
        74724145,
        104455605,
        148318064,
        192498413,
        248114323,
        299571178,
        349115525,
        408869421,
        452559980,
        513533972,
        556271483,
        599255143,
        636933786
    ],
    "overlap_kept": [
        1,
        0.9704879152038246,
        0.8865193255644536,
        0.7599969684040517,
        0.6058380517237509,
        0.43801543262483505,
        0.2670285267700182,
        0.09914683450596708,
        -0.06094460778597564,
        -0.20857596299235664,
        -0.33909811798958006,
        -0.44852816483683294,
        -0.5322708831287025,
        -0.5882444017748312,
        -0.6154189607375746,
        -0.6147561667941702,
        -0.586267908113943,
        -0.5283388843447459,
        -0.44418697402322854,
        -0.3452879357380497,
        -0.2367360371969598,
        -0.11985741460774652,
        -0.004651631382137834,
        0.09676789218023513,
        0.1808567379383091,
        0.246513595497163
    ],
    "hit_any_weight": [
        0,
        0,
        0,
        512,
        42306,
        239470,
        510360,
        1958894,
        3636430,
        8207758,
        18059866,
        27693410,
        45908181,
        66839004,
        94723626,
        135922361,
        177413549,
        230251060,
        278976925,
        326639807,
        384298086,
        426503600,
        485559088,
        527153680,
        568966171,
        605945950
    ],
    "drop_weight_only": [
        0,
        0,
        0,
        0,
        1,
        41,
        457,
        1680,
        4715,
        11289,
        22833,
        41882,
        71408,
        113226,
        167228,
        235050,
        327452,
        451080,
        605927,
        791221,
        1005237,
        1245242,
        1510125,
        1796902,
        2109265,
        2436142
    ],
    "hit_coeff": [
        0,
        1,
        3132,
        28694,
        146230,
        448270,
        873221,
        2896294,
        4714935,
        10255539,
        21244506,
        31877468,
        52220537,
        74610919,
        104288377,
        148083014,
        192170961,
        247663243,
        298965251,
        348324304,
        407864184,
        451314738,
        512023847,
        554474581,
        597145878,
        634497644
    ],
    "drop_coeff_and_weight": [
        0,
        0,
        0,
        512,
        42305,
        239429,
        509903,
        1957214,
        3631715,
        8196469,
        18037033,
        27651528,
        45836773,
        66725778,
        94556398,
        135687311,
        177086097,
        229799980,
        278370998,
        325848586,
        383292849,
        425258358,
        484048963,
        525356778,
        566856906,
        603509808
    ],
    "hit_z": [
        0,
        0,
        0,
        0,
        0,
        0,
        0,
        0,
        0,
        0,
        0,
        0,
        0,
        0,
        0,
        0,
        0,
        0,
        0,
        0,
        0,
        0,
        0,
        0,
        0,
        0
    ],
    "manifest_toml_sha256": "0bc8dd956e2d53dfc75dae382811cbae5159e33b4ab25664d941105fcfb60c81",
    "git_dirty": true,
    "experiment": "rect4x4_dt0p04_l25",
    "overlap_raw": [
        1,
        0.9704879152038246,
        0.8865193255644536,
        0.7599969684040517,
        0.6058843758648814,
        0.43814381310067185,
        0.2670368278452182,
        0.0991895108946987,
        -0.060841682525063355,
        -0.20832449226382613,
        -0.3390713016127625,
        -0.44849390788605265,
        -0.532337369657243,
        -0.5881433510304871,
        -0.616074014577423,
        -0.6154985421398196,
        -0.58628142827598,
        -0.5280197402640682,
        -0.4445877374551783,
        -0.3460268559348485,
        -0.23774950232570202,
        -0.12103227330317977,
        -0.006012148078495462,
        0.09557091547055788,
        0.17991965894261241,
        0.24506998354552934
    ],
    "overlap_dropped": [
        0,
        0,
        0,
        0,
        4.632414113044228e-5,
        0.0001283804758367748,
        8.301075200021354e-6,
        4.267638873162344e-5,
        0.00010292526091228479,
        0.00025147072853051966,
        2.6816376817542144e-5,
        3.425695078031764e-5,
        -6.648652854050575e-5,
        0.00010105074434410553,
        -0.0006550538398483472,
        -0.0007423753456493593,
        -1.3520162036952982e-5,
        0.00031914408067770724,
        -0.0004007634319497522,
        -0.0007389201967987585,
        -0.0010134651287422242,
        -0.001174858695433255,
        -0.0013605166963576278,
        -0.0011969767096772501,
        -0.000937078995696659,
        -0.0014436119516336844
    ],
    "rule": {
        "label": "xy5_d1em05",
        "weight_period": 1,
        "family": "xy+coeff",
        "tau_z": 0,
        "c_gate": 1.0e-16,
        "tau_xyz": 0,
        "tau_xy": 5,
        "rule_hash": "f2976667f9",
        "coeff_min": 1.0e-5
    },
    "n_kept": [
        1,
        16,
        139,
        450,
        1168,
        2864,
        6188,
        12401,
        22432,
        38285,
        62230,
        96328,
        143649,
        206901,
        290719,
        397179,
        528337,
        687213,
        875847,
        1094656,
        1341148,
        1621149,
        1927559,
        2257236,
        2608910,
        2983467
    ],
    "hit_xyz": [
        0,
        0,
        0,
        0,
        0,
        0,
        0,
        0,
        0,
        0,
        0,
        0,
        0,
        0,
        0,
        0,
        0,
        0,
        0,
        0,
        0,
        0,
        0,
        0,
        0,
        0
    ],
    "git_commit": "unknown",
    "n_raw": [
        1,
        17,
        3271,
        29144,
        147399,
        451175,
        879866,
        2910375,
        4742082,
        10305113,
        21329569,
        32015678,
        52435594,
        74931046,
        104746324,
        148715243,
        193026750,
        248801536,
        300447025,
        350210181,
        410210569,
        454181129,
        515461531,
        558528719,
        601864053,
        639917253
    ],