{
    "created_at": "2026-06-11T04:27:36.345",
    "n_complete": 25,
    "drop_coeff_only": [
        0,
        0,
        3666,
        109883,
        334269,
        639236,
        957782,
        1361627,
        1789363,
        2117448,
        2567803,
        2920863,
        3248562,
        3492134,
        3561781,
        3647518,
        3605447,
        3483071,
        3365745,
        3141343,
        2893254,
        2673214,
        2431704,
        2191966,
        1949349,
        1712604
    ],
    "system": {
        "dt": 0.04,
        "P0_coeff": 1,
        "h": 3.04438,
        "P0_term_hex": "c00",
        "name": "rect4x4_dt0p04_l25",
        "topology_repr": "[(1, 5), (1, 2), (2, 6), (2, 3), (3, 7), (3, 4), (4, 8), (5, 9), (5, 6), (6, 10), (6, 7), (7, 11), (7, 8), (8, 12), (9, 13), (9, 10), (10, 14), (10, 11), (11, 15), (11, 12), (12, 16), (13, 14), (14, 15), (15, 16)]",
        "P0_nqubits": 16,
        "n_layers": 25,
        "g": 0,
        "n_qubits": 16,
        "J": 1
    },
    "julia_version": "1.12.6",
    "n_dropped": [
        0,
        0,
        6204,
        340148,
        1502523,
        3664231,
        6773791,
        11477556,
        19219014,
        26301774,
        36477006,
        49086983,
        64200516,
        81019560,
        94486392,
        110112037,
        128072417,
        143621548,
        159886940,
        174534728,
        187150215,
        200005981,
        211162994,
        221446877,
        230487483,
        237651913
    ],
    "overlap_kept": [
        1,
        0.9704879152038246,
        0.8865172215885787,
        0.7600057909015381,
        0.6059759615652669,
        0.4382462123561075,
        0.2670828506977869,
        0.0992500620452048,
        -0.060548563319888025,
        -0.20802523540495668,
        -0.33856794232422455,
        -0.44754624444280033,
        -0.5308967495002538,
        -0.5856925775691991,
        -0.6103175891773398,
        -0.6043087995221054,
        -0.5684512313236622,
        -0.5051272781734546,
        -0.4182988523610462,
        -0.31319941948877683,
        -0.19595851922704138,
        -0.07291109134390038,
        0.050073022829280535,
        0.16747823679705395,
        0.2735382387798783,
        0.3621596167536957
    ],
    "hit_any_weight": [
        0,
        0,
        2538,
        230265,
        1168254,
        3024995,
        5816009,
        10115929,
        17429651,
        24184326,
        33909203,
        46166120,
        60951954,
        77527426,
        90924611,
        106464519,
        124466970,
        140138477,
        156521195,
        171393385,
        184256961,
        197332767,
        208731290,
        219254911,
        228538134,
        235939309
    ],
    "drop_weight_only": [
        0,
        0,
        0,
        2,
        350,
        4937,
        24266,
        71755,
        155215,
        308428,
        555799,
        924927,
        1448803,
        2177954,
        3053472,
        4119062,
        5342498,
        6725769,
        8300036,
        10025256,
        11853630,
        13723730,
        15606386,
        17525163,
        19552389,
        21733412
    ],
    "hit_coeff": [
        0,
        0,
        6204,
        340146,
        1502173,
        3659294,
        6749525,
        11405801,
        19063799,
        25993346,
        35921207,
        48162056,
        62751713,
        78841606,
        91432920,
        105992975,
        122729919,
        136895779,
        151586904,
        164509472,
        175296585,
        186282251,
        195556608,
        203921714,
        210935094,
        215918501
    ],
    "drop_coeff_and_weight": [
        0,
        0,
        2538,
        230263,
        1167904,
        3020058,
        5791743,
        10044174,
        17274436,
        23875898,
        33353404,
        45241193,
        59503151,
        75349472,
        87871139,
        102345457,
        119124472,
        133412708,
        148221159,
        161368129,
        172403331,
        183609037,
        193124904,
        201729748,
        208985745,
        214205897
    ],
    "hit_z": [
        0,
        0,
        0,
        0,
        0,
        0,
        0,
        0,
        0,
        0,
        0,
        0,
        0,
        0,
        0,
        0,
        0,
        0,
        0,
        0,
        0,
        0,
        0,
        0,
        0,
        0
    ],
    "manifest_toml_sha256": "0bc8dd956e2d53dfc75dae382811cbae5159e33b4ab25664d941105fcfb60c81",
    "git_dirty": true,
    "experiment": "rect4x4_dt0p04_l25",
    "overlap_raw": [
        1,
        0.9704879152038246,
        0.8865172215885787,
        0.7600057457163321,
        0.6059767108827676,
        0.43824732018822365,
        0.2670906921602485,
        0.09925081883938208,
        -0.060546165054955865,
        -0.208015110976134,
        -0.3385602392222107,
        -0.44753836852798534,
        -0.5308850307216896,
        -0.5856820607764557,
        -0.610317764321279,
        -0.604307860590723,
        -0.5684461872176952,
        -0.5051226764117944,
        -0.4182949770390228,
        -0.31319177124424613,
        -0.1959506910843914,
        -0.07290963929388392,
        0.05007612999025383,
        0.16748821855911836,
        0.27354422265059014,
        0.3621629042277748
    ],
    "overlap_dropped": [
        0,
        0,
        0,
        -4.518520599323655e-8,
        7.493175006639465e-7,
        1.1078321161400809e-6,
        7.841462461577803e-6,
        7.567941772903083e-7,
        2.398264932160271e-6,
        1.0124428822673453e-5,
        7.703102013845244e-6,
        7.875914815012573e-6,
        1.1718778564261633e-5,
        1.0516792743403512e-5,
        -1.7514393924113404e-7,
        9.389313823879607e-7,
        5.044105966912947e-6,
        4.601761660174992e-6,
        3.87532202337386e-6,
        7.648244530674591e-6,
        7.828142649990943e-6,
        1.452050016468791e-6,
        3.107160973292734e-6,
        9.981762064409337e-6,
        5.9838707118109e-6,
        3.287474079119554e-6
    ],
    "rule": {
        "label": "xyz8_d1em07",
        "weight_period": 1,
        "family": "xyz+coeff",
        "tau_z": 0,
        "c_gate": 1.0e-16,
        "tau_xyz": 8,
        "tau_xy": 0,
        "rule_hash": "00e4fb7ccf",
        "coeff_min": 1.0e-7
    },
    "n_kept": [
        1,
        17,
        732,
        3409,
        11750,
        31564,
        70211,
        135950,
        233739,
        365368,
        538622,
        763960,
        1040292,
        1360238,
        1709225,
        2093767,
        2509816,
        2944650,
        3392125,
        3841748,
        4274102,
        4672796,
        5042523,
        5391370,
        5723016,
        6023929
    ],
    "hit_xyz": [
        0,
        0,
        2538,
        230265,
        1168254,
        3024995,
        5816009,
        10115929,
        17429651,
        24184326,
        33909203,
        46166120,
        60951954,
        77527426,
        90924611,
        106464519,
        124466970,
        140138477,
        156521195,
        171393385,
        184256961,
        197332767,
        208731290,
        219254911,
        228538134,
        235939309
    ],
    "git_commit": "unknown",
    "n_raw": [
        1,
        17,
        6936,
        343557,
        1514273,
        3695795,
        6844002,
        11613506,
        19452753,
        26667142,
        37015628,
        49850943,
        65240808,
        82379798,
        96195617,
        112205804,
        130582233,
        146566198,
        163279065,
        178376476,
        191424317,
        204678777,
        216205517,
        226838247,
        236210499,
        243675842
    ],