{
    "created_at": "2026-06-11T02:39:38.500",
    "n_complete": 25,
    "drop_coeff_only": [
        0,
        0,
        6546,
        139790,
        404836,
        1126856,
        2880808,
        4725136,
        8702369,
        14465392,
        20102360,
        29280522,
        38823649,
        47495770,
        57435981,
        66990316,
        74974090,
        82449451,
        87406478,
        89789090,
        90876320,
        90259013,
        88695162,
        86079022,
        83145993,
        79715480
    ],
    "system": {
        "dt": 0.04,
        "P0_coeff": 1,
        "h": 3.04438,
        "P0_term_hex": "c00",
        "name": "rect4x4_dt0p04_l25",
        "topology_repr": "[(1, 5), (1, 2), (2, 6), (2, 3), (3, 7), (3, 4), (4, 8), (5, 9), (5, 6), (6, 10), (6, 7), (7, 11), (7, 8), (8, 12), (9, 13), (9, 10), (10, 14), (10, 11), (11, 15), (11, 12), (12, 16), (13, 14), (14, 15), (15, 16)]",
        "P0_nqubits": 16,
        "n_layers": 25,
        "g": 0,
        "n_qubits": 16,
        "J": 1
    },
    "julia_version": "1.12.6",
    "n_dropped": [
        0,
        0,
        6546,
        144052,
        496216,
        1619979,
        4697812,
        10580663,
        22537079,
        44599131,
        76729112,
        127471467,
        187779595,
        259365087,
        346170716,
        444777288,
        545399757,
        639338259,
        722654558,
        792697517,
        848160115,
        892632558,
        924991451,
        950010451,
        969542553,
        982963303
    ],
    "overlap_kept": [
        1,
        0.9704879152038246,
        0.8865172215885787,
        0.7599937032521179,
        0.6059668588366832,
        0.4382526268368665,
        0.2670753773291673,
        0.09923359831155566,
        -0.06057473731101773,
        -0.20802350081069018,
        -0.33854331810151156,
        -0.44734254607562185,
        -0.5300675045584866,
        -0.5833127746066098,
        -0.6052221444675119,
        -0.59570235271809,
        -0.5547956062967947,
        -0.48326244932903206,
        -0.38537322074044217,
        -0.2667292513075891,
        -0.1329350234963987,
        0.008481491255341487,
        0.1488129258877323,
        0.2803129089609983,
        0.3956639799006224,
        0.48795915534546613
    ],
    "hit_any_weight": [
        0,
        0,
        0,
        4262,
        91380,
        493123,
        1817004,
        5855527,
        13834710,
        30133739,
        56626752,
        98190945,
        148955946,
        211869317,
        288734735,
        377786972,
        470425667,
        556888808,
        635248080,
        702908427,
        757283795,
        802373545,
        836296289,
        863931429,
        886396560,
        903247823
    ],
    "drop_weight_only": [
        0,
        0,
        0,
        0,
        0,
        34,
        746,
        3898,
        16074,
        45972,
        108935,
        224759,
        411085,
        716485,
        1171119,
        1826561,
        2733446,
        3998038,
        5641930,
        7643789,
        10036657,
        12870274,
        16203599,
        20054441,
        24404594,
        29129890
    ],
    "hit_coeff": [
        0,
        0,
        6546,
        144052,
        496216,
        1619945,
        4697066,
        10576765,
        22521005,
        44553159,
        76620177,
        127246708,
        187368510,
        258648602,
        344999597,
        442950727,
        542666311,
        635340221,
        717012628,
        785053728,
        838123458,
        879762284,
        908787852,
        929956010,
        945137959,
        953833413
    ],
    "drop_coeff_and_weight": [
        0,
        0,
        0,
        4262,
        91380,
        493089,
        1816258,
        5851629,
        13818636,
        30087767,
        56517817,
        97966186,
        148544861,
        211152832,
        287563616,
        375960411,
        467692221,
        552890770,
        629606150,
        695264638,
        747247138,
        789503271,
        820092690,
        843876988,
        861991966,
        874117933
    ],
    "hit_z": [
        0,
        0,
        0,
        0,
        0,
        0,
        0,
        0,
        0,
        0,
        0,
        0,
        0,
        0,
        0,
        0,
        0,
        0,
        0,
        0,
        0,
        0,
        0,
        0,
        0,
        0
    ],
    "manifest_toml_sha256": "0bc8dd956e2d53dfc75dae382811cbae5159e33b4ab25664d941105fcfb60c81",
    "git_dirty": true,
    "experiment": "rect4x4_dt0p04_l25",
    "overlap_raw": [
        1,
        0.9704879152038246,
        0.8865172215885787,
        0.7599993998928697,
        0.6059661329907419,
        0.4382516558806535,
        0.2670754543673212,
        0.09923512360258496,
        -0.06052082979769658,
        -0.208001059456762,
        -0.3384954823291116,
        -0.44725215000327584,
        -0.529978606523629,
        -0.5832983293976208,
        -0.6052677266369045,
        -0.5957417972366968,
        -0.5548283357297561,
        -0.4833585143582189,
        -0.3855012478886155,
        -0.26676069832232857,
        -0.13290660938565713,
        0.008518355381912038,
        0.14890323112259737,
        0.280427249386667,
        0.39570476783671404,
        0.48804696757501415
    ],
    "overlap_dropped": [
        0,
        0,
        0,
        5.696640751828397e-6,
        -7.25845941375926e-7,
        -9.70956212971839e-7,
        7.703815389038295e-8,
        1.525291029305667e-6,
        5.39075133211505e-5,
        2.2441353928181624e-5,
        4.7835772400000424e-5,
        9.039607234599437e-5,
        8.889803485753316e-5,
        1.444520898897185e-5,
        -4.5582169392706884e-5,
        -3.944451860680306e-5,
        -3.272943296137834e-5,
        -9.606502918687401e-5,
        -0.00012802714817332998,
        -3.144701473944983e-5,
        2.8414110741578196e-5,
        3.686412657055229e-5,
        9.030523486508224e-5,
        0.00011434042566872975,
        4.0787936091661225e-5,
        8.781222954799012e-5
    ],
    "rule": {
        "label": "xy6_d1em06",
        "weight_period": 1,
        "family": "xy+coeff",
        "tau_z": 0,
        "c_gate": 1.0e-16,
        "tau_xyz": 0,
        "tau_xy": 6,
        "rule_hash": "2a0b315a57",
        "coeff_min": 1.0e-6
    },
    "n_kept": [
        1,
        17,
        390,
        1337,
        3977,
        9988,
        26345,
        59926,
        120666,
        224783,
        389711,
        651579,
        1057177,
        1648252,
        2459120,
        3510286,
        4864632,
        6553058,
        8618990,
        11071410,
        13902919,
        17084892,
        20563915,
        24285853,
        28197934,
        32239362
    ],
    "hit_xyz": [
        0,
        0,
        0,
        0,
        0,
        0,
        0,
        0,
        0,
        0,
        0,
        0,
        0,
        0,
        0,
        0,
        0,
        0,
        0,
        0,
        0,
        0,
        0,
        0,
        0,
        0
    ],
    "git_commit": "unknown",
    "n_raw": [
        1,
        17,
        6936,
        145389,
        500193,
        1629967,
        4724157,
        10640589,
        22657745,
        44823914,
        77118823,
        128123046,
        188836772,
        261013339,
        348629836,
        448287574,
        550264389,
        645891317,
        731273548,
        803768927,
        862063034,
        909717450,
        945555366,
        974296304,
        997740487,
        1015202665
    ],