{
    "created_at": "2026-06-30T16:13:35.969",
    "n_complete": 25,
    "drop_coeff_only": [
        0,
        0,
        4,
        3116,
        5900,
        7470,
        14068,
        13010,
        12490,
        16910,
        20942,
        17362,
        16284,
        14480,
        15184,
        23156,
        21708,
        19132,
        17220,
        15624,
        18576,
        18476,
        20808,
        17908,
        14848,
        11528
    ],
    "system": {
        "dt": 0.04,
        "P0_coeff": 1,
        "h": 3.04438,
        "P0_term_hex": "3000000",
        "name": "rect5x5_dt0p04_l25",
        "topology_repr": "[(1, 6), (1, 2), (2, 7), (2, 3), (3, 8), (3, 4), (4, 9), (4, 5), (5, 10), (6, 11), (6, 7), (7, 12), (7, 8), (8, 13), (8, 9), (9, 14), (9, 10), (10, 15), (11, 16), (11, 12), (12, 17), (12, 13), (13, 18), (13, 14), (14, 19), (14, 15), (15, 20), (16, 21), (16, 17), (17, 22), (17, 18), (18, 23), (18, 19), (19, 24), (19, 20), (20, 25), (21, 22), (22, 23), (23, 24), (24, 25)]",
        "P0_nqubits": 25,
        "n_layers": 25,
        "g": 0,
        "n_qubits": 25,
        "J": 1
    },
    "julia_version": "1.12.6",
    "n_dropped": [
        0,
        1,
        6495,
        257416,
        623606,
        748850,
        1749962,
        2265965,
        2775565,
        3289548,
        4721007,
        5807863,
        6689239,
        7019607,
        7864322,
        9553531,
        10905217,
        11567400,
        12300530,
        12675350,
        13444232,
        14419164,
        15691359,
        16084790,
        16672530,
        17258451
    ],
    "overlap_kept": [
        1,
        0.9704879152038246,
        0.8865193255644533,
        0.7600300710875207,
        0.6060508575982674,
        0.4382990968861076,
        0.2667591431868902,
        0.09784238766881709,
        -0.06390356432841479,
        -0.2141592383624978,
        -0.34823214437837663,
        -0.46128906728122415,
        -0.5485905362460493,
        -0.6052468499854913,
        -0.6258916695402793,
        -0.6051677109681435,
        -0.5394888548636448,
        -0.42947570206705205,
        -0.2816532570504566,
        -0.10818507471640307,
        0.07544670021390606,
        0.2536434287142295,
        0.4131564918167251,
        0.543887857938366,
        0.6383587280389496,
        0.6910365982468305
    ],
    "hit_any_weight": [
        0,
        1,
        6491,
        254300,
        617706,
        741380,
        1735894,
        2252955,
        2763075,
        3272638,
        4700065,
        5790501,
        6672955,
        7005127,
        7849138,
        9530375,
        10883509,
        11548268,
        12283310,
        12659726,
        13425656,
        14400688,
        15670551,
        16066882,
        16657682,
        17246923
    ],
    "drop_weight_only": [
        0,
        1,
        1599,
        16205,
        37503,
        71341,
        126397,
        187753,
        279297,
        376197,
        482125,
        608763,
        769715,
        911021,
        1098317,
        1308431,
        1550579,
        1772267,
        2033605,
        2251797,
        2499767,
        2725335,
        2914139,
        3084363,
        3242357,
        3472253
    ],
    "hit_coeff": [
        0,
        0,
        4896,
        241211,
        586103,
        677509,
        1623565,
        2078212,
        2496268,
        2913351,
        4238882,
        5199100,
        5919524,
        6108586,
        6766005,
        8245100,
        9354638,
        9795133,
        10266925,
        10423553,
        10944465,
        11693829,
        12777220,
        13000427,
        13430173,
        13786198
    ],
    "drop_coeff_and_weight": [
        0,
        0,
        4892,
        238095,
        580203,
        670039,
        1609497,
        2065202,
        2483778,
        2896441,
        4217940,
        5181738,
        5903240,
        6094106,
        6750821,
        8221944,
        9332930,
        9776001,
        10249705,
        10407929,
        10925889,
        11675353,
        12756412,
        12982519,
        13415325,
        13774670
    ],
    "hit_z": [
        0,
        0,
        0,
        0,
        0,
        0,
        0,
        0,
        0,
        0,
        0,
        0,
        0,
        0,
        0,
        0,
        0,
        0,
        0,
        0,
        0,
        0,
        0,
        0,
        0,
        0
    ],
    "manifest_toml_sha256": "0bc8dd956e2d53dfc75dae382811cbae5159e33b4ab25664d941105fcfb60c81",
    "git_dirty": true,
    "experiment": "rect5x5_dt0p04_l25",
    "overlap_raw": [
        1,
        0.9704879152038246,
        0.8865193255644533,
        0.7600300710875207,
        0.6060508602255046,
        0.43829912012538813,
        0.26675914193858563,
        0.09784237159535243,
        -0.06390355806325478,
        -0.21415923936088183,
        -0.3482321514203155,
        -0.4612890539667902,
        -0.5485905322317165,
        -0.6052468452277721,
        -0.6258916338613442,
        -0.6051677095265094,
        -0.5394888548636448,
        -0.4294757012538933,
        -0.2816532495730158,
        -0.10818507679868203,
        0.07544668347049595,
        0.2536434445903771,
        0.4131564984547307,
        0.5438878556979737,
        0.6383587138436335,
        0.6910366044428902
    ],
    "overlap_dropped": [
        0,
        0,
        0,
        0,
        2.627237250460711e-9,
        2.3239280569815144e-8,
        -1.248304561814368e-9,
        -1.6073464660607974e-8,
        6.265160011672237e-9,
        -9.98384005444893e-10,
        -7.041938855676089e-9,
        1.331443394936405e-8,
        4.0143327913659704e-9,
        4.75771924121297e-9,
        3.5678935186599354e-8,
        1.4416339857848476e-9,
        0,
        8.131587874951621e-10,
        7.477440790305105e-9,
        -2.082278962941004e-9,
        -1.6743410117287575e-8,
        1.587614754260524e-8,
        6.6380056132426386e-9,
        -2.2403922927166407e-9,
        -1.4195316080416642e-8,
        6.196059646735693e-9
    ],
    "rule": {
        "label": "xyz5_d1em09",
        "weight_period": 1,
        "family": "xyz+coeff",
        "tau_z": 0,
        "c_gate": 1.0e-16,
        "tau_xyz": 5,
        "tau_xy": 0,
        "rule_hash": "c03f0413bc",
        "coeff_min": 1.0e-9
    },
    "n_kept": [
        1,
        16,
        628,
        3210,
        5554,
        8082,
        11118,
        15540,
        18300,
        22716,
        26896,
        33656,
        37986,
        42086,
        47426,
        50866,
        55550,
        60038,
        65206,
        69154,
        72414,
        76954,
        80694,
        85122,
        89394,
        94398
    ],
    "hit_xyz": [
        0,
        1,
        6491,
        254300,
        617706,
        741380,
        1735894,
        2252955,
        2763075,
        3272638,
        4700065,
        5790501,
        6672955,
        7005127,
        7849138,
        9530375,
        10883509,
        11548268,
        12283310,
        12659726,
        13425656,
        14400688,
        15670551,
        16066882,
        16657682,
        17246923
    ],
    "git_commit": "unknown",
    "n_raw": [
        1,
        17,
        7123,
        260626,
        629160,
        756932,
        1761080,
        2281505,
        2793865,
        3312264,
        4747903,
        5841519,
        6727225,
        7061693,
        7911748,
        9604397,
        10960767,
        11627438,
        12365736,
        12744504,
        13516646,
        14496118,
        15772053,
        16169912,
        16761924,
        17352849
    ],