{
    "created_at": "2026-06-11T14:37:33.422",
    "n_complete": 25,
    "drop_coeff_only": [
        0,
        0,
        0,
        0,
        0,
        0,
        0,
        0,
        0,
        0,
        0,
        0,
        0,
        0,
        0,
        0,
        0,
        0,
        0,
        0,
        0,
        0,
        0,
        0,
        0,
        0
    ],
    "system": {
        "dt": 0.04,
        "P0_coeff": 1,
        "h": 3.04438,
        "P0_term_hex": "c00",
        "name": "rect4x4_dt0p04_l25",
        "topology_repr": "[(1, 5), (1, 2), (2, 6), (2, 3), (3, 7), (3, 4), (4, 8), (5, 9), (5, 6), (6, 10), (6, 7), (7, 11), (7, 8), (8, 12), (9, 13), (9, 10), (10, 14), (10, 11), (11, 15), (11, 12), (12, 16), (13, 14), (14, 15), (15, 16)]",
        "P0_nqubits": 16,
        "n_layers": 25,
        "g": 0,
        "n_qubits": 16,
        "J": 1
    },
    "julia_version": "1.12.6",
    "n_dropped": [
        0,
        0,
        512,
        945863,
        11804397,
        44103882,
        108609790,
        211495980,
        344988580,
        490127738,
        626143144,
        738524223,
        823055220,
        883036614,
        924342384,
        952517162,
        971782276,
        985182873,
        994631677,
        1001426414,
        1006421335,
        1010204786,
        1013114420,
        1015382880,
        1017161280,
        1018609085
    ],
    "overlap_kept": [
        1,
        0.9704879152038246,
        0.8865172215885787,
        0.7600057417445405,
        0.6059755230223886,
        0.4382499843967503,
        0.26709494869308853,
        0.09925907469068536,
        -0.06052449363914577,
        -0.2079682934650971,
        -0.33853788463273976,
        -0.4477463250165919,
        -0.5318896347091824,
        -0.5885469675996773,
        -0.6165444893802571,
        -0.6156069098856205,
        -0.5861708335217795,
        -0.5296481878771582,
        -0.44900667580132786,
        -0.34922801563019307,
        -0.2372260641111441,
        -0.12111384991080784,
        -0.009078628981543085,
        0.09168746077396556,
        0.17565252318145153,
        0.23913775749821958
    ],
    "hit_any_weight": [
        0,
        0,
        512,
        945863,
        11804397,
        44103882,
        108609790,
        211495980,
        344988580,
        490127738,
        626143144,
        738524223,
        823055220,
        883036614,
        924342384,
        952517162,
        971782276,
        985182873,
        994631677,
        1001426414,
        1006421335,
        1010204786,
        1013114420,
        1015382880,
        1017161280,
        1018609085
    ],
    "drop_weight_only": [
        0,
        0,
        512,
        945863,
        11804397,
        44103882,
        108609790,
        211495980,
        344988580,
        490127738,
        626143144,
        738524223,
        823055220,
        883036614,
        924342384,
        952517162,
        971782276,
        985182873,
        994631677,
        1001426414,
        1006421335,
        1010204786,
        1013114420,
        1015382880,
        1017161280,
        1018609085
    ],
    "hit_coeff": [
        0,
        0,
        0,
        0,
        0,
        0,
        0,
        0,
        0,
        0,
        0,
        0,
        0,
        0,
        0,
        0,
        0,
        0,
        0,
        0,
        0,
        0,
        0,
        0,
        0,
        0
    ],
    "drop_coeff_and_weight": [
        0,
        0,
        0,
        0,
        0,
        0,
        0,
        0,
        0,
        0,
        0,
        0,
        0,
        0,
        0,
        0,
        0,
        0,
        0,
        0,
        0,
        0,
        0,
        0,
        0,
        0
    ],
    "hit_z": [
        0,
        0,
        0,
        0,
        0,
        0,
        0,
        0,
        0,
        0,
        0,
        0,
        0,
        0,
        0,
        0,
        0,
        0,
        0,
        0,
        0,
        0,
        0,
        0,
        0,
        0
    ],
    "manifest_toml_sha256": "0bc8dd956e2d53dfc75dae382811cbae5159e33b4ab25664d941105fcfb60c81",
    "git_dirty": true,
    "experiment": "rect4x4_dt0p04_l25",
    "overlap_raw": [
        1,
        0.9704879152038246,
        0.8865172215885787,
        0.7600057417445405,
        0.6059755230223886,
        0.4382499843967503,
        0.26709494869308853,
        0.09925907469068536,
        -0.06052449363914577,
        -0.2079682934650971,
        -0.33853788463273976,
        -0.4477463250165919,
        -0.5318896347091824,
        -0.5885469675996773,
        -0.6165444893802571,
        -0.6156069098856205,
        -0.5861708335217795,
        -0.5296481878771582,
        -0.44900667580132786,
        -0.34922801563019307,
        -0.2372260641111441,
        -0.12111384991080784,
        -0.009078628981543085,
        0.09168746077396556,
        0.17565252318145153,
        0.23913775749821958
    ],
    "overlap_dropped": [
        0,
        0,
        0,
        0,
        0,
        0,
        0,
        0,
        0,
        0,
        0,
        0,
        0,
        0,
        0,
        0,
        0,
        0,
        0,
        0,
        0,
        0,
        0,
        0,
        0,
        0
    ],
    "rule": {
        "label": "xy5_d0",
        "weight_period": 1,
        "family": "xy",
        "tau_z": 0,
        "c_gate": 1.0e-16,
        "tau_xyz": 0,
        "tau_xy": 5,
        "rule_hash": "2004476cae",
        "coeff_min": 0
    },
    "n_kept": [
        1,
        17,
        6424,
        535851,
        3767201,
        9843526,
        18073883,
        26816652,
        33833828,
        38258012,
        40337721,
        41037495,
        41203113,
        41232859,
        41237650,
        41238343,
        41238480,
        41238510,
        41238526,
        41238527,
        41238528,
        41238526,
        41238526,
        41238528,
        41238528,
        41238528
    ],
    "hit_xyz": [
        0,
        0,
        0,
        0,
        0,
        0,
        0,
        0,
        0,
        0,
        0,
        0,
        0,
        0,
        0,
        0,
        0,
        0,
        0,
        0,
        0,
        0,
        0,
        0,
        0,
        0
    ],
    "git_commit": "unknown",
    "n_raw": [
        1,
        17,
        6936,
        1481714,
        15571598,
        53947408,
        126683673,
        238312632,
        378822408,
        528385750,
        666480865,
        779561718,
        864258333,
        924269473,
        965580034,
        993755505,
        1013020756,
        1026421383,
        1035870203,
        1042664941,
        1047659863,
        1051443312,
        1054352946,
        1056621408,
        1058399808,
        1059847613
    ],
    "weight_second_moment_raw": [
        1,
        1.001485548853399,
        1.0125748382677757,
        1.0459061501346538,
        1.1130213348646212,
        1.2191627882148253,
        1.3606645541467235,
        1.5259175900773567,
        1.6993270500795994,
        1.8664712897978095,
        2.018347936912496,
        2.153251420488357,
        2.276013728485439,
        2.3953222743731146,
        2.520206143141134,
        2.656754210255585,
        2.8060452633574866,
        2.964054317058426,
        3.1236329869971535,
        3.2776903536274054,
        3.422054263244202,
        3.556619638982938,
        3.6842528974952233,
        3.8081012328984363,
        3.928757881029865,
        4.042620111345132
    ],
    "hit_multiple_weight": [
        0,
        0,
        0,
        0,
        0,
        0,
        0,
        0,
        0,
        0,
        0,
        0,
        0,
        0,
        0,
        0,
        0,
        0,
        0,
        0,
        0,
        0,
        0,
        0,
        0,
        0
    ],