{
    "created_at": "2026-06-11T15:54:06.417",
    "n_complete": 9,
    "drop_coeff_only": [
        0,
        0,
        17909,
        585301,
        2585663,
        10935077,
        37250698,
        93834323,
        243262849,
        522968349,
        null,
        null,
        null,
        null,
        null,
        null,
        null,
        null,
        null,
        null,
        null,
        null,
        null,
        null,
        null,
        null
    ],
    "system": {
        "dt": 0.04,
        "P0_coeff": 1,
        "h": 3.04438,
        "P0_term_hex": "3000000",
        "name": "rect5x5_dt0p04_l25",
        "topology_repr": "[(1, 6), (1, 2), (2, 7), (2, 3), (3, 8), (3, 4), (4, 9), (4, 5), (5, 10), (6, 11), (6, 7), (7, 12), (7, 8), (8, 13), (8, 9), (9, 14), (9, 10), (10, 15), (11, 16), (11, 12), (12, 17), (12, 13), (13, 18), (13, 14), (14, 19), (14, 15), (15, 20), (16, 21), (16, 17), (17, 22), (17, 18), (18, 23), (18, 19), (19, 24), (19, 20), (20, 25), (21, 22), (22, 23), (23, 24), (24, 25)]",
        "P0_nqubits": 25,
        "n_layers": 25,
        "g": 0,
        "n_qubits": 25,
        "J": 1
    },
    "julia_version": "1.12.6",
    "n_dropped": [
        0,
        0,
        17909,
        585301,
        2628471,
        12225852,
        45918797,
        142217614,
        443948336,
        1172485496,
        null,
        null,
        null,
        null,
        null,
        null,
        null,
        null,
        null,
        null,
        null,
        null,
        null,
        null,
        null,
        null
    ],
    "overlap_kept": [
        1,
        0.9704879152038246,
        0.8865172215885785,
        0.7599947796657479,
        0.6060332929246676,
        0.43861721048891433,
        0.26827713483737226,
        0.10226648487591655,
        -0.054560062817852535,
        -0.19800998960683874,
        null,
        null,
        null,
        null,
        null,
        null,
        null,
        null,
        null,
        null,
        null,
        null,
        null,
        null,
        null,
        null
    ],
    "hit_any_weight": [
        0,
        0,
        0,
        0,
        42808,
        1290775,
        8668099,
        48383291,
        200685487,
        649517147,
        null,
        null,
        null,
        null,
        null,
        null,
        null,
        null,
        null,
        null,
        null,
        null,
        null,
        null,
        null,
        null
    ],
    "drop_weight_only": [
        0,
        0,
        0,
        0,
        0,
        0,
        12,
        690,
        8126,
        41688,
        null,
        null,
        null,
        null,
        null,
        null,
        null,
        null,
        null,
        null,
        null,
        null,
        null,
        null,
        null,
        null
    ],
    "hit_coeff": [
        0,
        0,
        17909,
        585301,
        2628471,
        12225852,
        45918785,
        142216924,
        443940210,
        1172443808,
        null,
        null,
        null,
        null,
        null,
        null,
        null,
        null,
        null,
        null,
        null,
        null,
        null,
        null,
        null,
        null
    ],
    "drop_coeff_and_weight": [
        0,
        0,
        0,
        0,
        42808,
        1290775,
        8668087,
        48382601,
        200677361,
        649475459,
        null,
        null,
        null,
        null,
        null,
        null,
        null,
        null,
        null,
        null,
        null,
        null,
        null,
        null,
        null,
        null
    ],
    "hit_z": [
        0,
        0,
        0,
        0,
        0,
        0,
        0,
        0,
        0,
        0,
        null,
        null,
        null,
        null,
        null,
        null,
        null,
        null,
        null,
        null,
        null,
        null,
        null,
        null,
        null,
        null
    ],
    "manifest_toml_sha256": "0bc8dd956e2d53dfc75dae382811cbae5159e33b4ab25664d941105fcfb60c81",
    "git_dirty": true,
    "experiment": "rect5x5_dt0p04_l25",
    "overlap_raw": [
        1,
        0.9704879152038246,
        0.8865172215885785,
        0.7600033177781236,
        0.6060322059391158,
        0.43861573509816143,
        0.26828551454588245,
        0.10227966168592298,
        -0.05442009129606692,
        -0.19795973642559464,
        null,
        null,
        null,
        null,
        null,
        null,
        null,
        null,
        null,
        null,
        null,
        null,
        null,
        null,
        null,
        null
    ],
    "overlap_dropped": [
        0,
        0,
        0,
        8.538112375672358e-6,
        -1.086985551801037e-6,
        -1.4753907528850107e-6,
        8.379708510170986e-6,
        1.3176810006422497e-5,
        0.00013997152178561685,
        5.0253181244104206e-5,
        null,
        null,
        null,
        null,
        null,
        null,
        null,
        null,
        null,
        null,
        null,
        null,
        null,
        null,
        null,
        null
    ],
    "rule": {
        "label": "xy7_d1em06",
        "weight_period": 1,
        "family": "xy+coeff",
        "tau_z": 0,
        "c_gate": 1.0e-16,
        "tau_xyz": 0,
        "tau_xy": 7,
        "rule_hash": "719c312286",
        "coeff_min": 1.0e-6
    },
    "n_kept": [
        1,
        17,
        454,
        1767,
        5810,
        16574,
        49986,
        135544,
        331377,
        755461,
        null,
        null,
        null,
        null,
        null,
        null,
        null,
        null,
        null,
        null,
        null,
        null,
        null,
        null,
        null,
        null
    ],
    "hit_xyz": [
        0,
        0,
        0,
        0,
        0,
        0,
        0,
        0,
        0,
        0,
        null,
        null,
        null,
        null,
        null,
        null,
        null,
        null,
        null,
        null,
        null,
        null,
        null,
        null,
        null,
        null
    ],
    "git_commit": "unknown",
    "n_raw": [
        1,
        17,
        18363,
        587068,
        2634281,
        12242426,
        45968783,
        142353158,
        444279713,
        1173240957,
        null,
        null,
        null,
        null,
        null,
        null,
        null,
        null,
        null,
        null,
        null,
        null,
        null,
        null,
        null,
        null
    ],
    "weight_second_moment_raw": [
        1,
        1.0014855488533987,
        1.0125751141247017,
        1.045913306240141,
        1.1130814239426932,
        1.2194554585885484,
        1.3616808068591224,
        1.5287058457153926,
        1.7057596281880734,
        1.879502611919719,
        null,
        null,
        null,
        null,
        null,
        null,
        null,
        null,
        null,
        null,
        null,
        null,
        null,
        null,
        null,
        null
    ],
    "hit_multiple_weight": [
        0,
        0,
        0,
        0,
        0,
        0,
        0,
        0,
        0,
        0,
        null,
        null,
        null,
        null,
        null,
        null,
        null,
        null,
        null,
        null,
        null,
        null,
        null,
        null,
        null,
        null
    ],