{
    "created_at": "2026-06-11T01:10:07.240",
    "n_complete": 25,
    "drop_coeff_only": [
        0,
        1,
        3132,
        28694,
        141878,
        350178,
        662544,
        1886749,
        2418704,
        4809027,
        7725347,
        11527288,
        17088228,
        21812930,
        28341309,
        35578691,
        42577538,
        50057770,
        58727418,
        64908202,
        69474362,
        74885841,
        79027438,
        82275563,
        86226646,
        89025509
    ],
    "system": {
        "dt": 0.04,
        "P0_coeff": 1,
        "h": 3.04438,
        "P0_term_hex": "c00",
        "name": "rect4x4_dt0p04_l25",
        "topology_repr": "[(1, 5), (1, 2), (2, 6), (2, 3), (3, 7), (3, 4), (4, 8), (5, 9), (5, 6), (6, 10), (6, 7), (7, 11), (7, 8), (8, 12), (9, 13), (9, 10), (10, 14), (10, 11), (11, 15), (11, 12), (12, 16), (13, 14), (14, 15), (15, 16)]",
        "P0_nqubits": 16,
        "n_layers": 25,
        "g": 0,
        "n_qubits": 16,
        "J": 1
    },
    "julia_version": "1.12.6",
    "n_dropped": [
        0,
        1,
        3132,
        28694,
        146230,
        448274,
        873225,
        2896181,
        4713535,
        10217462,
        19560941,
        36509171,
        60008445,
        87359762,
        123754294,
        167914845,
        219451792,
        274494962,
        347091153,
        405494619,
        456298197,
        510236311,
        565327453,
        618054374,
        677210601,
        721940635
    ],
    "overlap_kept": [
        1,
        0.9704879152038246,
        0.8865193255644536,
        0.7599969684040517,
        0.6058380517237509,
        0.438015414703902,
        0.26702790384755587,
        0.09913952909404375,
        -0.060985785595273796,
        -0.20867346399829664,
        -0.3390081805139641,
        -0.447659627704556,
        -0.5304154651729595,
        -0.5844527543120064,
        -0.6076451825165408,
        -0.5979256022554768,
        -0.554873228009985,
        -0.4816811561915235,
        -0.3854128705655663,
        -0.27045229156052286,
        -0.13560531988684807,
        0.009699716492702404,
        0.15021120302096594,
        0.27782832159939835,
        0.38828908745190005,
        0.4776269852554265
    ],
    "hit_any_weight": [
        0,
        0,
        0,
        0,
        4352,
        98096,
        210681,
        1009432,
        2294831,
        5408435,
        11835594,
        24981883,
        42920217,
        65546832,
        95412985,
        132336154,
        176874254,
        224437192,
        288363735,
        340586417,
        386823835,
        435350470,
        486300015,
        535778811,
        590983955,
        632915126
    ],
    "drop_weight_only": [
        0,
        0,
        0,
        0,
        0,
        0,
        10,
        212,
        1242,
        4166,
        11774,
        26134,
        46852,
        84394,
        138284,
        215519,
        317659,
        460186,
        645871,
        882355,
        1153250,
        1461374,
        1809308,
        2212153,
        2667565,
        3161161
    ],
    "hit_coeff": [
        0,
        1,
        3132,
        28694,
        146230,
        448274,
        873215,
        2895969,
        4712293,
        10213296,
        19549167,
        36483037,
        59961593,
        87275368,
        123616010,
        167699326,
        219134133,
        274034776,
        346445282,
        404612264,
        455144947,
        508774937,
        563518145,
        615842221,
        674543036,
        718779474
    ],
    "drop_coeff_and_weight": [
        0,
        0,
        0,
        0,
        4352,
        98096,
        210671,
        1009220,
        2293589,
        5404269,
        11823820,
        24955749,
        42873365,
        65462438,
        95274701,
        132120635,
        176556595,
        223977006,
        287717864,
        339704062,
        385670585,
        433889096,
        484490707,
        533566658,
        588316390,
        629753965
    ],
    "hit_z": [
        0,
        0,
        0,
        0,
        0,
        0,
        0,
        0,
        0,
        0,
        0,
        0,
        0,
        0,
        0,
        0,
        0,
        0,
        0,
        0,
        0,
        0,
        0,
        0,
        0,
        0
    ],
    "manifest_toml_sha256": "0bc8dd956e2d53dfc75dae382811cbae5159e33b4ab25664d941105fcfb60c81",
    "git_dirty": true,
    "experiment": "rect4x4_dt0p04_l25",
    "overlap_raw": [
        1,
        0.9704879152038246,
        0.8865193255644536,
        0.7599969684040517,
        0.6058843758648814,
        0.4381437951797388,
        0.26703620784691484,
        0.09918302509228664,
        -0.06087818688794328,
        -0.20839039317482516,
        -0.3388854416592647,
        -0.44764706595965853,
        -0.5303633994861283,
        -0.5842571231533207,
        -0.607314135295686,
        -0.597447057156821,
        -0.5546935986236784,
        -0.48195181565884737,
        -0.38574829131148797,
        -0.26977848659870357,
        -0.1353993233362375,
        0.009408272446508416,
        0.14997302158643178,
        0.2774361668085213,
        0.38822437049478625,
        0.47726613236963833
    ],
    "overlap_dropped": [
        0,
        0,
        0,
        0,
        4.632414113044228e-5,
        0.0001283804758367748,
        8.303999358948385e-6,
        4.349599824289534e-5,
        0.00010759870733051455,
        0.0002830708234714765,
        0.00012273885469935668,
        1.2561744897446074e-5,
        5.2065686831131734e-5,
        0.00019563115868569508,
        0.0003310472208547381,
        0.0004785450986556968,
        0.00017962938630650596,
        -0.00027065946732384984,
        -0.00033542074592166185,
        0.0006738049618193005,
        0.00020599655061055786,
        -0.0002914440461939871,
        -0.00023818143453417518,
        -0.00039215479087707723,
        -6.471695711380471e-5,
        -0.0003608528857881744
    ],
    "rule": {
        "label": "xy6_d1em05",
        "weight_period": 1,
        "family": "xy+coeff",
        "tau_z": 0,
        "c_gate": 1.0e-16,
        "tau_xyz": 0,
        "tau_xy": 6,
        "rule_hash": "4112f93b28",
        "coeff_min": 1.0e-5
    },
    "n_kept": [
        1,
        16,
        139,
        450,
        1169,
        2901,
        6641,
        14195,
        27375,
        49302,
        83769,
        136025,
        216666,
        336163,
        495599,
        706491,
        971698,
        1306854,
        1715255,
        2218181,
        2816795,
        3504475,
        4261252,
        5069132,
        5928997,
        6823829
    ],
    "hit_xyz": [
        0,
        0,
        0,
        0,
        0,
        0,
        0,
        0,
        0,
        0,
        0,
        0,
        0,
        0,
        0,
        0,
        0,
        0,
        0,
        0,
        0,
        0,
        0,
        0,
        0,
        0
    ],
    "git_commit": "unknown",
    "n_raw": [
        1,
        17,
        3271,
        29144,
        147399,
        451175,
        879866,
        2910376,
        4740910,
        10266764,
        19644710,
        36645196,
        60225111,
        87695925,
        124249893,
        168621336,
        220423490,
        275801816,
        348806408,
        407712800,
        459114992,
        513740786,
        569588705,
        623123506,
        683139598,
        728764464
    ],