{
    "created_at": "2026-06-30T15:08:42.725",
    "n_complete": 25,
    "drop_coeff_only": [
        0,
        0,
        0,
        288,
        224,
        12,
        948,
        628,
        688,
        508,
        384,
        416,
        1064,
        860,
        612,
        528,
        432,
        480,
        288,
        676,
        652,
        564,
        892,
        940,
        700,
        472
    ],
    "system": {
        "dt": 0.04,
        "P0_coeff": 1,
        "h": 3.04438,
        "P0_term_hex": "3000000",
        "name": "rect5x5_dt0p04_l25",
        "topology_repr": "[(1, 6), (1, 2), (2, 7), (2, 3), (3, 8), (3, 4), (4, 9), (4, 5), (5, 10), (6, 11), (6, 7), (7, 12), (7, 8), (8, 13), (8, 9), (9, 14), (9, 10), (10, 15), (11, 16), (11, 12), (12, 17), (12, 13), (13, 18), (13, 14), (14, 19), (14, 15), (15, 20), (16, 21), (16, 17), (17, 22), (17, 18), (18, 23), (18, 19), (19, 24), (19, 20), (20, 25), (21, 22), (22, 23), (23, 24), (24, 25)]",
        "P0_nqubits": 25,
        "n_layers": 25,
        "g": 0,
        "n_qubits": 25,
        "J": 1
    },
    "julia_version": "1.12.6",
    "n_dropped": [
        0,
        5,
        2827,
        29311,
        29273,
        29061,
        95706,
        96709,
        98369,
        98373,
        99517,
        129653,
        156493,
        157145,
        157393,
        157309,
        157213,
        158021,
        158333,
        181961,
        188713,
        188649,
        208673,
        225777,
        225729,
        225909
    ],
    "overlap_kept": [
        1,
        0.9704879152038246,
        0.8865193255644533,
        0.7600511836299886,
        0.6062036964389267,
        0.43873892924060587,
        0.26736690806149693,
        0.09783914469737945,
        -0.06580812346005847,
        -0.21860958461979477,
        -0.3534327065854281,
        -0.4619603362276526,
        -0.5373090033783384,
        -0.5766935440677927,
        -0.5825154958672712,
        -0.5611753351076759,
        -0.5202277318659557,
        -0.4654512323530379,
        -0.3994419563928702,
        -0.3224607817998391,
        -0.23497362728440188,
        -0.14036131326835571,
        -0.04617180629612202,
        0.03691631394164945,
        0.0980052329987384,
        0.1293654737746024
    ],
    "hit_any_weight": [
        0,
        5,
        2827,
        29023,
        29049,
        29049,
        94758,
        96081,
        97681,
        97865,
        99133,
        129237,
        155429,
        156285,
        156781,
        156781,
        156781,
        157541,
        158045,
        181285,
        188061,
        188085,
        207781,
        224837,
        225029,
        225437
    ],
    "drop_weight_only": [
        0,
        5,
        1291,
        2995,
        5395,
        8251,
        12113,
        14653,
        18543,
        21839,
        24875,
        29037,
        32777,
        38649,
        43897,
        45817,
        46715,
        46935,
        55095,
        58609,
        66181,
        62663,
        76725,
        84285,
        85669,
        88925
    ],
    "hit_coeff": [
        0,
        0,
        1536,
        26316,
        23878,
        20810,
        83593,
        82056,
        79826,
        76534,
        74642,
        100616,
        123716,
        118496,
        113496,
        111492,
        110498,
        111086,
        103238,
        123352,
        122532,
        125986,
        131948,
        141492,
        140060,
        136984
    ],
    "drop_coeff_and_weight": [
        0,
        0,
        1536,
        26028,
        23654,
        20798,
        82645,
        81428,
        79138,
        76026,
        74258,
        100200,
        122652,
        117636,
        112884,
        110964,
        110066,
        110606,
        102950,
        122676,
        121880,
        125422,
        131056,
        140552,
        139360,
        136512
    ],
    "hit_z": [
        0,
        0,
        0,
        0,
        0,
        0,
        0,
        0,
        0,
        0,
        0,
        0,
        0,
        0,
        0,
        0,
        0,
        0,
        0,
        0,
        0,
        0,
        0,
        0,
        0,
        0
    ],
    "manifest_toml_sha256": "0bc8dd956e2d53dfc75dae382811cbae5159e33b4ab25664d941105fcfb60c81",
    "git_dirty": true,
    "experiment": "rect5x5_dt0p04_l25",
    "overlap_raw": [
        1,
        0.9704879152038246,
        0.8865193255644533,
        0.7600511836299886,
        0.6062036964389267,
        0.43873892924060587,
        0.2673672105785502,
        0.09783935089050454,
        -0.06580790100044798,
        -0.21860958461979477,
        -0.3534327065854281,
        -0.46196034900186983,
        -0.5373090020900377,
        -0.5766934963719572,
        -0.582515462343232,
        -0.5611753351076759,
        -0.5202277318659557,
        -0.4654511840480445,
        -0.3994419563928702,
        -0.32246083035602874,
        -0.2349736498584945,
        -0.14036143109972715,
        -0.04617201311868984,
        0.03691596456930931,
        0.09800519445095134,
        0.12936544614824982
    ],
    "overlap_dropped": [
        0,
        0,
        0,
        0,
        0,
        0,
        3.025170532589338e-7,
        2.0619312509079733e-7,
        2.2245961049364128e-7,
        0,
        0,
        -1.277421726414381e-8,
        1.288300681692835e-9,
        4.7695835495959426e-8,
        3.3524039244258135e-8,
        0,
        0,
        4.8304993456450156e-8,
        0,
        -4.855618961239282e-8,
        -2.2574092616712378e-8,
        -1.1783137144507146e-7,
        -2.0682256781871194e-7,
        -3.493723401410561e-7,
        -3.8547787058271205e-8,
        -2.76263525705342e-8
    ],
    "rule": {
        "label": "xyz4_d1em08",
        "weight_period": 1,
        "family": "xyz+coeff",
        "tau_z": 0,
        "c_gate": 1.0e-16,
        "tau_xyz": 4,
        "tau_xy": 0,
        "rule_hash": "1657f531af",
        "coeff_min": 1.0e-8
    },
    "n_kept": [
        1,
        12,
        204,
        446,
        510,
        722,
        730,
        1050,
        1074,
        1254,
        1418,
        1610,
        1818,
        2062,
        2310,
        2394,
        2490,
        2542,
        2738,
        2794,
        2866,
        2954,
        3122,
        3186,
        3434,
        3666
    ],
    "hit_xyz": [
        0,
        5,
        2827,
        29023,
        29049,
        29049,
        94758,
        96081,
        97681,
        97865,
        99133,
        129237,
        155429,
        156285,
        156781,
        156781,
        156781,
        157541,
        158045,
        181285,
        188061,
        188085,
        207781,
        224837,
        225029,
        225437
    ],
    "git_commit": "unknown",
    "n_raw": [
        1,
        17,
        3031,
        29757,
        29783,
        29783,
        96436,
        97759,
        99443,
        99627,
        100935,
        131263,
        158311,
        159207,
        159703,
        159703,
        159703,
        160563,
        161071,
        184755,
        191579,
        191603,
        211795,
        228963,
        229163,
        229575
    ],