{
    "created_at": "2026-06-11T14:35:17.826",
    "n_complete": 25,
    "drop_coeff_only": [
        0,
        0,
        0,
        0,
        0,
        0,
        0,
        0,
        0,
        0,
        0,
        0,
        0,
        0,
        0,
        0,
        0,
        0,
        0,
        0,
        0,
        0,
        0,
        0,
        0,
        0
    ],
    "system": {
        "dt": 0.04,
        "P0_coeff": 1,
        "h": 3.04438,
        "P0_term_hex": "c00",
        "name": "rect4x4_dt0p04_l25",
        "topology_repr": "[(1, 5), (1, 2), (2, 6), (2, 3), (3, 7), (3, 4), (4, 8), (5, 9), (5, 6), (6, 10), (6, 7), (7, 11), (7, 8), (8, 12), (9, 13), (9, 10), (10, 14), (10, 11), (11, 15), (11, 12), (12, 16), (13, 14), (14, 15), (15, 16)]",
        "P0_nqubits": 16,
        "n_layers": 25,
        "g": 0,
        "n_qubits": 16,
        "J": 1
    },
    "julia_version": "1.12.6",
    "n_dropped": [
        0,
        0,
        3072,
        1138159,
        9595660,
        29596348,
        66756034,
        126267710,
        208990257,
        309860315,
        419572226,
        528701854,
        628183538,
        712552286,
        780816401,
        834586558,
        876338340,
        908470135,
        933309309,
        952629160,
        967719717,
        979615360,
        989042880,
        996571357,
        1002670621,
        1007609285
    ],
    "overlap_kept": [
        1,
        0.9704879152038246,
        0.8865172215885787,
        0.7600057384681326,
        0.6059752292124382,
        0.43824378292227495,
        0.26703706684431416,
        0.09893585000437627,
        -0.06178667636994965,
        -0.2117507777717617,
        -0.3477905749265771,
        -0.4670608846942967,
        -0.5674820139514112,
        -0.6480175638596318,
        -0.7085609314447989,
        -0.7495559858919868,
        -0.7716354424799727,
        -0.7754485494282226,
        -0.7616299602744486,
        -0.7307787501280861,
        -0.6834428790981831,
        -0.6202582777629058,
        -0.5423428421761228,
        -0.45179239813206484,
        -0.3519217806743382,
        -0.24698122821405086
    ],
    "hit_any_weight": [
        0,
        0,
        3072,
        1138159,
        9595660,
        29596348,
        66756034,
        126267710,
        208990257,
        309860315,
        419572226,
        528701854,
        628183538,
        712552286,
        780816401,
        834586558,
        876338340,
        908470135,
        933309309,
        952629160,
        967719717,
        979615360,
        989042880,
        996571357,
        1002670621,
        1007609285
    ],
    "drop_weight_only": [
        0,
        0,
        3072,
        1138159,
        9595660,
        29596348,
        66756034,
        126267710,
        208990257,
        309860315,
        419572226,
        528701854,
        628183538,
        712552286,
        780816401,
        834586558,
        876338340,
        908470135,
        933309309,
        952629160,
        967719717,
        979615360,
        989042880,
        996571357,
        1002670621,
        1007609285
    ],
    "hit_coeff": [
        0,
        0,
        0,
        0,
        0,
        0,
        0,
        0,
        0,
        0,
        0,
        0,
        0,
        0,
        0,
        0,
        0,
        0,
        0,
        0,
        0,
        0,
        0,
        0,
        0,
        0
    ],
    "drop_coeff_and_weight": [
        0,
        0,
        0,
        0,
        0,
        0,
        0,
        0,
        0,
        0,
        0,
        0,
        0,
        0,
        0,
        0,
        0,
        0,
        0,
        0,
        0,
        0,
        0,
        0,
        0,
        0
    ],
    "hit_z": [
        0,
        0,
        0,
        0,
        0,
        0,
        0,
        0,
        0,
        0,
        0,
        0,
        0,
        0,
        0,
        0,
        0,
        0,
        0,
        0,
        0,
        0,
        0,
        0,
        0,
        0
    ],
    "manifest_toml_sha256": "0bc8dd956e2d53dfc75dae382811cbae5159e33b4ab25664d941105fcfb60c81",
    "git_dirty": true,
    "experiment": "rect4x4_dt0p04_l25",
    "overlap_raw": [
        1,
        0.9704879152038246,
        0.8865172215885787,
        0.7600057384681326,
        0.6059752292124382,
        0.43824378292227495,
        0.26703706684431416,
        0.09893585000437627,
        -0.06178667636994965,
        -0.2117507777717617,
        -0.3477905749265771,
        -0.4670608846942967,
        -0.5674820139514112,
        -0.6480175638596318,
        -0.7085609314447989,
        -0.7495559858919868,
        -0.7716354424799727,
        -0.7754485494282226,
        -0.7616299602744486,
        -0.7307787501280861,
        -0.6834428790981831,
        -0.6202582777629058,
        -0.5423428421761228,
        -0.45179239813206484,
        -0.3519217806743382,
        -0.24698122821405086
    ],
    "overlap_dropped": [
        0,
        0,
        0,
        0,
        0,
        0,
        0,
        0,
        0,
        0,
        0,
        0,
        0,
        0,
        0,
        0,
        0,
        0,
        0,
        0,
        0,
        0,
        0,
        0,
        0,
        0
    ],
    "rule": {
        "label": "xy4_d0",
        "weight_period": 1,
        "family": "xy",
        "tau_z": 0,
        "c_gate": 1.0e-16,
        "tau_xyz": 0,
        "tau_xy": 4,
        "rule_hash": "38c74cc9c6",
        "coeff_min": 0
    },
    "n_kept": [
        1,
        17,
        3864,
        202233,
        1179479,
        2703830,
        4626022,
        6692614,
        8523466,
        9903204,
        10759631,
        11188877,
        11354324,
        11403747,
        11416176,
        11418973,
        11419507,
        11419624,
        11419643,
        11419645,
        11419648,
        11419648,
        11419647,
        11419648,
        11419648,
        11419648
    ],
    "hit_xyz": [
        0,
        0,
        0,
        0,
        0,
        0,
        0,
        0,
        0,
        0,
        0,
        0,
        0,
        0,
        0,
        0,
        0,
        0,
        0,
        0,
        0,
        0,
        0,
        0,
        0,
        0
    ],
    "git_commit": "unknown",
    "n_raw": [
        1,
        17,
        6936,
        1340392,
        10775139,
        32300178,
        71382056,
        132960324,
        217513723,
        319763519,
        430331857,
        539890731,
        639537862,
        723956033,
        792232577,
        846005531,
        887757847,
        919889759,
        944728952,
        964048805,
        979139365,
        991035008,
        1000462527,
        1007991005,
        1014090269,
        1019028933
    ],
    "weight_second_moment_raw": [
        1,
        1.001485548853399,
        1.0125748382677757,
        1.0459061501409828,
        1.1130213209337705,
        1.2191615433858307,
        1.360640532586153,
        1.525705955375601,
        1.698209378710467,
        1.8623962778733794,
        2.007151905908325,
        2.1286074305904727,
        2.230479981391033,
        2.322007842957881,
        2.414177526183993,
        2.5157351645239716,
        2.630500753168343,
        2.756667660917625,
        2.887733269651531,
        3.0141755807965156,
        3.125147056505593,
        3.209976386741983,
        3.2596568289722914,
        3.2684461801106015,
        3.23530667792997,
        3.16458889155102
    ],
    "hit_multiple_weight": [
        0,
        0,
        0,
        0,
        0,
        0,
        0,
        0,
        0,
        0,
        0,
        0,
        0,
        0,
        0,
        0,
        0,
        0,
        0,
        0,
        0,
        0,
        0,
        0,
        0,
        0
    ],