{
    "created_at": "2026-06-11T14:22:59.344",
    "n_complete": 25,
    "drop_coeff_only": [
        0,
        0,
        0,
        0,
        0,
        0,
        0,
        0,
        0,
        0,
        0,
        0,
        0,
        0,
        0,
        0,
        0,
        0,
        0,
        0,
        0,
        0,
        0,
        0,
        0,
        0
    ],
    "system": {
        "dt": 0.04,
        "P0_coeff": 1,
        "h": 3.04438,
        "P0_term_hex": "c00",
        "name": "rect4x4_dt0p04_l25",
        "topology_repr": "[(1, 5), (1, 2), (2, 6), (2, 3), (3, 7), (3, 4), (4, 8), (5, 9), (5, 6), (6, 10), (6, 7), (7, 11), (7, 8), (8, 12), (9, 13), (9, 10), (10, 14), (10, 11), (11, 15), (11, 12), (12, 16), (13, 14), (14, 15), (15, 16)]",
        "P0_nqubits": 16,
        "n_layers": 25,
        "g": 0,
        "n_qubits": 16,
        "J": 1
    },
    "julia_version": "1.12.6",
    "n_dropped": [
        0,
        0,
        2538,
        819682,
        6590767,
        18634798,
        36247731,
        58652208,
        83666492,
        109563910,
        134908216,
        158906892,
        180126374,
        198766550,
        214398012,
        227345350,
        237846253,
        246253387,
        252839369,
        257965259,
        262099773,
        265288633,
        267702959,
        269537064,
        270963890,
        272003466
    ],
    "overlap_kept": [
        1,
        0.9704879152038246,
        0.8865172215885787,
        0.7600057417357291,
        0.6059755212682322,
        0.43824992895497855,
        0.2670942447264182,
        0.09925444256278462,
        -0.06054223984286518,
        -0.20800648565789245,
        -0.3385528184457041,
        -0.4475230994689611,
        -0.5308662796614368,
        -0.5856706827812853,
        -0.6102964735130246,
        -0.6043019976184969,
        -0.5684938933623106,
        -0.505168053998587,
        -0.4182688462016207,
        -0.31315627923152983,
        -0.19596859385580015,
        -0.07290656488891843,
        0.050155167977215975,
        0.16757367227339062,
        0.2735924210866068,
        0.3622044108784969
    ],
    "hit_any_weight": [
        0,
        0,
        2538,
        819682,
        6590767,
        18634798,
        36247731,
        58652208,
        83666492,
        109563910,
        134908216,
        158906892,
        180126374,
        198766550,
        214398012,
        227345350,
        237846253,
        246253387,
        252839369,
        257965259,
        262099773,
        265288633,
        267702959,
        269537064,
        270963890,
        272003466
    ],
    "drop_weight_only": [
        0,
        0,
        2538,
        819682,
        6590767,
        18634798,
        36247731,
        58652208,
        83666492,
        109563910,
        134908216,
        158906892,
        180126374,
        198766550,
        214398012,
        227345350,
        237846253,
        246253387,
        252839369,
        257965259,
        262099773,
        265288633,
        267702959,
        269537064,
        270963890,
        272003466
    ],
    "hit_coeff": [
        0,
        0,
        0,
        0,
        0,
        0,
        0,
        0,
        0,
        0,
        0,
        0,
        0,
        0,
        0,
        0,
        0,
        0,
        0,
        0,
        0,
        0,
        0,
        0,
        0,
        0
    ],
    "drop_coeff_and_weight": [
        0,
        0,
        0,
        0,
        0,
        0,
        0,
        0,
        0,
        0,
        0,
        0,
        0,
        0,
        0,
        0,
        0,
        0,
        0,
        0,
        0,
        0,
        0,
        0,
        0,
        0
    ],
    "hit_z": [
        0,
        0,
        0,
        0,
        0,
        0,
        0,
        0,
        0,
        0,
        0,
        0,
        0,
        0,
        0,
        0,
        0,
        0,
        0,
        0,
        0,
        0,
        0,
        0,
        0,
        0
    ],
    "manifest_toml_sha256": "0bc8dd956e2d53dfc75dae382811cbae5159e33b4ab25664d941105fcfb60c81",
    "git_dirty": true,
    "experiment": "rect4x4_dt0p04_l25",
    "overlap_raw": [
        1,
        0.9704879152038246,
        0.8865172215885787,
        0.7600057417357291,
        0.6059755212682322,
        0.43824992895497855,
        0.2670942447264182,
        0.09925444256278462,
        -0.06054223984286518,
        -0.20800648565789245,
        -0.3385528184457041,
        -0.4475230994689611,
        -0.5308662796614368,
        -0.5856706827812853,
        -0.6102964735130246,
        -0.6043019976184969,
        -0.5684938933623106,
        -0.505168053998587,
        -0.4182688462016207,
        -0.31315627923152983,
        -0.19596859385580015,
        -0.07290656488891843,
        0.050155167977215975,
        0.16757367227339062,
        0.2735924210866068,
        0.3622044108784969
    ],
    "overlap_dropped": [
        0,
        0,
        0,
        0,
        0,
        0,
        0,
        0,
        0,
        0,
        0,
        0,
        0,
        0,
        0,
        0,
        0,
        0,
        0,
        0,
        0,
        0,
        0,
        0,
        0,
        0
    ],
    "rule": {
        "label": "xyz8_d0",
        "weight_period": 1,
        "family": "xyz",
        "tau_z": 0,
        "c_gate": 1.0e-16,
        "tau_xyz": 8,
        "tau_xy": 0,
        "rule_hash": "55392e2fa5",
        "coeff_min": 0
    },
    "n_kept": [
        1,
        17,
        4398,
        278150,
        1535388,
        3030401,
        4384878,
        5487999,
        6366369,
        6959495,
        7364723,
        7626317,
        7789718,
        7889231,
        7945385,
        7975525,
        7992556,
        8001204,
        8006290,
        8008802,
        8009923,
        8010538,
        8010932,
        8011106,
        8011169,
        8011193
    ],
    "hit_xyz": [
        0,
        0,
        2538,
        819682,
        6590767,
        18634798,
        36247731,
        58652208,
        83666492,
        109563910,
        134908216,
        158906892,
        180126374,
        198766550,
        214398012,
        227345350,
        237846253,
        246253387,
        252839369,
        257965259,
        262099773,
        265288633,
        267702959,
        269537064,
        270963890,
        272003466
    ],
    "git_commit": "unknown",
    "n_raw": [
        1,
        17,
        6936,
        1097832,
        8126155,
        21665199,
        40632609,
        64140207,
        90032861,
        116523405,
        142272939,
        166533209,
        187916092,
        206655781,
        222343397,
        235320875,
        245838809,
        254254591,
        260845659,
        265974061,
        270109696,
        273299171,
        275713891,
        277548170,
        278975059,
        280014659
    ],
    "weight_second_moment_raw": [
        1,
        1.001485548853399,
        1.0125748382677757,
        1.0459061501345701,
        1.1130213348594016,
        1.2191627923782005,
        1.3606648212166816,
        1.5259228008422578,
        1.699377404438788,
        1.8667700577914885,
        2.019579612947396,
        2.157077476580195,
        2.2855034752390453,
        2.414970114857824,
        2.555432277861346,
        2.713225422254991,
        2.8893093768018865,
        3.079626549134399,
        3.277154519412375,
        3.4746107296608026,
        3.66660365174928,
        3.8503975988154795,
        4.025195454160134,
        4.190568726364212,
        4.344994109489468,
        4.485251675398909
    ],