{
    "created_at": "2026-06-11T02:02:43.500",
    "n_complete": 25,
    "drop_coeff_only": [
        0,
        0,
        92,
        8,
        323,
        177,
        153,
        125,
        93,
        191,
        429,
        323,
        247,
        206,
        205,
        184,
        229,
        244,
        202,
        182,
        327,
        276,
        268,
        218,
        147,
        147
    ],
    "system": {
        "dt": 0.04,
        "P0_coeff": 1,
        "h": 3.04438,
        "P0_term_hex": "c00",
        "name": "rect4x4_dt0p04_l25",
        "topology_repr": "[(1, 5), (1, 2), (2, 6), (2, 3), (3, 7), (3, 4), (4, 8), (5, 9), (5, 6), (6, 10), (6, 7), (7, 11), (7, 8), (8, 12), (9, 13), (9, 10), (10, 14), (10, 11), (11, 15), (11, 12), (12, 16), (13, 14), (14, 15), (15, 16)]",
        "P0_nqubits": 16,
        "n_layers": 25,
        "g": 0,
        "n_qubits": 16,
        "J": 1
    },
    "julia_version": "1.12.6",
    "n_dropped": [
        0,
        5,
        1643,
        2757,
        10865,
        10719,
        10695,
        10667,
        10635,
        18485,
        26799,
        26695,
        26619,
        26578,
        26669,
        26648,
        27643,
        28458,
        28852,
        36600,
        38657,
        38628,
        38788,
        38612,
        39109,
        40377
    ],
    "overlap_kept": [
        1,
        0.9704879152038246,
        0.8865193255644536,
        0.760045888833504,
        0.6061806916748125,
        0.4386536662677979,
        0.2670931495427484,
        0.09715776531292367,
        -0.06716257925943919,
        -0.22082267216821722,
        -0.3564257821624656,
        -0.46523644711567863,
        -0.5399440371048162,
        -0.5774405768658425,
        -0.5801102299400953,
        -0.5547153744316199,
        -0.5094777842913966,
        -0.45094649664953107,
        -0.3823590871131929,
        -0.3043012153598689,
        -0.21721761080483815,
        -0.12425244502985212,
        -0.03268334556823018,
        0.04697216847820186,
        0.10391110236053408,
        0.13047990573135174
    ],
    "hit_any_weight": [
        0,
        5,
        1551,
        2749,
        10542,
        10542,
        10542,
        10542,
        10542,
        18294,
        26370,
        26372,
        26372,
        26372,
        26464,
        26464,
        27414,
        28214,
        28650,
        36418,
        38330,
        38352,
        38520,
        38394,
        38962,
        40230
    ],
    "drop_weight_only": [
        0,
        5,
        217,
        527,
        1075,
        1216,
        2098,
        2585,
        3736,
        3913,
        4376,
        5622,
        6504,
        7150,
        7736,
        7902,
        8749,
        8719,
        8634,
        9616,
        9769,
        9376,
        10947,
        11154,
        12306,
        13463
    ],
    "hit_coeff": [
        0,
        0,
        1426,
        2230,
        9790,
        9503,
        8597,
        8082,
        6899,
        14572,
        22423,
        21073,
        20115,
        19428,
        18933,
        18746,
        18894,
        19739,
        20218,
        26984,
        28888,
        29252,
        27841,
        27458,
        26803,
        26914
    ],
    "drop_coeff_and_weight": [
        0,
        0,
        1334,
        2222,
        9467,
        9326,
        8444,
        7957,
        6806,
        14381,
        21994,
        20750,
        19868,
        19222,
        18728,
        18562,
        18665,
        19495,
        20016,
        26802,
        28561,
        28976,
        27573,
        27240,
        26656,
        26767
    ],
    "hit_z": [
        0,
        0,
        0,
        0,
        0,
        0,
        0,
        0,
        0,
        0,
        0,
        0,
        0,
        0,
        0,
        0,
        0,
        0,
        0,
        0,
        0,
        0,
        0,
        0,
        0,
        0
    ],
    "manifest_toml_sha256": "0bc8dd956e2d53dfc75dae382811cbae5159e33b4ab25664d941105fcfb60c81",
    "git_dirty": true,
    "experiment": "rect4x4_dt0p04_l25",
    "overlap_raw": [
        1,
        0.9704879152038246,
        0.8865193255644536,
        0.760045888833504,
        0.6061806916748125,
        0.4386536662677979,
        0.2670931495427484,
        0.09715776531292367,
        -0.06716257925943919,
        -0.22082359269819862,
        -0.3564301196906435,
        -0.4652471861313381,
        -0.5399440371048162,
        -0.5774405768658425,
        -0.5801097897782671,
        -0.5547153744316199,
        -0.5094789187371889,
        -0.45095081555279853,
        -0.38236180624415483,
        -0.3043012153598689,
        -0.21722330629921138,
        -0.12426585984467554,
        -0.03269378436752121,
        0.04697867761209284,
        0.10391031349071686,
        0.13047990573135174
    ],
    "overlap_dropped": [
        0,
        0,
        0,
        0,
        0,
        0,
        0,
        0,
        0,
        -9.20529981393862e-7,
        -4.337528177860634e-6,
        -1.0739015659446636e-5,
        0,
        0,
        4.401618281712916e-7,
        0,
        -1.1344457923118582e-6,
        -4.3189032674610624e-6,
        -2.7191309619237533e-6,
        0,
        -5.69549437323193e-6,
        -1.3414814823419438e-5,
        -1.043879929103312e-5,
        6.509133890979417e-6,
        -7.88869817221951e-7,
        0
    ],
    "rule": {
        "label": "xyz4_d1em06",
        "weight_period": 1,
        "family": "xyz+coeff",
        "tau_z": 0,
        "c_gate": 1.0e-16,
        "tau_xyz": 4,
        "tau_xy": 0,
        "rule_hash": "699b1de29b",
        "coeff_min": 1.0e-6
    },
    "n_kept": [
        1,
        12,
        92,
        194,
        236,
        382,
        406,
        434,
        466,
        526,
        588,
        694,
        770,
        811,
        833,
        854,
        863,
        890,
        998,
        1088,
        1155,
        1221,
        1239,
        1287,
        1366,
        1378
    ],
    "hit_xyz": [
        0,
        5,
        1551,
        2749,
        10542,
        10542,
        10542,
        10542,
        10542,
        18294,
        26370,
        26372,
        26372,
        26372,
        26464,
        26464,
        27414,
        28214,
        28650,
        36418,
        38330,
        38352,
        38520,
        38394,
        38962,
        40230
    ],
    "git_commit": "unknown",
    "n_raw": [
        1,
        17,
        1735,
        2951,
        11101,
        11101,
        11101,
        11101,
        11101,
        19011,
        27387,
        27389,
        27389,
        27389,
        27502,
        27502,
        28506,
        29348,
        29850,
        37688,
        39812,
        39849,
        40027,
        39899,
        40475,
        41755
    ],
    "weight_second_moment_raw": [
        1,
        1.001485548853399,
        1.0125742587540665,
        1.0458781887810973,
        1.1127263392039368,
        1.2175668110945685,
        1.354835795730106,
        1.5095779994834315,
        1.6615693370181621,
        1.7913263026707555,
        1.8857714754279298,
        1.9416199922623387,
        1.9654911398511021,
        1.9709009766968972,
        1.9732908628025245,
        1.984835126275125,
        2.010775574764053,
        2.048427384007723,
        2.0889978271980008,
        2.1213387315149115,
        2.1360946618981345,
        2.1286439438692635,
        2.09979490446116,
        2.05421132378942,
        1.9975839150546895,
        1.934106057336615
    ],