{
    "created_at": "2026-06-30T13:07:58.681",
    "n_complete": 25,
    "drop_coeff_only": [
        0,
        0,
        3048,
        83250,
        304228,
        430974,
        634386,
        1014520,
        1282459,
        1644599,
        2201739,
        2698252,
        3085077,
        3480297,
        3949540,
        4483518,
        4825784,
        5186889,
        5666622,
        6172329,
        6335443,
        6549166,
        6858775,
        7029534,
        7124023,
        7213134
    ],
    "system": {
        "dt": 0.04,
        "P0_coeff": 1,
        "h": 3.04438,
        "P0_term_hex": "3000000",
        "name": "rect5x5_dt0p04_l25",
        "topology_repr": "[(1, 6), (1, 2), (2, 7), (2, 3), (3, 8), (3, 4), (4, 9), (4, 5), (5, 10), (6, 11), (6, 7), (7, 12), (7, 8), (8, 13), (8, 9), (9, 14), (9, 10), (10, 15), (11, 16), (11, 12), (12, 17), (12, 13), (13, 18), (13, 14), (14, 19), (14, 15), (15, 20), (16, 21), (16, 17), (17, 22), (17, 18), (18, 23), (18, 19), (19, 24), (19, 20), (20, 25), (21, 22), (22, 23), (23, 24), (24, 25)]",
        "P0_nqubits": 25,
        "n_layers": 25,
        "g": 0,
        "n_qubits": 25,
        "J": 1
    },
    "julia_version": "1.12.6",
    "n_dropped": [
        0,
        0,
        17457,
        1105978,
        6047719,
        10408356,
        19770561,
        49978228,
        72046825,
        106612318,
        181485657,
        288829838,
        373042115,
        484563055,
        630274471,
        824103241,
        1026269327,
        1218012294,
        1548611163,
        1895087142,
        2198748138,
        2520510053,
        2927642990,
        3361550800,
        3812287007,
        4240771312
    ],
    "overlap_kept": [
        1,
        0.9704879152038246,
        0.8865172215885785,
        0.7600116407532056,
        0.606046446452553,
        0.438618191886218,
        0.2683274172955332,
        0.10230672651918962,
        -0.054593602413484106,
        -0.19836172140041874,
        -0.3250762789840055,
        -0.43106289430666345,
        -0.5133755562087176,
        -0.5701726999535738,
        -0.6010038948963433,
        -0.6067731542824079,
        -0.5890632103341717,
        -0.5494350479066756,
        -0.4888808158338241,
        -0.40796379673897937,
        -0.3074397090773093,
        -0.1894347262817516,
        -0.058416493041650565,
        0.07888518316168833,
        0.21414696103999295,
        0.33833109720974225
    ],
    "hit_any_weight": [
        0,
        0,
        14409,
        1022728,
        5743491,
        9977382,
        19136175,
        48963708,
        70764366,
        104967719,
        179283918,
        286131586,
        369957038,
        481082758,
        626324931,
        819619723,
        1021443543,
        1212825405,
        1542944541,
        1888914813,
        2192412695,
        2513960887,
        2920784215,
        3354521266,
        3805162984,
        4233558178
    ],
    "drop_weight_only": [
        0,
        0,
        12,
        386,
        5332,
        27550,
        79432,
        197810,
        384262,
        736736,
        1239647,
        1971627,
        2967677,
        4492543,
        6279689,
        8311267,
        10806272,
        13739396,
        17117034,
        20859453,
        25087790,
        29556306,
        34183964,
        39103164,
        44573179,
        50831345
    ],
    "hit_coeff": [
        0,
        0,
        17445,
        1105592,
        6042387,
        10380806,
        19691129,
        49780418,
        71662563,
        105875582,
        180246010,
        286858211,
        370074438,
        480070512,
        623994782,
        815791974,
        1015463055,
        1204272898,
        1531494129,
        1874227689,
        2173660348,
        2490953747,
        2893459026,
        3322447636,
        3767713828,
        4189939967
    ],
    "drop_coeff_and_weight": [
        0,
        0,
        14397,
        1022342,
        5738159,
        9949832,
        19056743,
        48765898,
        70380104,
        104230983,
        178044271,
        284159959,
        366989361,
        476590215,
        620045242,
        811308456,
        1010637271,
        1199086009,
        1525827507,
        1868055360,
        2167324905,
        2484404581,
        2886600251,
        3315418102,
        3760589805,
        4182726833
    ],
    "hit_z": [
        0,
        0,
        0,
        0,
        0,
        0,
        0,
        0,
        0,
        0,
        0,
        0,
        0,
        0,
        0,
        0,
        0,
        0,
        0,
        0,
        0,
        0,
        0,
        0,
        0,
        0
    ],
    "manifest_toml_sha256": "0bc8dd956e2d53dfc75dae382811cbae5159e33b4ab25664d941105fcfb60c81",
    "git_dirty": true,
    "experiment": "rect5x5_dt0p04_l25",
    "overlap_raw": [
        1,
        0.9704879152038246,
        0.8865172215885785,
        0.7600116407532056,
        0.6060475480444001,
        0.43861949246501963,
        0.26833673199635466,
        0.1023095470466129,
        -0.054586213207138176,
        -0.1983457589001249,
        -0.3250580154346524,
        -0.43105355677710966,
        -0.513362137430729,
        -0.5701696738977405,
        -0.6010253651087282,
        -0.6067798152929621,
        -0.589075928390837,
        -0.549444540487551,
        -0.4889111640271941,
        -0.40797955786054013,
        -0.3074407685875145,
        -0.18945473343369815,
        -0.05843006142904357,
        0.07887813262904875,
        0.21415062654909592,
        0.3383372479729916
    ],
    "overlap_dropped": [
        0,
        0,
        0,
        0,
        1.1015918470853715e-6,
        1.3005788016633832e-6,
        9.314700821462682e-6,
        2.8205274232656333e-6,
        7.389206345932079e-6,
        1.5962500293855697e-5,
        1.82635493530804e-5,
        9.337529553811699e-6,
        1.3418777988546542e-5,
        3.026055833216476e-6,
        -2.147021238480182e-5,
        -6.661010554207139e-6,
        -1.2718056665216457e-5,
        -9.492580875373965e-6,
        -3.0348193369988223e-5,
        -1.5761121560739604e-5,
        -1.0595102052455708e-6,
        -2.000715194654449e-5,
        -1.3568387393006838e-5,
        -7.05053263958489e-6,
        3.665509102963756e-6,
        6.150763249359047e-6
    ],
    "rule": {
        "label": "xyz7_d1em07",
        "weight_period": 1,
        "family": "xyz+coeff",
        "tau_z": 0,
        "c_gate": 1.0e-16,
        "tau_xyz": 7,
        "tau_xy": 0,
        "rule_hash": "f54bf14be9",
        "coeff_min": 1.0e-7
    },
    "n_kept": [
        1,
        17,
        906,
        4656,
        14774,
        34946,
        73934,
        131508,
        220578,
        331608,
        482176,
        686523,
        928321,
        1214074,
        1554391,
        1957023,
        2393562,
        2861308,
        3407394,
        3984246,
        4614500,
        5289668,
        5998312,
        6733114,
        7467276,
        8189774
    ],
    "hit_xyz": [
        0,
        0,
        14409,
        1022728,
        5743491,
        9977382,
        19136175,
        48963708,
        70764366,
        104967719,
        179283918,
        286131586,
        369957038,
        481082758,
        626324931,
        819619723,
        1021443543,
        1212825405,
        1542944541,
        1888914813,
        2192412695,
        2513960887,
        2920784215,
        3354521266,
        3805162984,
        4233558178
    ],
    "git_commit": "unknown",