{
    "created_at": "2026-06-11T10:57:30.161",
    "n_complete": 25,
    "drop_coeff_only": [
        0,
        0,
        4,
        1661,
        2643,
        3208,
        5565,
        4620,
        4246,
        5103,
        5750,
        4945,
        4156,
        3418,
        3173,
        4604,
        4015,
        3278,
        2921,
        2658,
        2892,
        2689,
        2990,
        2390,
        1900,
        1566
    ],
    "system": {
        "dt": 0.04,
        "P0_coeff": 1,
        "h": 3.04438,
        "P0_term_hex": "c00",
        "name": "rect4x4_dt0p04_l25",
        "topology_repr": "[(1, 5), (1, 2), (2, 6), (2, 3), (3, 7), (3, 4), (4, 8), (5, 9), (5, 6), (6, 10), (6, 7), (7, 11), (7, 8), (8, 12), (9, 13), (9, 10), (10, 14), (10, 11), (11, 15), (11, 12), (12, 16), (13, 14), (14, 15), (15, 16)]",
        "P0_nqubits": 16,
        "n_layers": 25,
        "g": 0,
        "n_qubits": 16,
        "J": 1
    },
    "julia_version": "1.12.6",
    "n_dropped": [
        0,
        1,
        2763,
        67743,
        150410,
        176321,
        359820,
        416128,
        484310,
        537045,
        689889,
        814168,
        882692,
        908073,
        971621,
        1106084,
        1179509,
        1212331,
        1242801,
        1255835,
        1291828,
        1342923,
        1396455,
        1409185,
        1429368,
        1446268
    ],
    "overlap_kept": [
        1,
        0.9704879152038246,
        0.8865193255644536,
        0.7600282918774197,
        0.6060283225448097,
        0.43817329317498366,
        0.2663165046895897,
        0.09670968580931572,
        -0.06617008827716347,
        -0.21784710494890547,
        -0.3532031321537737,
        -0.4668413560444483,
        -0.553583905175109,
        -0.6084634140023063,
        -0.6264441682187509,
        -0.6027390749207895,
        -0.5343246760976716,
        -0.42224566096587496,
        -0.27337561407455374,
        -0.10029146362706837,
        0.08104406246086056,
        0.25472651903729043,
        0.40772432321287344,
        0.5308259214246348,
        0.6178280514975633,
        0.6642449211095633
    ],
    "hit_any_weight": [
        0,
        1,
        2759,
        66082,
        147767,
        173113,
        354255,
        411508,
        480064,
        531942,
        684139,
        809223,
        878536,
        904655,
        968448,
        1101480,
        1175494,
        1209053,
        1239880,
        1253177,
        1288936,
        1340234,
        1393465,
        1406795,
        1427468,
        1444702
    ],
    "drop_weight_only": [
        0,
        1,
        999,
        8240,
        17231,
        30643,
        49345,
        69681,
        95006,
        120862,
        147945,
        176509,
        214053,
        245714,
        283087,
        321439,
        366800,
        406256,
        449599,
        490905,
        524071,
        557907,
        582915,
        610743,
        636578,
        665923
    ],
    "hit_coeff": [
        0,
        0,
        1764,
        59503,
        133179,
        145678,
        310475,
        346447,
        389304,
        416183,
        541944,
        637659,
        668639,
        662359,
        688534,
        784645,
        812709,
        806075,
        793202,
        764930,
        767757,
        785016,
        813540,
        798442,
        792790,
        780345
    ],
    "drop_coeff_and_weight": [
        0,
        0,
        1760,
        57842,
        130536,
        142470,
        304910,
        341827,
        385058,
        411080,
        536194,
        632714,
        664483,
        658941,
        685361,
        780041,
        808694,
        802797,
        790281,
        762272,
        764865,
        782327,
        810550,
        796052,
        790890,
        778779
    ],
    "hit_z": [
        0,
        0,
        0,
        0,
        0,
        0,
        0,
        0,
        0,
        0,
        0,
        0,
        0,
        0,
        0,
        0,
        0,
        0,
        0,
        0,
        0,
        0,
        0,
        0,
        0,
        0
    ],
    "manifest_toml_sha256": "0bc8dd956e2d53dfc75dae382811cbae5159e33b4ab25664d941105fcfb60c81",
    "git_dirty": true,
    "experiment": "rect4x4_dt0p04_l25",
    "overlap_raw": [
        1,
        0.9704879152038246,
        0.8865193255644536,
        0.7600282918774197,
        0.6060283238630894,
        0.43817330478484756,
        0.2663165043775134,
        0.09670967876660215,
        -0.06617008725773285,
        -0.21784710439285165,
        -0.35320313758923605,
        -0.46684135100733953,
        -0.5535839033886331,
        -0.6084634114548194,
        -0.6264441585272121,
        -0.6027390745609241,
        -0.5343246760976716,
        -0.4222456607575348,
        -0.2733756131031574,
        -0.10029146821229916,
        0.0810440588542151,
        0.25472652152167413,
        0.4077243270031016,
        0.5308259212697887,
        0.6178280505422762,
        0.664244921353444
    ],
    "overlap_dropped": [
        0,
        0,
        0,
        0,
        1.3182796749888672e-9,
        1.160986391970872e-8,
        -3.1207627556891526e-10,
        -7.042713569995468e-9,
        1.0194306278503515e-9,
        5.560538273519519e-10,
        -5.435462351994336e-9,
        5.037108810392875e-9,
        1.7864759969871003e-9,
        2.547486924785698e-9,
        9.691538776548917e-9,
        3.5986533091172757e-10,
        0,
        2.083401670914458e-10,
        9.713963276414123e-10,
        -4.585230796625723e-9,
        -3.6066454583294924e-9,
        2.4843837022951764e-9,
        3.7902281970483635e-9,
        -1.5484615985020102e-10,
        -9.552870844986302e-10,
        2.438806861261012e-10
    ],
    "rule": {
        "label": "xyz5_d1em09",
        "weight_period": 1,
        "family": "xyz+coeff",
        "tau_z": 0,
        "c_gate": 1.0e-16,
        "tau_xyz": 5,
        "tau_xy": 0,
        "rule_hash": "c03f0413bc",
        "coeff_min": 1.0e-9
    },
    "n_kept": [
        1,
        16,
        508,
        2236,
        3608,
        4893,
        6257,
        8211,
        9334,
        10853,
        12426,
        14534,
        15907,
        17181,
        18557,
        19405,
        20476,
        21447,
        22331,
        23018,
        23630,
        24351,
        24850,
        25540,
        26178,
        26750
    ],
    "hit_xyz": [
        0,
        1,
        2759,
        66082,
        147767,
        173113,
        354255,
        411508,
        480064,
        531942,
        684139,
        809223,
        878536,
        904655,
        968448,
        1101480,
        1175494,
        1209053,
        1239880,
        1253177,
        1288936,
        1340234,
        1393465,
        1406795,
        1427468,
        1444702
    ],
    "git_commit": "unknown",
    "n_raw": [
        1,
        17,
        3271,
        69979,
        154018,
        181214,
        366077,
        424339,
        493644,
        547898,
        702315,
        828702,
        898599,
        925254,
        990178,
        1125489,
        1199985,
        1233778,
        1265132,
        1278853,
        1315458,
        1367274,
        1421305,
        1434725,
        1455546,
        1473018
    ],