{
    "created_at": "2026-06-11T09:58:29.883",
    "n_complete": 23,
    "drop_coeff_only": [
        0,
        0,
        3500,
        68903,
        113910,
        304180,
        427081,
        521574,
        915858,
        1116044,
        1275673,
        1766205,
        2166007,
        2580662,
        2941369,
        3328296,
        3626719,
        3997504,
        4463399,
        4771382,
        5192546,
        5680467,
        6062644,
        6322920,
        null,
        null
    ],
    "system": {
        "dt": 0.04,
        "P0_coeff": 1,
        "h": 3.04438,
        "P0_term_hex": "3000000",
        "name": "rect5x5_dt0p04_l25",
        "topology_repr": "[(1, 6), (1, 2), (2, 7), (2, 3), (3, 8), (3, 4), (4, 9), (4, 5), (5, 10), (6, 11), (6, 7), (7, 12), (7, 8), (8, 13), (8, 9), (9, 14), (9, 10), (10, 15), (11, 16), (11, 12), (12, 17), (12, 13), (13, 18), (13, 14), (14, 19), (14, 15), (15, 20), (16, 21), (16, 17), (17, 22), (17, 18), (18, 23), (18, 19), (19, 24), (19, 20), (20, 25), (21, 22), (22, 23), (23, 24), (24, 25)]",
        "P0_nqubits": 25,
        "n_layers": 25,
        "g": 0,
        "n_qubits": 25,
        "J": 1
    },
    "julia_version": "1.12.6",
    "n_dropped": [
        0,
        0,
        17909,
        585313,
        1929763,
        6993606,
        10375781,
        16416843,
        40679098,
        67944897,
        79851184,
        114456987,
        187585704,
        277886389,
        343471981,
        427987324,
        535137195,
        653105525,
        800741146,
        972303954,
        1144839177,
        1391037934,
        1652932438,
        1923913620,
        null,
        null
    ],
    "overlap_kept": [
        1,
        0.9704879152038246,
        0.8865172215885785,
        0.7599947796657479,
        0.6060332929246672,
        0.43861717161468877,
        0.2683101360911637,
        0.10228059278962716,
        -0.05462281692715502,
        -0.1984549747290577,
        -0.32531395898499166,
        -0.4313936602368644,
        -0.5135961694009562,
        -0.5704256437918925,
        -0.6014715370610059,
        -0.6071035375739986,
        -0.5889745785647975,
        -0.5493105091245811,
        -0.4891128618752806,
        -0.4081449285375513,
        -0.3071388565035664,
        -0.18940704780087417,
        -0.05896042515989227,
        0.07850560910651816,
        null,
        null
    ],
    "hit_any_weight": [
        0,
        0,
        14409,
        516410,
        1815853,
        6689426,
        9948700,
        15895269,
        39763240,
        66828853,
        78575511,
        112690782,
        185419697,
        275305727,
        340530612,
        424659028,
        531510476,
        649108021,
        796277747,
        967532572,
        1139646631,
        1385357467,
        1646869794,
        1917590700,
        null,
        null
    ],
    "drop_weight_only": [
        0,
        0,
        0,
        12,
        494,
        3460,
        16238,
        43118,
        88746,
        175074,
        304916,
        486362,
        798000,
        1173315,
        1671581,
        2229791,
        2917005,
        3733900,
        4664195,
        5718190,
        6874186,
        8072821,
        9316291,
        10544471,
        null,
        null
    ],
    "hit_coeff": [
        0,
        0,
        17909,
        585301,
        1929269,
        6990146,
        10359543,
        16373725,
        40590352,
        67769823,
        79546268,
        113970625,
        186787704,
        276713074,
        341800400,
        425757533,
        532220190,
        649371625,
        796076951,
        966585764,
        1137964991,
        1382965113,
        1643616147,
        1913369149,
        null,
        null
    ],
    "drop_coeff_and_weight": [
        0,
        0,
        14409,
        516398,
        1815359,
        6685966,
        9932462,
        15852151,
        39674494,
        66653779,
        78270595,
        112204420,
        184621697,
        274132412,
        338859031,
        422429237,
        528593471,
        645374121,
        791613552,
        961814382,
        1132772445,
        1377284646,
        1637553503,
        1907046229,
        null,
        null
    ],
    "hit_z": [
        0,
        0,
        0,
        0,
        0,
        0,
        0,
        0,
        0,
        0,
        0,
        0,
        0,
        0,
        0,
        0,
        0,
        0,
        0,
        0,
        0,
        0,
        0,
        0,
        null,
        null
    ],
    "manifest_toml_sha256": "0bc8dd956e2d53dfc75dae382811cbae5159e33b4ab25664d941105fcfb60c81",
    "git_dirty": true,
    "experiment": "rect5x5_dt0p04_l25",
    "overlap_raw": [
        1,
        0.9704879152038246,
        0.8865172215885785,
        0.7600033177781236,
        0.6060332929246672,
        0.43862491907707263,
        0.26830773714127676,
        0.10226818613474678,
        -0.054580806902833144,
        -0.19837688724782052,
        -0.32524605189297734,
        -0.4312674067050092,
        -0.5135049621740467,
        -0.570370324364088,
        -0.6013904974619884,
        -0.6069852693011669,
        -0.5889530650044978,
        -0.5494114260973736,
        -0.48911567880949863,
        -0.4080511981945425,
        -0.3073121984008599,
        -0.18953204935890186,
        -0.05912621463834962,
        0.07852250509298182,
        null,
        null
    ],
    "overlap_dropped": [
        0,
        0,
        0,
        8.538112375672358e-6,
        0,
        7.747462383834931e-6,
        -2.398949886982254e-6,
        -1.2406654880385266e-5,
        4.201002432187078e-5,
        7.808748123718418e-5,
        6.790709201432984e-5,
        0.00012625353185519592,
        9.120722690946056e-5,
        5.53194278045233e-5,
        8.103959901748767e-5,
        0.00011826827283165206,
        2.1513560299710117e-5,
        -0.00010091697279241278,
        -2.8169342180514927e-6,
        9.373034300879692e-5,
        -0.00017334189729346423,
        -0.000125001558027686,
        -0.00016578947845734905,
        1.6895986463660913e-5,
        null,
        null
    ],
    "rule": {
        "label": "xyz7_d1em06",
        "weight_period": 1,
        "family": "xyz+coeff",
        "tau_z": 0,
        "c_gate": 1.0e-16,
        "tau_xyz": 7,
        "tau_xy": 0,
        "rule_hash": "3804378557",
        "coeff_min": 1.0e-6
    },
    "n_kept": [
        1,
        17,
        454,
        1755,
        5324,
        12446,
        27355,
        51606,
        90938,
        140608,
        205972,
        288004,
        405700,
        551348,
        722892,
        923656,
        1159084,
        1437352,
        1740865,
        2063186,
        2414614,
        2788442,
        3190404,
        3639028,
        null,
        null
    ],
    "hit_xyz": [
        0,
        0,
        14409,
        516410,
        1815853,
        6689426,
        9948700,
        15895269,
        39763240,
        66828853,
        78575511,
        112690782,
        185419697,
        275305727,
        340530612,
        424659028,
        531510476,
        649108021,
        796277747,
        967532572,
        1139646631,
        1385357467,
        1646869794,
        1917590700,
        null,
        null
    ],
    "git_commit": "unknown",
    "n_raw": [
        1,
        17,
        18363,
        587068,
        1935087,
        7006052,
        10403136,
        16468449,
        40770036,
        68085505,
        80057156,
        114744991,
        187991404,
        278437737,
        344194873,
        428910980,
        536296279,
        654542877,
        802482011,
        974367140,
        1147253791,
        1393826376,
        1656122842,
        1927552648,
        null,
        null
    ],