{
    "created_at": "2026-06-30T16:48:50.675",
    "n_complete": 25,
    "drop_coeff_only": [
        0,
        0,
        0,
        0,
        0,
        0,
        0,
        0,
        0,
        0,
        0,
        0,
        0,
        0,
        0,
        0,
        0,
        0,
        0,
        0,
        0,
        0,
        0,
        0,
        0,
        0
    ],
    "system": {
        "dt": 0.04,
        "P0_coeff": 1,
        "h": 3.04438,
        "P0_term_hex": "3000000",
        "name": "rect5x5_dt0p04_l25",
        "topology_repr": "[(1, 6), (1, 2), (2, 7), (2, 3), (3, 8), (3, 4), (4, 9), (4, 5), (5, 10), (6, 11), (6, 7), (7, 12), (7, 8), (8, 13), (8, 9), (9, 14), (9, 10), (10, 15), (11, 16), (11, 12), (12, 17), (12, 13), (13, 18), (13, 14), (14, 19), (14, 15), (15, 20), (16, 21), (16, 17), (17, 22), (17, 18), (18, 23), (18, 19), (19, 24), (19, 20), (20, 25), (21, 22), (22, 23), (23, 24), (24, 25)]",
        "P0_nqubits": 25,
        "n_layers": 25,
        "g": 0,
        "n_qubits": 25,
        "J": 1
    },
    "julia_version": "1.12.6",
    "n_dropped": [
        0,
        1,
        6491,
        254300,
        988181,
        1718324,
        2605409,
        3618149,
        4690060,
        5741454,
        6828621,
        7916591,
        9072977,
        10049846,
        11297885,
        12305840,
        13402063,
        14251343,
        15235518,
        16032519,
        16753022,
        17350058,
        17879730,
        18308745,
        18841897,
        19326352
    ],
    "overlap_kept": [
        1,
        0.9704879152038246,
        0.8865193255644533,
        0.7600300710875207,
        0.6060508639694442,
        0.438299125851164,
        0.2667591559604531,
        0.09784237606257934,
        -0.06390355828097244,
        -0.21415921062337667,
        -0.3482321220574461,
        -0.46128905270971976,
        -0.548590552184473,
        -0.6052468785098073,
        -0.6258916726504554,
        -0.6051677422944105,
        -0.5394889287952945,
        -0.4294757897564981,
        -0.2816533018281424,
        -0.10818506330804538,
        0.07544674362114835,
        0.2536435100929017,
        0.4131565585626007,
        0.5438878702134204,
        0.6383586733099588,
        0.6910365308699589
    ],
    "hit_any_weight": [
        0,
        1,
        6491,
        254300,
        988181,
        1718324,
        2605409,
        3618149,
        4690060,
        5741454,
        6828621,
        7916591,
        9072977,
        10049846,
        11297885,
        12305840,
        13402063,
        14251343,
        15235518,
        16032519,
        16753022,
        17350058,
        17879730,
        18308745,
        18841897,
        19326352
    ],
    "drop_weight_only": [
        0,
        1,
        6491,
        254300,
        988181,
        1718324,
        2605409,
        3618149,
        4690060,
        5741454,
        6828621,
        7916591,
        9072977,
        10049846,
        11297885,
        12305840,
        13402063,
        14251343,
        15235518,
        16032519,
        16753022,
        17350058,
        17879730,
        18308745,
        18841897,
        19326352
    ],
    "hit_coeff": [
        0,
        0,
        0,
        0,
        0,
        0,
        0,
        0,
        0,
        0,
        0,
        0,
        0,
        0,
        0,
        0,
        0,
        0,
        0,
        0,
        0,
        0,
        0,
        0,
        0,
        0
    ],
    "drop_coeff_and_weight": [
        0,
        0,
        0,
        0,
        0,
        0,
        0,
        0,
        0,
        0,
        0,
        0,
        0,
        0,
        0,
        0,
        0,
        0,
        0,
        0,
        0,
        0,
        0,
        0,
        0,
        0
    ],
    "hit_z": [
        0,
        0,
        0,
        0,
        0,
        0,
        0,
        0,
        0,
        0,
        0,
        0,
        0,
        0,
        0,
        0,
        0,
        0,
        0,
        0,
        0,
        0,
        0,
        0,
        0,
        0
    ],
    "manifest_toml_sha256": "0bc8dd956e2d53dfc75dae382811cbae5159e33b4ab25664d941105fcfb60c81",
    "git_dirty": true,
    "experiment": "rect5x5_dt0p04_l25",
    "overlap_raw": [
        1,
        0.9704879152038246,
        0.8865193255644533,
        0.7600300710875207,
        0.6060508639694442,
        0.438299125851164,
        0.2667591559604531,
        0.09784237606257934,
        -0.06390355828097244,
        -0.21415921062337667,
        -0.3482321220574461,
        -0.46128905270971976,
        -0.548590552184473,
        -0.6052468785098073,
        -0.6258916726504554,
        -0.6051677422944105,
        -0.5394889287952945,
        -0.4294757897564981,
        -0.2816533018281424,
        -0.10818506330804538,
        0.07544674362114835,
        0.2536435100929017,
        0.4131565585626007,
        0.5438878702134204,
        0.6383586733099588,
        0.6910365308699589
    ],
    "overlap_dropped": [
        0,
        0,
        0,
        0,
        0,
        0,
        0,
        0,
        0,
        0,
        0,
        0,
        0,
        0,
        0,
        0,
        0,
        0,
        0,
        0,
        0,
        0,
        0,
        0,
        0,
        0
    ],
    "rule": {
        "label": "xyz5_d0",
        "weight_period": 1,
        "family": "xyz",
        "tau_z": 0,
        "c_gate": 1.0e-16,
        "tau_xyz": 5,
        "tau_xy": 0,
        "rule_hash": "a5f8f57a6a",
        "coeff_min": 0
    },
    "n_kept": [
        1,
        16,
        632,
        6326,
        23742,
        43216,
        53567,
        62075,
        71965,
        80235,
        87854,
        96688,
        102229,
        106966,
        110794,
        115399,
        118787,
        121421,
        124354,
        127507,
        129593,
        131716,
        133864,
        135350,
        137021,
        138768
    ],
    "hit_xyz": [
        0,
        1,
        6491,
        254300,
        988181,
        1718324,
        2605409,
        3618149,
        4690060,
        5741454,
        6828621,
        7916591,
        9072977,
        10049846,
        11297885,
        12305840,
        13402063,
        14251343,
        15235518,
        16032519,
        16753022,
        17350058,
        17879730,
        18308745,
        18841897,
        19326352
    ],
    "git_commit": "unknown",
    "n_raw": [
        1,
        17,
        7123,
        260626,
        1011923,
        1761540,
        2658976,
        3680224,
        4762025,
        5821689,
        6916475,
        8013279,
        9175206,
        10156812,
        11408679,
        12421239,
        13520850,
        14372764,
        15359872,
        16160026,
        16882615,
        17481774,
        18013594,
        18444095,
        18978918,
        19465120
    ],
    "weight_second_moment_raw": [
        1,
        1.0014855488533987,
        1.012575112918562,
        1.0459130594021753,
        1.1130747760387045,
        1.2193831152224346,
        1.3612241874562283,
        1.526725799718247,
        1.6992585803884575,
        1.8622842381606048,
        2.003802268525751,
        2.118927689719352,
        2.2098608942847817,
        2.283547633240635,
        2.3482682963748736,
        2.410672834159936,
        2.474191199518664,
        2.538799863597154,
        2.601582180517676,
        2.657632916178002,
        2.7011779691477953,
        2.72681614564428,
        2.730603185513944,
        2.710696608468068,
        2.6675589414538905,
        2.603906910608692
    ],