{
    "created_at": "2026-06-30T16:17:18.016",
    "n_complete": 11,
    "drop_coeff_only": [
        0,
        0,
        4974,
        694852,
        2815458,
        5797403,
        9837895,
        13730501,
        19398804,
        26981732,
        32114150,
        39818970,
        null,
        null,
        null,
        null,
        null,
        null,
        null,
        null,
        null,
        null,
        null,
        null,
        null,
        null
    ],
    "system": {
        "dt": 0.04,
        "P0_coeff": 1,
        "h": 3.04438,
        "P0_term_hex": "3000000",
        "name": "rect5x5_dt0p04_l25",
        "topology_repr": "[(1, 6), (1, 2), (2, 7), (2, 3), (3, 8), (3, 4), (4, 9), (4, 5), (5, 10), (6, 11), (6, 7), (7, 12), (7, 8), (8, 13), (8, 9), (9, 14), (9, 10), (10, 15), (11, 16), (11, 12), (12, 17), (12, 13), (13, 18), (13, 14), (14, 19), (14, 15), (15, 20), (16, 21), (16, 17), (17, 22), (17, 18), (18, 23), (18, 19), (19, 24), (19, 20), (20, 25), (21, 22), (22, 23), (23, 24), (24, 25)]",
        "P0_nqubits": 25,
        "n_layers": 25,
        "g": 0,
        "n_qubits": 25,
        "J": 1
    },
    "julia_version": "1.12.6",
    "n_dropped": [
        0,
        0,
        15803,
        5528473,
        33708698,
        92760176,
        237581315,
        473212868,
        836187227,
        1527341356,
        2505857625,
        3681353293,
        null,
        null,
        null,
        null,
        null,
        null,
        null,
        null,
        null,
        null,
        null,
        null,
        null,
        null
    ],
    "overlap_kept": [
        1,
        0.9704879152038246,
        0.8865172215885785,
        0.760011567221867,
        0.6060446334570883,
        0.4386167236347537,
        0.2683297517271158,
        0.10232682897648046,
        -0.05443601344513734,
        -0.19783310664313297,
        -0.32391386471253675,
        -0.42902799239046724,
        null,
        null,
        null,
        null,
        null,
        null,
        null,
        null,
        null,
        null,
        null,
        null,
        null,
        null
    ],
    "hit_any_weight": [
        0,
        0,
        10829,
        4833621,
        30893240,
        86962773,
        227743420,
        459482367,
        816788423,
        1500359624,
        2473743475,
        3641534323,
        null,
        null,
        null,
        null,
        null,
        null,
        null,
        null,
        null,
        null,
        null,
        null,
        null,
        null
    ],
    "drop_weight_only": [
        0,
        0,
        108,
        5648,
        74862,
        401476,
        1424244,
        3816179,
        8510146,
        16646897,
        30455953,
        52178847,
        null,
        null,
        null,
        null,
        null,
        null,
        null,
        null,
        null,
        null,
        null,
        null,
        null,
        null
    ],
    "hit_coeff": [
        0,
        0,
        15695,
        5522825,
        33633836,
        92358700,
        236157071,
        469396689,
        827677081,
        1510694459,
        2475401672,
        3629174446,
        null,
        null,
        null,
        null,
        null,
        null,
        null,
        null,
        null,
        null,
        null,
        null,
        null,
        null
    ],
    "drop_coeff_and_weight": [
        0,
        0,
        10721,
        4827973,
        30818378,
        86561297,
        226319176,
        455666188,
        808278277,
        1483712727,
        2443287522,
        3589355476,
        null,
        null,
        null,
        null,
        null,
        null,
        null,
        null,
        null,
        null,
        null,
        null,
        null,
        null
    ],
    "hit_z": [
        0,
        0,
        0,
        0,
        0,
        0,
        0,
        0,
        0,
        0,
        0,
        0,
        null,
        null,
        null,
        null,
        null,
        null,
        null,
        null,
        null,
        null,
        null,
        null,
        null,
        null
    ],
    "manifest_toml_sha256": "0bc8dd956e2d53dfc75dae382811cbae5159e33b4ab25664d941105fcfb60c81",
    "git_dirty": true,
    "experiment": "rect5x5_dt0p04_l25",
    "overlap_raw": [
        1,
        0.9704879152038246,
        0.8865172215885785,
        0.7600115613640966,
        0.6060447509288325,
        0.43861669032883216,
        0.2683299305121614,
        0.10232691836431687,
        -0.05443578018479682,
        -0.19783264241042067,
        -0.3239132113681263,
        -0.42902703989289387,
        null,
        null,
        null,
        null,
        null,
        null,
        null,
        null,
        null,
        null,
        null,
        null,
        null,
        null
    ],
    "overlap_dropped": [
        0,
        0,
        0,
        -5.85777035575785e-9,
        1.1747174418003646e-7,
        -3.3305921544117334e-8,
        1.7878504562564458e-7,
        8.938783641459542e-8,
        2.3326034052273199e-7,
        4.642327122863917e-7,
        6.533444104614596e-7,
        9.524975733576472e-7,
        null,
        null,
        null,
        null,
        null,
        null,
        null,
        null,
        null,
        null,
        null,
        null,
        null,
        null
    ],
    "rule": {
        "label": "xyz8_d1em09",
        "weight_period": 1,
        "family": "xyz+coeff",
        "tau_z": 0,
        "c_gate": 1.0e-16,
        "tau_xyz": 8,
        "tau_xy": 0,
        "rule_hash": "051065ea5b",
        "coeff_min": 1.0e-9
    },
    "n_kept": [
        1,
        17,
        2560,
        36702,
        145762,
        416035,
        966533,
        1900882,
        3302635,
        5411202,
        8105344,
        11579886,
        null,
        null,
        null,
        null,
        null,
        null,
        null,
        null,
        null,
        null,
        null,
        null,
        null,
        null
    ],
    "hit_xyz": [
        0,
        0,
        10829,
        4833621,
        30893240,
        86962773,
        227743420,
        459482367,
        816788423,
        1500359624,
        2473743475,
        3641534323,
        null,
        null,
        null,
        null,
        null,
        null,
        null,
        null,
        null,
        null,
        null,
        null,
        null,
        null
    ],
    "git_commit": "unknown",
    "n_raw": [
        1,
        17,
        18363,
        5565175,
        33854460,
        93176211,
        238547848,
        475113750,
        839489862,
        1532752558,
        2513962969,
        3692933179,
        null,
        null,
        null,
        null,
        null,
        null,
        null,
        null,
        null,
        null,
        null,
        null,
        null,
        null
    ],
    "weight_second_moment_raw": [
        1,
        1.0014855488533987,
        1.0125751141247017,
        1.0459133068528683,
        1.113081427697281,
        1.2194554760635883,
        1.3616808347116283,
        1.5287052447933192,
        1.7057521373020483,
        1.87945158402225,
        2.042041226996107,
        2.1931304731391363,
        null,
        null,
        null,
        null,
        null,
        null,
        null,
        null,
        null,
        null,
        null,
        null,
        null,
        null
    ],
    "hit_multiple_weight": [
        0,
        0,
        0,
        0,
        0,
        0,
        0,
        0,
        0,
        0,
        0,
        0,
        null,
        null,
        null,
        null,
        null,
        null,
        null,
        null,
        null,
        null,
        null,
        null,
        null,
        null
    ],