{
    "created_at": "2026-06-11T05:19:57.782",
    "n_complete": 25,
    "drop_coeff_only": [
        0,
        0,
        6204,
        297091,
        1067896,
        2900430,
        5355040,
        10865511,
        19172773,
        28072744,
        39990953,
        53441519,
        65048536,
        74463213,
        82250509,
        86583125,
        87717510,
        85949844,
        82163870,
        76837533,
        70510214,
        63678935,
        56669103,
        49773514,
        43166190,
        36992269
    ],
    "system": {
        "dt": 0.04,
        "P0_coeff": 1,
        "h": 3.04438,
        "P0_term_hex": "c00",
        "name": "rect4x4_dt0p04_l25",
        "topology_repr": "[(1, 5), (1, 2), (2, 6), (2, 3), (3, 7), (3, 4), (4, 8), (5, 9), (5, 6), (6, 10), (6, 7), (7, 11), (7, 8), (8, 12), (9, 13), (9, 10), (10, 14), (10, 11), (11, 15), (11, 12), (12, 16), (13, 14), (14, 15), (15, 16)]",
        "P0_nqubits": 16,
        "n_layers": 25,
        "g": 0,
        "n_qubits": 16,
        "J": 1
    },
    "julia_version": "1.12.6",
    "n_dropped": [
        0,
        0,
        6204,
        340146,
        1515942,
        4907053,
        12553618,
        32008078,
        68107027,
        118566462,
        195690635,
        299750334,
        414606993,
        534745557,
        653265904,
        752110674,
        833390105,
        892146343,
        933907702,
        961495939,
        978387152,
        987650842,
        990985432,
        991359439,
        989715680,
        986845071
    ],
    "overlap_kept": [
        1,
        0.9704879152038246,
        0.8865172215885787,
        0.7600057909015381,
        0.6059759615652669,
        0.43824621909224615,
        0.2670828331767558,
        0.09925007493002443,
        -0.060548350770753344,
        -0.20800683857437402,
        -0.33845015826372976,
        -0.44713061402537846,
        -0.5297607388273494,
        -0.583193846613038,
        -0.6054530685329782,
        -0.5957162980934732,
        -0.5544853279902716,
        -0.48347455419406815,
        -0.38591698513982675,
        -0.2667965175263291,
        -0.1326441935111358,
        0.008947888468538731,
        0.1498324310449585,
        0.281695705478488,
        0.39689811350780735,
        0.48913336300081367
    ],
    "hit_any_weight": [
        0,
        0,
        0,
        43055,
        448046,
        2006623,
        7198578,
        21142567,
        48934254,
        90493718,
        155699682,
        246308815,
        349558457,
        460282344,
        571015395,
        665527549,
        745672595,
        806196499,
        851743832,
        884658406,
        907876938,
        923971907,
        934316329,
        941585925,
        946549490,
        949852802
    ],
    "drop_weight_only": [
        0,
        0,
        0,
        0,
        34,
        1135,
        8719,
        39473,
        118707,
        302069,
        682400,
        1341100,
        2426060,
        4141246,
        6648908,
        10186194,
        15091945,
        21502706,
        29402037,
        38799657,
        49797674,
        62496080,
        76847765,
        92595661,
        109306790,
        126520999
    ],
    "hit_coeff": [
        0,
        0,
        6204,
        340146,
        1515908,
        4905918,
        12544899,
        31968605,
        67988320,
        118264393,
        195008235,
        298409234,
        412180933,
        530604311,
        646616996,
        741924480,
        818298160,
        870643637,
        904505665,
        922696282,
        928589478,
        925154762,
        914137667,
        898763778,
        880408890,
        860324072
    ],
    "drop_coeff_and_weight": [
        0,
        0,
        0,
        43055,
        448012,
        2005488,
        7189859,
        21103094,
        48815547,
        90191649,
        155017282,
        244967715,
        347132397,
        456141098,
        564366487,
        655341355,
        730580650,
        784693793,
        822341795,
        845858749,
        858079264,
        861475827,
        857468564,
        848990264,
        837242700,
        823331803
    ],
    "hit_z": [
        0,
        0,
        0,
        0,
        0,
        0,
        0,
        0,
        0,
        0,
        0,
        0,
        0,
        0,
        0,
        0,
        0,
        0,
        0,
        0,
        0,
        0,
        0,
        0,
        0,
        0
    ],
    "manifest_toml_sha256": "0bc8dd956e2d53dfc75dae382811cbae5159e33b4ab25664d941105fcfb60c81",
    "git_dirty": true,
    "experiment": "rect4x4_dt0p04_l25",
    "overlap_raw": [
        1,
        0.9704879152038246,
        0.8865172215885787,
        0.7600057457163321,
        0.6059767108827676,
        0.43824732692418655,
        0.2670905346615691,
        0.09924979206177535,
        -0.060545406435717805,
        -0.20799227290382175,
        -0.3384422186673466,
        -0.4471173335693183,
        -0.5297531378414169,
        -0.5831931570163582,
        -0.605457839429229,
        -0.5957122927870704,
        -0.5544817612228612,
        -0.48347666339000983,
        -0.3859164223475697,
        -0.2668006143472865,
        -0.13264875115728444,
        0.008951840578872487,
        0.1498424933016038,
        0.2816980238070149,
        0.39689620460446345,
        0.4891266930914985
    ],
    "overlap_dropped": [
        0,
        0,
        0,
        -4.518520599323655e-8,
        7.493175006639465e-7,
        1.1078319403954234e-6,
        7.701484813302691e-6,
        -2.8286824906830325e-7,
        2.9443350355383263e-6,
        1.4565670552285305e-5,
        7.93959638316427e-6,
        1.3280456060155613e-5,
        7.6009859326044545e-6,
        6.895966797287714e-7,
        -4.770896250799356e-6,
        4.0053064028177795e-6,
        3.566767410448756e-6,
        -2.1091959416671867e-6,
        5.627922570489529e-7,
        -4.096820957428199e-6,
        -4.557646148644525e-6,
        3.952110333756568e-6,
        1.0062256645286714e-5,
        2.3183285269435865e-6,
        -1.9089033439118212e-6,
        -6.669909315176575e-6
    ],
    "rule": {
        "label": "xy6_d1em07",
        "weight_period": 1,
        "family": "xy+coeff",
        "tau_z": 0,
        "c_gate": 1.0e-16,
        "tau_xyz": 0,
        "tau_xy": 6,
        "rule_hash": "b7d20a378a",
        "coeff_min": 1.0e-7
    },
    "n_kept": [
        1,
        17,
        732,
        3411,
        12066,
        35973,
        93127,
        213045,
        435226,
        819343,
        1451488,
        2441614,
        3942326,
        6036338,
        8820321,
        12357654,
        16709759,
        21904262,
        27882460,
        34480574,
        41544364,
        48780497,
        55976356,
        62957395,
        69598697,
        75791361
    ],
    "hit_xyz": [
        0,
        0,
        0,
        0,
        0,
        0,
        0,
        0,
        0,
        0,
        0,
        0,
        0,
        0,
        0,
        0,
        0,
        0,
        0,
        0,
        0,
        0,
        0,
        0,
        0,
        0
    ],
    "git_commit": "unknown",
    "n_raw": [
        1,
        17,
        6936,
        343557,
        1528008,
        4943026,
        12646745,
        32221123,
        68542253,
        119385805,
        197142123,
        302191948,
        418549319,
        540781895,
        662086225,
        764468328,
        850099864,
        914050605,
        961790162,
        995976513,
        1019931516,
        1036431339,
        1046961788,
        1054316834,
        1059314377,
        1062636432
    ],