{
    "created_at": "2026-06-11T01:31:47.661",
    "n_complete": 25,
    "drop_coeff_only": [
        0,
        1,
        3132,
        28694,
        146230,
        441446,
        851392,
        2613204,
        3749808,
        7773877,
        13714770,
        21197840,
        30123652,
        42993352,
        54702271,
        70619607,
        90331634,
        108373345,
        129048758,
        146628825,
        164265333,
        178294954,
        191962727,
        200860971,
        207267253,
        210644902
    ],
    "system": {
        "dt": 0.04,
        "P0_coeff": 1,
        "h": 3.04438,
        "P0_term_hex": "c00",
        "name": "rect4x4_dt0p04_l25",
        "topology_repr": "[(1, 5), (1, 2), (2, 6), (2, 3), (3, 7), (3, 4), (4, 8), (5, 9), (5, 6), (6, 10), (6, 7), (7, 11), (7, 8), (8, 12), (9, 13), (9, 10), (10, 14), (10, 11), (11, 15), (11, 12), (12, 16), (13, 14), (14, 15), (15, 16)]",
        "P0_nqubits": 16,
        "n_layers": 25,
        "g": 0,
        "n_qubits": 16,
        "J": 1
    },
    "julia_version": "1.12.6",
    "n_dropped": [
        0,
        1,
        3132,
        28694,
        146230,
        448274,
        873215,
        2895961,
        4712349,
        10213311,
        19520371,
        35470810,
        53495753,
        86064703,
        122712637,
        173189364,
        239352289,
        308694906,
        395701332,
        479312601,
        566632166,
        641755700,
        712473781,
        763934827,
        808767903,
        840095385
    ],
    "overlap_kept": [
        1,
        0.9704879152038246,
        0.8865193255644536,
        0.7599969684040517,
        0.6058380517237509,
        0.438015414703902,
        0.26702790384755587,
        0.09913952909404375,
        -0.06098610021566478,
        -0.20868433785874863,
        -0.3391332985509964,
        -0.44813886998495894,
        -0.5317885575959014,
        -0.5868351730355373,
        -0.6114229977154964,
        -0.6046503158914713,
        -0.5673735972403703,
        -0.5004778636842446,
        -0.4070042043553916,
        -0.2923441418570645,
        -0.1621727249938294,
        -0.02582364519988855,
        0.10595741662023365,
        0.22741303173943925,
        0.33589330246561583,
        0.4274802204564602
    ],
    "hit_any_weight": [
        0,
        0,
        0,
        0,
        0,
        6828,
        21823,
        282757,
        962541,
        2439434,
        5805601,
        14272970,
        23372101,
        43071351,
        68010366,
        102569757,
        149020655,
        200321561,
        266652574,
        332683776,
        402366833,
        463460746,
        520511054,
        563073856,
        601500650,
        629450483
    ],
    "drop_weight_only": [
        0,
        0,
        0,
        0,
        0,
        0,
        0,
        0,
        47,
        511,
        2704,
        8698,
        19689,
        42672,
        81321,
        132924,
        206336,
        305151,
        449662,
        648272,
        891007,
        1173712,
        1495621,
        1876617,
        2325425,
        2836590
    ],
    "hit_coeff": [
        0,
        1,
        3132,
        28694,
        146230,
        448274,
        873215,
        2895961,
        4712302,
        10212800,
        19517667,
        35462112,
        53476064,
        86022031,
        122631316,
        173056440,
        239145953,
        308389755,
        395251670,
        478664329,
        565741159,
        640581988,
        710978160,
        762058210,
        806442478,
        837258795
    ],
    "drop_coeff_and_weight": [
        0,
        0,
        0,
        0,
        0,
        6828,
        21823,
        282757,
        962494,
        2438923,
        5802897,
        14264272,
        23352412,
        43028679,
        67929045,
        102436833,
        148814319,
        200016410,
        266202912,
        332035504,
        401475826,
        462287034,
        519015433,
        561197239,
        599175225,
        626613893
    ],
    "hit_z": [
        0,
        0,
        0,
        0,
        0,
        0,
        0,
        0,
        0,
        0,
        0,
        0,
        0,
        0,
        0,
        0,
        0,
        0,
        0,
        0,
        0,
        0,
        0,
        0,
        0,
        0
    ],
    "manifest_toml_sha256": "0bc8dd956e2d53dfc75dae382811cbae5159e33b4ab25664d941105fcfb60c81",
    "git_dirty": true,
    "experiment": "rect4x4_dt0p04_l25",
    "overlap_raw": [
        1,
        0.9704879152038246,
        0.8865193255644536,
        0.7599969684040517,
        0.6058843758648814,
        0.4381437951797388,
        0.26703620784691484,
        0.09918302509228664,
        -0.060878533263375924,
        -0.2084024731941947,
        -0.33901361012933773,
        -0.44816938251993954,
        -0.5316315674151827,
        -0.5864280465671137,
        -0.610853057268392,
        -0.6040541421574672,
        -0.5665888800537638,
        -0.5003665204784301,
        -0.4074193126424224,
        -0.29236835671774325,
        -0.16215060630809205,
        -0.02615774811518043,
        0.10509977384234792,
        0.22632373423537258,
        0.3351636660973318,
        0.426790332939037
    ],
    "overlap_dropped": [
        0,
        0,
        0,
        0,
        4.632414113044228e-5,
        0.0001283804758367748,
        8.303999358948385e-6,
        4.349599824289534e-5,
        0.00010756695228885822,
        0.0002818646645539347,
        0.0001196884216586421,
        -3.051253498057932e-5,
        0.00015699018071866532,
        0.00040712646842363046,
        0.0005699404471043019,
        0.0005961737340040821,
        0.0007847171866064739,
        0.00011134320581450631,
        -0.0004151082870308548,
        -2.42148606787979e-5,
        2.2118685737333264e-5,
        -0.0003341029152918793,
        -0.0008576427778857375,
        -0.0010892975040666692,
        -0.0007296363682840431,
        -0.0006898875174232338
    ],
    "rule": {
        "label": "xy7_d1em05",
        "weight_period": 1,
        "family": "xy+coeff",
        "tau_z": 0,
        "c_gate": 1.0e-16,
        "tau_xyz": 0,
        "tau_xy": 7,
        "rule_hash": "af6757c897",
        "coeff_min": 1.0e-5
    },
    "n_kept": [
        1,
        16,
        139,
        450,
        1169,
        2901,
        6651,
        14415,
        28561,
        53821,
        95452,
        161434,
        268589,
        429226,
        659610,
        960225,
        1342529,
        1840765,
        2494104,
        3319201,
        4324293,
        5488669,
        6782126,
        8232090,
        9859944,
        11674624
    ],
    "hit_xyz": [
        0,
        0,
        0,
        0,
        0,
        0,
        0,
        0,
        0,
        0,
        0,
        0,
        0,
        0,
        0,
        0,
        0,
        0,
        0,
        0,
        0,
        0,
        0,
        0,
        0,
        0
    ],
    "git_commit": "unknown",
    "n_raw": [
        1,
        17,
        3271,
        29144,
        147399,
        451175,
        879866,
        2910376,
        4740910,
        10267132,
        19615823,
        35632244,
        53764342,
        86493929,
        123372247,
        174149589,
        240694818,
        310535671,
        398195436,
        482631802,
        570956459,
        647244369,
        719255907,
        772166917,
        818627847,
        851770009
    ],