{
    "created_at": "2026-06-11T14:05:19.263",
    "n_complete": 25,
    "drop_coeff_only": [
        0,
        0,
        0,
        0,
        0,
        0,
        0,
        0,
        0,
        0,
        0,
        0,
        0,
        0,
        0,
        0,
        0,
        0,
        0,
        0,
        0,
        0,
        0,
        0,
        0,
        0
    ],
    "system": {
        "dt": 0.04,
        "P0_coeff": 1,
        "h": 3.04438,
        "P0_term_hex": "c00",
        "name": "rect4x4_dt0p04_l25",
        "topology_repr": "[(1, 5), (1, 2), (2, 6), (2, 3), (3, 7), (3, 4), (4, 8), (5, 9), (5, 6), (6, 10), (6, 7), (7, 11), (7, 8), (8, 12), (9, 13), (9, 10), (10, 14), (10, 11), (11, 15), (11, 12), (12, 16), (13, 14), (14, 15), (15, 16)]",
        "P0_nqubits": 16,
        "n_layers": 25,
        "g": 0,
        "n_qubits": 16,
        "J": 1
    },
    "julia_version": "1.12.6",
    "n_dropped": [
        0,
        0,
        5610,
        246993,
        1178630,
        2406750,
        3638825,
        4940631,
        6267140,
        7592033,
        8892644,
        10133153,
        11307135,
        12366454,
        13309120,
        14151395,
        14808142,
        15459960,
        16001631,
        16505906,
        16962706,
        17324392,
        17675248,
        17967963,
        18200912,
        18424378
    ],
    "overlap_kept": [
        1,
        0.9704879152038246,
        0.8865172215885787,
        0.7600057862768111,
        0.6059767180362492,
        0.4382592759259302,
        0.26712869667825345,
        0.09932218353448045,
        -0.06049217568035632,
        -0.20811897578638816,
        -0.3390293267641375,
        -0.44855868040211927,
        -0.5326939015861284,
        -0.588719136922994,
        -0.6151801154948066,
        -0.6112599614338555,
        -0.5762519618663446,
        -0.5098116907749566,
        -0.41304129334461837,
        -0.2897706140978444,
        -0.14722018384931454,
        0.0044229994882582935,
        0.15350150232100576,
        0.28906953125072066,
        0.4030783944358121,
        0.4916792722165923
    ],
    "hit_any_weight": [
        0,
        0,
        5610,
        246993,
        1178630,
        2406750,
        3638825,
        4940631,
        6267140,
        7592033,
        8892644,
        10133153,
        11307135,
        12366454,
        13309120,
        14151395,
        14808142,
        15459960,
        16001631,
        16505906,
        16962706,
        17324392,
        17675248,
        17967963,
        18200912,
        18424378
    ],
    "drop_weight_only": [
        0,
        0,
        5610,
        246993,
        1178630,
        2406750,
        3638825,
        4940631,
        6267140,
        7592033,
        8892644,
        10133153,
        11307135,
        12366454,
        13309120,
        14151395,
        14808142,
        15459960,
        16001631,
        16505906,
        16962706,
        17324392,
        17675248,
        17967963,
        18200912,
        18424378
    ],
    "hit_coeff": [
        0,
        0,
        0,
        0,
        0,
        0,
        0,
        0,
        0,
        0,
        0,
        0,
        0,
        0,
        0,
        0,
        0,
        0,
        0,
        0,
        0,
        0,
        0,
        0,
        0,
        0
    ],
    "drop_coeff_and_weight": [
        0,
        0,
        0,
        0,
        0,
        0,
        0,
        0,
        0,
        0,
        0,
        0,
        0,
        0,
        0,
        0,
        0,
        0,
        0,
        0,
        0,
        0,
        0,
        0,
        0,
        0
    ],
    "hit_z": [
        0,
        0,
        0,
        0,
        0,
        0,
        0,
        0,
        0,
        0,
        0,
        0,
        0,
        0,
        0,
        0,
        0,
        0,
        0,
        0,
        0,
        0,
        0,
        0,
        0,
        0
    ],
    "manifest_toml_sha256": "0bc8dd956e2d53dfc75dae382811cbae5159e33b4ab25664d941105fcfb60c81",
    "git_dirty": true,
    "experiment": "rect4x4_dt0p04_l25",
    "overlap_raw": [
        1,
        0.9704879152038246,
        0.8865172215885787,
        0.7600057862768111,
        0.6059767180362492,
        0.4382592759259302,
        0.26712869667825345,
        0.09932218353448045,
        -0.06049217568035632,
        -0.20811897578638816,
        -0.3390293267641375,
        -0.44855868040211927,
        -0.5326939015861284,
        -0.588719136922994,
        -0.6151801154948066,
        -0.6112599614338555,
        -0.5762519618663446,
        -0.5098116907749566,
        -0.41304129334461837,
        -0.2897706140978444,
        -0.14722018384931454,
        0.0044229994882582935,
        0.15350150232100576,
        0.28906953125072066,
        0.4030783944358121,
        0.4916792722165923
    ],
    "overlap_dropped": [
        0,
        0,
        0,
        0,
        0,
        0,
        0,
        0,
        0,
        0,
        0,
        0,
        0,
        0,
        0,
        0,
        0,
        0,
        0,
        0,
        0,
        0,
        0,
        0,
        0,
        0
    ],
    "rule": {
        "label": "xyz6_d0",
        "weight_period": 1,
        "family": "xyz",
        "tau_z": 0,
        "c_gate": 1.0e-16,
        "tau_xyz": 6,
        "tau_xy": 0,
        "rule_hash": "913a48fe7e",
        "coeff_min": 0
    },
    "n_kept": [
        1,
        17,
        1326,
        25490,
        87444,
        137139,
        173406,
        200797,
        222530,
        238295,
        250953,
        260960,
        268582,
        273906,
        277924,
        280292,
        281979,
        283680,
        284655,
        285507,
        286001,
        286412,
        286730,
        286941,
        287180,
        287363
    ],
    "hit_xyz": [
        0,
        0,
        5610,
        246993,
        1178630,
        2406750,
        3638825,
        4940631,
        6267140,
        7592033,
        8892644,
        10133153,
        11307135,
        12366454,
        13309120,
        14151395,
        14808142,
        15459960,
        16001631,
        16505906,
        16962706,
        17324392,
        17675248,
        17967963,
        18200912,
        18424378
    ],
    "git_commit": "unknown",
    "n_raw": [
        1,
        17,
        6936,
        272483,
        1266074,
        2543889,
        3812231,
        5141428,
        6489670,
        7830328,
        9143597,
        10394113,
        11575717,
        12640360,
        13587044,
        14431687,
        15090121,
        15743640,
        16286286,
        16791413,
        17248707,
        17610804,
        17961978,
        18254904,
        18488092,
        18711741
    ],
    "weight_second_moment_raw": [
        1,
        1.001485548853399,
        1.0125748382677757,
        1.0459061496667865,
        1.1130212758911882,
        1.219161214057842,
        1.360646353124944,
        1.5257962588069371,
        1.6987860931598462,
        1.864703724286554,
        2.0138331744938616,
        2.143763476783315,
        2.258860950288419,
        2.3675539456709527,
        2.4785740280530364,
        2.5976174126020726,
        2.7256358450571687,
        2.859141207332256,
        2.9919268749746415,
        3.11708122784551,
        3.2283939221353575,
        3.3209447157261414,
        3.3912223775436336,
        3.4371931576124344,
        3.4584435388931367,
        3.456225432085519
    ],
    "hit_multiple_weight": [
        0,
        0,
        0,
        0,
        0,
        0,
        0,
        0,
        0,
        0,
        0,
        0,
        0,
        0,
        0,
        0,
        0,
        0,
        0,
        0,
        0,
        0,
        0,
        0,
        0,
        0
    ],