{
    "created_at": "2026-06-11T17:18:16.231",
    "n_complete": 25,
    "drop_coeff_only": [
        0,
        0,
        0,
        0,
        0,
        0,
        0,
        0,
        0,
        0,
        0,
        0,
        0,
        0,
        0,
        0,
        0,
        0,
        0,
        0,
        0,
        0,
        0,
        0,
        0,
        0
    ],
    "system": {
        "dt": 0.04,
        "P0_coeff": 1,
        "h": 3.04438,
        "P0_term_hex": "c00",
        "name": "rect4x4_dt0p04_l25",
        "topology_repr": "[(1, 5), (1, 2), (2, 6), (2, 3), (3, 7), (3, 4), (4, 8), (5, 9), (5, 6), (6, 10), (6, 7), (7, 11), (7, 8), (8, 12), (9, 13), (9, 10), (10, 14), (10, 11), (11, 15), (11, 12), (12, 16), (13, 14), (14, 15), (15, 16)]",
        "P0_nqubits": 16,
        "n_layers": 25,
        "g": 0,
        "n_qubits": 16,
        "J": 1
    },
    "julia_version": "1.12.6",
    "n_dropped": [
        0,
        0,
        0,
        36842,
        2363975,
        21887847,
        88074094,
        214303958,
        370789102,
        499147636,
        575891905,
        613102644,
        629247383,
        636156265,
        639168093,
        640552257,
        641233286,
        641588069,
        641790092,
        641912473,
        641991065,
        642043456,
        642078586,
        642103564,
        642119921,
        642132039
    ],
    "overlap_kept": [
        1,
        0.9704879152038246,
        0.8865172215885787,
        0.7600057417202594,
        0.605975519715425,
        0.43824989057393215,
        0.267093885448592,
        0.09925276678873476,
        -0.060546677468467806,
        -0.2080130479834887,
        -0.3385554977578675,
        -0.44751282607473863,
        -0.5308463100946695,
        -0.5856858580993579,
        -0.6104526619975807,
        -0.604710641655375,
        -0.5690726156931717,
        -0.5053307440633611,
        -0.41670693631036954,
        -0.3079832245733934,
        -0.1853496664176052,
        -0.05598367599794037,
        0.07250732429602451,
        0.19265316544619585,
        0.29764746200791936,
        0.38183364745775694
    ],
    "hit_any_weight": [
        0,
        0,
        0,
        36842,
        2363975,
        21887847,
        88074094,
        214303958,
        370789102,
        499147636,
        575891905,
        613102644,
        629247383,
        636156265,
        639168093,
        640552257,
        641233286,
        641588069,
        641790092,
        641912473,
        641991065,
        642043456,
        642078586,
        642103564,
        642119921,
        642132039
    ],
    "drop_weight_only": [
        0,
        0,
        0,
        36842,
        2363975,
        21887847,
        88074094,
        214303958,
        370789102,
        499147636,
        575891905,
        613102644,
        629247383,
        636156265,
        639168093,
        640552257,
        641233286,
        641588069,
        641790092,
        641912473,
        641991065,
        642043456,
        642078586,
        642103564,
        642119921,
        642132039
    ],
    "hit_coeff": [
        0,
        0,
        0,
        0,
        0,
        0,
        0,
        0,
        0,
        0,
        0,
        0,
        0,
        0,
        0,
        0,
        0,
        0,
        0,
        0,
        0,
        0,
        0,
        0,
        0,
        0
    ],
    "drop_coeff_and_weight": [
        0,
        0,
        0,
        0,
        0,
        0,
        0,
        0,
        0,
        0,
        0,
        0,
        0,
        0,
        0,
        0,
        0,
        0,
        0,
        0,
        0,
        0,
        0,
        0,
        0,
        0
    ],
    "hit_z": [
        0,
        0,
        0,
        0,
        0,
        0,
        0,
        0,
        0,
        0,
        0,
        0,
        0,
        0,
        0,
        0,
        0,
        0,
        0,
        0,
        0,
        0,
        0,
        0,
        0,
        0
    ],
    "manifest_toml_sha256": "0bc8dd956e2d53dfc75dae382811cbae5159e33b4ab25664d941105fcfb60c81",
    "git_dirty": true,
    "experiment": "rect4x4_dt0p04_l25",
    "overlap_raw": [
        1,
        0.9704879152038246,
        0.8865172215885787,
        0.7600057417202594,
        0.605975519715425,
        0.43824989057393215,
        0.267093885448592,
        0.09925276678873476,
        -0.060546677468467806,
        -0.2080130479834887,
        -0.3385554977578675,
        -0.44751282607473863,
        -0.5308463100946695,
        -0.5856858580993579,
        -0.6104526619975807,
        -0.604710641655375,
        -0.5690726156931717,
        -0.5053307440633611,
        -0.41670693631036954,
        -0.3079832245733934,
        -0.1853496664176052,
        -0.05598367599794037,
        0.07250732429602451,
        0.19265316544619585,
        0.29764746200791936,
        0.38183364745775694
    ],
    "overlap_dropped": [
        0,
        0,
        0,
        0,
        0,
        0,
        0,
        0,
        0,
        0,
        0,
        0,
        0,
        0,
        0,
        0,
        0,
        0,
        0,
        0,
        0,
        0,
        0,
        0,
        0,
        0
    ],
    "rule": {
        "label": "xy8_d0",
        "weight_period": 1,
        "family": "xy",
        "tau_z": 0,
        "c_gate": 1.0e-16,
        "tau_xyz": 0,
        "tau_xy": 8,
        "rule_hash": "85f3a6cfec",
        "coeff_min": 0
    },
    "n_kept": [
        1,
        17,
        6936,
        1448651,
        16817255,
        65653440,
        157870113,
        271793994,
        364760355,
        412693049,
        428056832,
        431023021,
        431390172,
        431431902,
        431438256,
        431439527,
        431439756,
        431439835,
        431439853,
        431439865,
        431439869,
        431439872,
        431439871,
        431439872,
        431439872,
        431439872
    ],
    "hit_xyz": [
        0,
        0,
        0,
        0,
        0,
        0,
        0,
        0,
        0,
        0,
        0,
        0,
        0,
        0,
        0,
        0,
        0,
        0,
        0,
        0,
        0,
        0,
        0,
        0,
        0,
        0
    ],
    "git_commit": "unknown",
    "n_raw": [
        1,
        17,
        6936,
        1485493,
        19181230,
        87541287,
        245944207,
        486097952,
        735549457,
        911840685,
        1003948737,
        1044125665,
        1060637555,
        1067588167,
        1070606349,
        1071991784,
        1072673042,
        1073027904,
        1073229945,
        1073352338,
        1073430934,
        1073483328,
        1073518457,
        1073543436,
        1073559793,
        1073571911
    ],
    "weight_second_moment_raw": [
        1,
        1.001485548853399,
        1.0125748382677757,
        1.0459061501346545,
        1.1130213348640507,
        1.2191627929592614,
        1.3606648428717019,
        1.5259231736796088,
        1.6993811055765136,
        1.8667942366344263,
        2.019693187948223,
        2.1574867529487007,
        2.2866938342834495,
        2.4178824945170407,
        2.5616346768172935,
        2.7250482037925723,
        2.909935504647499,
        3.113144202926433,
        3.328586557482167,
        3.549944157004077,
        3.7728594932513886,
        3.9957936879142175,
        4.219427865997068,
        4.445138546640579,
        4.673361120470162,
        4.902536393351729
    ],
    "hit_multiple_weight": [
        0,
        0,
        0,
        0,
        0,
        0,
        0,
        0,
        0,
        0,
        0,
        0,
        0,
        0,
        0,
        0,
        0,
        0,
        0,
        0,
        0,
        0,
        0,
        0,
        0,
        0
    ],