{
    "created_at": "2026-06-11T01:06:11.140",
    "n_complete": 25,
    "drop_coeff_only": [
        0,
        1,
        2434,
        22236,
        69151,
        86770,
        174232,
        391514,
        443933,
        550158,
        797604,
        1013846,
        1204256,
        1323186,
        1696112,
        2120195,
        2460457,
        2736119,
        3063353,
        3229588,
        3536768,
        3911486,
        4430570,
        4590375,
        4886599,
        5183350
    ],
    "system": {
        "dt": 0.04,
        "P0_coeff": 1,
        "h": 3.04438,
        "P0_term_hex": "3000000",
        "name": "rect5x5_dt0p04_l25",
        "topology_repr": "[(1, 6), (1, 2), (2, 7), (2, 3), (3, 8), (3, 4), (4, 9), (4, 5), (5, 10), (6, 11), (6, 7), (7, 12), (7, 8), (8, 13), (8, 9), (9, 14), (9, 10), (10, 15), (11, 16), (11, 12), (12, 17), (12, 13), (13, 18), (13, 14), (14, 19), (14, 15), (15, 20), (16, 21), (16, 17), (17, 22), (17, 18), (18, 23), (18, 19), (19, 24), (19, 20), (20, 25), (21, 22), (22, 23), (23, 24), (24, 25)]",
        "P0_nqubits": 25,
        "n_layers": 25,
        "g": 0,
        "n_qubits": 25,
        "J": 1
    },
    "julia_version": "1.12.6",
    "n_dropped": [
        0,
        1,
        6972,
        84010,
        624959,
        1705410,
        4530805,
        8545423,
        12496017,
        18529804,
        36401084,
        55605912,
        72935636,
        83676578,
        108096958,
        180430832,
        242060560,
        294068772,
        355657385,
        403404654,
        467000547,
        562894559,
        698282504,
        784250633,
        893692224,
        1005930125
    ],
    "overlap_kept": [
        1,
        0.9704879152038246,
        0.8865193255644533,
        0.759998044965583,
        0.6058511296831214,
        0.43830872227506024,
        0.26823439376162184,
        0.10204720580622179,
        -0.05525777983925934,
        -0.1992953750713343,
        -0.32577830703916894,
        -0.43182944040670096,
        -0.514138040076679,
        -0.5704689523148319,
        -0.6013447256774603,
        -0.6078724733585045,
        -0.5912517469117876,
        -0.5503716034647679,
        -0.48834041278704315,
        -0.4087370170596736,
        -0.31361793695873175,
        -0.1999425023433309,
        -0.06685581900882206,
        0.07118529764378873,
        0.20040677925800374,
        0.31467867031885044
    ],
    "hit_any_weight": [
        0,
        0,
        4538,
        61774,
        555808,
        1618640,
        4356573,
        8153909,
        12052084,
        17979646,
        35603480,
        54592066,
        71731380,
        82353392,
        106400846,
        178310637,
        239600103,
        291332653,
        352594032,
        400175066,
        463463779,
        558983073,
        693851934,
        779660258,
        888805625,
        1000746775
    ],
    "drop_weight_only": [
        0,
        0,
        0,
        0,
        12,
        134,
        1334,
        5852,
        15158,
        28308,
        49166,
        83048,
        144058,
        214994,
        315870,
        429152,
        563714,
        705560,
        878066,
        1065582,
        1282779,
        1492416,
        1688306,
        1870693,
        2059481,
        2299443
    ],
    "hit_coeff": [
        0,
        1,
        6972,
        84010,
        624947,
        1705276,
        4529471,
        8539571,
        12480859,
        18501496,
        36351918,
        55522864,
        72791578,
        83461584,
        107781088,
        180001680,
        241496846,
        293363212,
        354779319,
        402339072,
        465717768,
        561402143,
        696594198,
        782379940,
        891632743,
        1003630682
    ],
    "drop_coeff_and_weight": [
        0,
        0,
        4538,
        61774,
        555796,
        1618506,
        4355239,
        8148057,
        12036926,
        17951338,
        35554314,
        54509018,
        71587322,
        82138398,
        106084976,
        177881485,
        239036389,
        290627093,
        351715966,
        399109484,
        462181000,
        557490657,
        692163628,
        777789565,
        886746144,
        998447332
    ],
    "hit_z": [
        0,
        0,
        0,
        0,
        0,
        0,
        0,
        0,
        0,
        0,
        0,
        0,
        0,
        0,
        0,
        0,
        0,
        0,
        0,
        0,
        0,
        0,
        0,
        0,
        0,
        0
    ],
    "manifest_toml_sha256": "0bc8dd956e2d53dfc75dae382811cbae5159e33b4ab25664d941105fcfb60c81",
    "git_dirty": true,
    "experiment": "rect5x5_dt0p04_l25",
    "overlap_raw": [
        1,
        0.9704879152038246,
        0.8865193255644533,
        0.759998044965583,
        0.6059204989526877,
        0.4384768756375913,
        0.26826757421266134,
        0.10219453999780703,
        -0.055100783675493356,
        -0.19883058450023972,
        -0.32579024106133253,
        -0.4322075562468029,
        -0.5144032770130962,
        -0.5704916891561085,
        -0.6009182583864523,
        -0.6079048380154216,
        -0.5904281099430962,
        -0.5488536849684829,
        -0.4864749683778878,
        -0.4086962445789818,
        -0.3134956550620991,
        -0.19795429153622315,
        -0.06671525109710197,
        0.0709114991921624,
        0.2003298210638322,
        0.3160823865531828
    ],
    "overlap_dropped": [
        0,
        0,
        0,
        0,
        6.936926956640019e-5,
        0.00016815336253104329,
        3.318045103952759e-5,
        0.0001473341915852432,
        0.00015699616376598844,
        0.00046479057109457433,
        -1.1934022163611202e-5,
        -0.00037811584010196634,
        -0.0002652369364172206,
        -2.2736841276574202e-5,
        0.0004264672910080128,
        -3.236465691711647e-5,
        0.000823636968691371,
        0.0015179184962850435,
        0.001865444409155381,
        4.077248069177324e-5,
        0.00012228189663267272,
        0.001988210807107747,
        0.0001405679117200953,
        -0.0002737984516263238,
        -7.695819417151905e-5,
        0.0014037162343323933
    ],
    "rule": {
        "label": "xyz7_d1em05",
        "weight_period": 1,
        "family": "xyz+coeff",
        "tau_z": 0,
        "c_gate": 1.0e-16,
        "tau_xyz": 7,
        "tau_xy": 0,
        "rule_hash": "7a764f9809",
        "coeff_min": 1.0e-5
    },
    "n_kept": [
        1,
        16,
        151,
        530,
        1507,
        4016,
        8778,
        16464,
        27191,
        44498,
        69316,
        101516,
        143708,
        192890,
        253962,
        328842,
        419412,
        523232,
        642690,
        783367,
        935729,
        1092258,
        1251650,
        1420089,
        1606233,
        1811754
    ],
    "hit_xyz": [
        0,
        0,
        4538,
        61774,
        555808,
        1618640,
        4356573,
        8153909,
        12052084,
        17979646,
        35603480,
        54592066,
        71731380,
        82353392,
        106400846,
        178310637,
        239600103,
        291332653,
        352594032,
        400175066,
        463463779,
        558983073,
        693851934,
        779660258,
        888805625,
        1000746775
    ],
    "git_commit": "unknown",
    "n_raw": [
        1,
        17,
        7123,
        84540,
        626466,
        1709426,
        4539583,
        8561887,
        12523208,
        18574302,
        36470400,
        55707428,
        73079344,
        83869468,
        108350920,
        180759674,
        242479972,
        294592004,
        356300075,
        404188021,
        467936276,
        563986817,
        699534154,
        785670722,
        895298457,
        1007741879
    ],