{
    "created_at": "2026-06-11T01:39:17.796",
    "n_complete": 25,
    "drop_coeff_only": [
        0,
        1,
        3132,
        28694,
        146230,
        448274,
        873215,
        2873185,
        4564451,
        9614298,
        17806582,
        29964886,
        42698846,
        65124088,
        82724103,
        110543006,
        142613445,
        171556122,
        211778790,
        243968975,
        271169886,
        297839538,
        320724893,
        340933215,
        358219724,
        370120243
    ],
    "system": {
        "dt": 0.04,
        "P0_coeff": 1,
        "h": 3.04438,
        "P0_term_hex": "c00",
        "name": "rect4x4_dt0p04_l25",
        "topology_repr": "[(1, 5), (1, 2), (2, 6), (2, 3), (3, 7), (3, 4), (4, 8), (5, 9), (5, 6), (6, 10), (6, 7), (7, 11), (7, 8), (8, 12), (9, 13), (9, 10), (10, 14), (10, 11), (11, 15), (11, 12), (12, 16), (13, 14), (14, 15), (15, 16)]",
        "P0_nqubits": 16,
        "n_layers": 25,
        "g": 0,
        "n_qubits": 16,
        "J": 1
    },
    "julia_version": "1.12.6",
    "n_dropped": [
        0,
        1,
        3132,
        28694,
        146230,
        448274,
        873215,
        2895961,
        4712302,
        10212795,
        19517344,
        35429271,
        52311444,
        85505045,
        115296692,
        161802195,
        224602754,
        287213962,
        378125717,
        458124740,
        530214063,
        605959722,
        673952341,
        740424843,
        799656497,
        844851376
    ],
    "overlap_kept": [
        1,
        0.9704879152038246,
        0.8865193255644536,
        0.7599969684040517,
        0.6058380517237509,
        0.438015414703902,
        0.26702790384755587,
        0.09913952909404375,
        -0.06098610021566478,
        -0.20868432073028592,
        -0.3391315921299248,
        -0.4481170656812948,
        -0.5316805674621675,
        -0.5865976354380064,
        -0.6115353921703625,
        -0.605952354642068,
        -0.570581341290539,
        -0.5061758368355317,
        -0.4159398105174647,
        -0.3062237211830678,
        -0.183408722264392,
        -0.0540859987501799,
        0.07368847878374032,
        0.1935297813709964,
        0.2993028617888027,
        0.38294558468462636
    ],
    "hit_any_weight": [
        0,
        0,
        0,
        0,
        0,
        0,
        0,
        22776,
        147851,
        598497,
        1710762,
        5464385,
        9612598,
        20380957,
        32572589,
        51259189,
        81989309,
        115657840,
        166346927,
        214155765,
        259044177,
        308120184,
        353227448,
        399491628,
        441436773,
        474731133
    ],
    "drop_weight_only": [
        0,
        0,
        0,
        0,
        0,
        0,
        0,
        0,
        0,
        2,
        138,
        894,
        3667,
        10551,
        24469,
        49150,
        81945,
        132504,
        200681,
        303062,
        434763,
        597413,
        790289,
        1023166,
        1312365,
        1668376
    ],
    "hit_coeff": [
        0,
        1,
        3132,
        28694,
        146230,
        448274,
        873215,
        2895961,
        4712302,
        10212793,
        19517206,
        35428377,
        52307777,
        85494494,
        115272223,
        161753045,
        224520809,
        287081458,
        377925036,
        457821678,
        529779300,
        605362309,
        673162052,
        739401677,
        798344132,
        843183000
    ],
    "drop_coeff_and_weight": [
        0,
        0,
        0,
        0,
        0,
        0,
        0,
        22776,
        147851,
        598495,
        1710624,
        5463491,
        9608931,
        20370406,
        32548120,
        51210039,
        81907364,
        115525336,
        166146246,
        213852703,
        258609414,
        307522771,
        352437159,
        398468462,
        440124408,
        473062757
    ],
    "hit_z": [
        0,
        0,
        0,
        0,
        0,
        0,
        0,
        0,
        0,
        0,
        0,
        0,
        0,
        0,
        0,
        0,
        0,
        0,
        0,
        0,
        0,
        0,
        0,
        0,
        0,
        0
    ],
    "manifest_toml_sha256": "0bc8dd956e2d53dfc75dae382811cbae5159e33b4ab25664d941105fcfb60c81",
    "git_dirty": true,
    "experiment": "rect4x4_dt0p04_l25",
    "overlap_raw": [
        1,
        0.9704879152038246,
        0.8865193255644536,
        0.7599969684040517,
        0.6058843758648814,
        0.4381437951797388,
        0.26703620784691484,
        0.09918302509228664,
        -0.060878533263375924,
        -0.208402456065732,
        -0.3390119357698205,
        -0.4481497128418279,
        -0.5315489086842912,
        -0.5863080198032222,
        -0.6110650351218647,
        -0.6055579637923542,
        -0.5697689160235054,
        -0.5058410154506291,
        -0.4164887978666944,
        -0.3068036259301594,
        -0.18401038999903352,
        -0.055165140878057885,
        0.07279092910960812,
        0.1929184328869527,
        0.2989711987319156,
        0.383170071517727
    ],
    "overlap_dropped": [
        0,
        0,
        0,
        0,
        4.632414113044228e-5,
        0.0001283804758367748,
        8.303999358948385e-6,
        4.349599824289534e-5,
        0.00010756695228885822,
        0.0002818646645539347,
        0.00011965636010425031,
        -3.264716053314954e-5,
        0.0001316587778763426,
        0.0002896156347841047,
        0.0004703570484977648,
        0.0003943908497138441,
        0.0008124252670335121,
        0.00033482138490255396,
        -0.000548987349229702,
        -0.0005799047470916149,
        -0.0006016677346415075,
        -0.0010791421278779855,
        -0.0008975496741322126,
        -0.0006113484840437049,
        -0.00033166305688713503,
        0.00022448683310063484
    ],
    "rule": {
        "label": "xy8_d1em05",
        "weight_period": 1,
        "family": "xy+coeff",
        "tau_z": 0,
        "c_gate": 1.0e-16,
        "tau_xyz": 0,
        "tau_xy": 8,
        "rule_hash": "0de6ad4b23",
        "coeff_min": 1.0e-5
    },
    "n_kept": [
        1,
        16,
        139,
        450,
        1169,
        2901,
        6651,
        14415,
        28608,
        54337,
        98337,
        169733,
        289434,
        474582,
        740194,
        1084328,
        1523175,
        2100928,
        2896314,
        3951587,
        5247874,
        6761474,
        8461422,
        10371677,
        12554877,
        15061676
    ],
    "hit_xyz": [
        0,
        0,
        0,
        0,
        0,
        0,
        0,
        0,
        0,
        0,
        0,
        0,
        0,
        0,
        0,
        0,
        0,
        0,
        0,
        0,
        0,
        0,
        0,
        0,
        0,
        0
    ],
    "git_commit": "unknown",
    "n_raw": [
        1,
        17,
        3271,
        29144,
        147399,
        451175,
        879866,
        2910376,
        4740910,
        10267132,
        19615681,
        35599004,
        52600878,
        85979627,
        116036886,
        162886523,
        226125929,
        289314890,
        381022031,
        462076327,
        535461937,
        612721196,
        682413763,
        750796520,
        812211374,
        859913052
    ],