{
    "created_at": "2026-06-11T01:50:33.758",
    "n_complete": 25,
    "drop_coeff_only": [
        0,
        0,
        6546,
        144052,
        496216,
        1619945,
        4696996,
        10576690,
        22520129,
        42424055,
        77441925,
        135169136,
        208247575,
        293505454,
        392176248,
        485615993,
        609206921,
        706387581,
        802382293,
        862136229,
        905533687,
        930517136,
        937375638,
        932319158,
        917152790,
        891571570
    ],
    "system": {
        "dt": 0.04,
        "P0_coeff": 1,
        "h": 3.04438,
        "P0_term_hex": "c00",
        "name": "rect4x4_dt0p04_l25",
        "topology_repr": "[(1, 5), (1, 2), (2, 6), (2, 3), (3, 7), (3, 4), (4, 8), (5, 9), (5, 6), (6, 10), (6, 7), (7, 11), (7, 8), (8, 12), (9, 13), (9, 10), (10, 14), (10, 11), (11, 15), (11, 12), (12, 16), (13, 14), (14, 15), (15, 16)]",
        "P0_nqubits": 16,
        "n_layers": 25,
        "g": 0,
        "n_qubits": 16,
        "J": 1
    },
    "julia_version": "1.12.6",
    "n_dropped": [
        0,
        0,
        6546,
        144052,
        496216,
        1619945,
        4696996,
        10576690,
        22520129,
        42424055,
        77441925,
        135169136,
        208247575,
        293505454,
        392176248,
        485615993,
        609206921,
        706387581,
        802382293,
        862136229,
        905533687,
        930517136,
        937375638,
        932319158,
        917152790,
        891571570
    ],
    "overlap_kept": [
        1,
        0.9704879152038246,
        0.8865172215885787,
        0.7599937032521179,
        0.6059668588366832,
        0.4382526268368665,
        0.2670753773291673,
        0.09923347952940421,
        -0.060578886531420344,
        -0.20805613091522904,
        -0.33866694252179064,
        -0.4476845032413077,
        -0.5310650506438973,
        -0.5858263915397334,
        -0.610403507388487,
        -0.6045220555618924,
        -0.5686303039512028,
        -0.5044397366668016,
        -0.4155784673734886,
        -0.30721431577429326,
        -0.18555341500562844,
        -0.057945622119969196,
        0.06756895380904063,
        0.1840369295757571,
        0.2851196792038924,
        0.36494680664211476
    ],
    "hit_any_weight": [
        0,
        0,
        0,
        0,
        0,
        0,
        0,
        0,
        0,
        0,
        0,
        0,
        0,
        0,
        0,
        0,
        0,
        0,
        0,
        0,
        0,
        0,
        0,
        0,
        0,
        0
    ],
    "drop_weight_only": [
        0,
        0,
        0,
        0,
        0,
        0,
        0,
        0,
        0,
        0,
        0,
        0,
        0,
        0,
        0,
        0,
        0,
        0,
        0,
        0,
        0,
        0,
        0,
        0,
        0,
        0
    ],
    "hit_coeff": [
        0,
        0,
        6546,
        144052,
        496216,
        1619945,
        4696996,
        10576690,
        22520129,
        42424055,
        77441925,
        135169136,
        208247575,
        293505454,
        392176248,
        485615993,
        609206921,
        706387581,
        802382293,
        862136229,
        905533687,
        930517136,
        937375638,
        932319158,
        917152790,
        891571570
    ],
    "drop_coeff_and_weight": [
        0,
        0,
        0,
        0,
        0,
        0,
        0,
        0,
        0,
        0,
        0,
        0,
        0,
        0,
        0,
        0,
        0,
        0,
        0,
        0,
        0,
        0,
        0,
        0,
        0,
        0
    ],
    "hit_z": [
        0,
        0,
        0,
        0,
        0,
        0,
        0,
        0,
        0,
        0,
        0,
        0,
        0,
        0,
        0,
        0,
        0,
        0,
        0,
        0,
        0,
        0,
        0,
        0,
        0,
        0
    ],
    "manifest_toml_sha256": "0bc8dd956e2d53dfc75dae382811cbae5159e33b4ab25664d941105fcfb60c81",
    "git_dirty": true,
    "experiment": "rect4x4_dt0p04_l25",
    "overlap_raw": [
        1,
        0.9704879152038246,
        0.8865172215885787,
        0.7599993998928697,
        0.6059661329907419,
        0.4382516558806535,
        0.2670754543673212,
        0.09923499320492779,
        -0.06052491918860291,
        -0.2080278803828875,
        -0.33860641938631125,
        -0.4475957303660853,
        -0.5309582616122526,
        -0.5857745852778807,
        -0.6104055155397538,
        -0.6045661940019662,
        -0.5686237045275745,
        -0.5043765210055161,
        -0.4155990790528993,
        -0.3072572166850337,
        -0.1855534656656896,
        -0.05803717374766651,
        0.06743554649370832,
        0.18390342860444456,
        0.2849116832809542,
        0.36479916543904023
    ],
    "overlap_dropped": [
        0,
        0,
        0,
        5.696640751828397e-6,
        -7.25845941375926e-7,
        -9.70956212971839e-7,
        7.703815389038295e-8,
        1.5136755235758003e-6,
        5.3967342817435626e-5,
        2.8250532341531444e-5,
        6.0523135479389436e-5,
        8.877287522238997e-5,
        0.00010678903164471079,
        5.180626185266923e-5,
        -2.0081512667005125e-6,
        -4.4138440073754594e-5,
        6.599423628331909e-6,
        6.321566128556839e-5,
        -2.061167941071013e-5,
        -4.290091074042955e-5,
        -5.0660061154872994e-8,
        -9.155162769731054e-5,
        -0.00013340731533230258,
        -0.00013350097131254729,
        -0.00020799592293823234,
        -0.0001476412030745347
    ],
    "rule": {
        "label": "coeff_d1em06",
        "weight_period": 1,
        "family": "coeff",
        "tau_z": 0,
        "c_gate": 1.0e-16,
        "tau_xyz": 0,
        "tau_xy": 0,
        "rule_hash": "7f7f8ca4e3",
        "coeff_min": 1.0e-6
    },
    "n_kept": [
        1,
        17,
        390,
        1337,
        3977,
        10022,
        27159,
        64761,
        139643,
        284854,
        551467,
        1025801,
        1883534,
        3280723,
        5375044,
        8302504,
        12332144,
        18058726,
        26274027,
        37473093,
        51548042,
        68333094,
        87912516,
        111122465,
        139225581,
        172521442
    ],
    "hit_xyz": [
        0,
        0,
        0,
        0,
        0,
        0,
        0,
        0,
        0,
        0,
        0,
        0,
        0,
        0,
        0,
        0,
        0,
        0,
        0,
        0,
        0,
        0,
        0,
        0,
        0,
        0
    ],
    "git_commit": "unknown",
    "n_raw": [
        1,
        17,
        6936,
        145389,
        500193,
        1629967,
        4724155,
        10641451,
        22659772,
        42708909,
        77993392,
        136194937,
        210131109,
        296786177,
        397551292,
        493918497,
        621539065,
        724446307,
        828656320,
        899609322,
        957081729,
        998850230,
        1025288154,
        1043441623,
        1056378371,
        1064093012
    ],