{
    "created_at": "2026-06-11T02:03:01.483",
    "n_complete": 25,
    "drop_coeff_only": [
        0,
        0,
        260,
        1264,
        1561,
        2483,
        2963,
        3303,
        2821,
        4252,
        4500,
        5448,
        4999,
        4505,
        4287,
        5504,
        6608,
        6289,
        6320,
        5304,
        4562,
        3920,
        3616,
        3833,
        5021,
        5142
    ],
    "system": {
        "dt": 0.04,
        "P0_coeff": 1,
        "h": 3.04438,
        "P0_term_hex": "c00",
        "name": "rect4x4_dt0p04_l25",
        "topology_repr": "[(1, 5), (1, 2), (2, 6), (2, 3), (3, 7), (3, 4), (4, 8), (5, 9), (5, 6), (6, 10), (6, 7), (7, 11), (7, 8), (8, 12), (9, 13), (9, 10), (10, 14), (10, 11), (11, 15), (11, 12), (12, 16), (13, 14), (14, 15), (15, 16)]",
        "P0_nqubits": 16,
        "n_layers": 25,
        "g": 0,
        "n_qubits": 16,
        "J": 1
    },
    "julia_version": "1.12.6",
    "n_dropped": [
        0,
        1,
        3019,
        24921,
        30527,
        76239,
        126417,
        152807,
        152663,
        201483,
        250003,
        382098,
        397915,
        398423,
        435782,
        544128,
        622232,
        703697,
        827036,
        840464,
        891496,
        900611,
        920580,
        968382,
        1058797,
        1102816
    ],
    "overlap_kept": [
        1,
        0.9704879152038246,
        0.8865193255644536,
        0.7600247807452081,
        0.6060228696792014,
        0.4381701076101437,
        0.2663197493272614,
        0.09671167563865257,
        -0.0661789179629484,
        -0.21785684513304868,
        -0.3532030029726712,
        -0.46683363391003896,
        -0.5535769389169735,
        -0.6084675290060785,
        -0.6264647841028178,
        -0.6027676432556102,
        -0.5343354196019504,
        -0.4222344861396688,
        -0.2733578748650455,
        -0.100273135050973,
        0.08105668854289996,
        0.2547374966717639,
        0.4077507164570479,
        0.5308561037412917,
        0.6178431607673256,
        0.6642431195734676
    ],
    "hit_any_weight": [
        0,
        1,
        2759,
        23657,
        28966,
        73756,
        123454,
        149504,
        149842,
        197231,
        245503,
        376650,
        392916,
        393918,
        431495,
        538624,
        615624,
        697408,
        820716,
        835160,
        886934,
        896691,
        916964,
        964549,
        1053776,
        1097674
    ],
    "drop_weight_only": [
        0,
        1,
        137,
        653,
        1785,
        3199,
        5380,
        7313,
        13126,
        17400,
        23766,
        29592,
        34728,
        42438,
        52774,
        61598,
        70663,
        78872,
        87935,
        96628,
        105419,
        115908,
        120698,
        121909,
        123052,
        132141
    ],
    "hit_coeff": [
        0,
        0,
        2882,
        24268,
        28742,
        73040,
        121037,
        145494,
        139537,
        184083,
        226237,
        352506,
        363187,
        355985,
        383008,
        482530,
        551569,
        624825,
        739101,
        743836,
        786077,
        784703,
        799882,
        846473,
        935745,
        970675
    ],
    "drop_coeff_and_weight": [
        0,
        0,
        2622,
        23004,
        27181,
        70557,
        118074,
        142191,
        136716,
        179831,
        221737,
        347058,
        358188,
        351480,
        378721,
        477026,
        544961,
        618536,
        732781,
        738532,
        781515,
        780783,
        796266,
        842640,
        930724,
        965533
    ],
    "hit_z": [
        0,
        0,
        0,
        0,
        0,
        0,
        0,
        0,
        0,
        0,
        0,
        0,
        0,
        0,
        0,
        0,
        0,
        0,
        0,
        0,
        0,
        0,
        0,
        0,
        0,
        0
    ],
    "manifest_toml_sha256": "0bc8dd956e2d53dfc75dae382811cbae5159e33b4ab25664d941105fcfb60c81",
    "git_dirty": true,
    "experiment": "rect4x4_dt0p04_l25",
    "overlap_raw": [
        1,
        0.9704879152038246,
        0.8865193255644536,
        0.7600247807452081,
        0.6060228696792014,
        0.43817555008192416,
        0.2663197493272614,
        0.0967117918286309,
        -0.06617491792870563,
        -0.21785791392688186,
        -0.3532039863928074,
        -0.46683363391003896,
        -0.5535773513599119,
        -0.608468430022336,
        -0.6264669033328994,
        -0.6027724677465036,
        -0.5343460589286947,
        -0.422235084800277,
        -0.27335177007960687,
        -0.10027304730963657,
        0.08105731032628281,
        0.25473827713581626,
        0.4077463699434667,
        0.5308638796709823,
        0.6178555529105882,
        0.6642399907362049
    ],
    "overlap_dropped": [
        0,
        0,
        0,
        0,
        0,
        5.442471780493686e-6,
        0,
        1.1618997833571616e-7,
        4.000034242773106e-6,
        -1.0687938331951094e-6,
        -9.834201361921996e-7,
        0,
        -4.1244293844336306e-7,
        -9.010162574620002e-7,
        -2.119230081681011e-6,
        -4.824490893415858e-6,
        -1.0639326744330798e-5,
        -5.9866060820288e-7,
        6.104785438635682e-6,
        8.774133642987419e-8,
        6.217833828482621e-7,
        7.804640524119088e-7,
        -4.34651358120719e-6,
        7.775929690611866e-6,
        1.2392143262608739e-5,
        -3.128837262746731e-6
    ],
    "rule": {
        "label": "xyz5_d1em06",
        "weight_period": 1,
        "family": "xyz+coeff",
        "tau_z": 0,
        "c_gate": 1.0e-16,
        "tau_xyz": 5,
        "tau_xy": 0,
        "rule_hash": "4fc0e7f0a7",
        "coeff_min": 1.0e-6
    },
    "n_kept": [
        1,
        16,
        252,
        558,
        926,
        1620,
        2424,
        2906,
        3684,
        4220,
        5094,
        5963,
        6785,
        7395,
        8307,
        9395,
        10216,
        11463,
        12590,
        14055,
        15143,
        15985,
        16653,
        17568,
        18148,
        18869
    ],
    "hit_xyz": [
        0,
        1,
        2759,
        23657,
        28966,
        73756,
        123454,
        149504,
        149842,
        197231,
        245503,
        376650,
        392916,
        393918,
        431495,
        538624,
        615624,
        697408,
        820716,
        835160,
        886934,
        896691,
        916964,
        964549,
        1053776,
        1097674
    ],
    "git_commit": "unknown",
    "n_raw": [
        1,
        17,
        3271,
        25479,
        31453,
        77859,
        128841,
        155713,
        156347,
        205703,
        255097,
        388061,
        404700,
        405818,
        444089,
        553523,
        632448,
        715160,
        839626,
        854519,
        906639,
        916596,
        937233,
        985950,
        1076945,
        1121685
    ],