{
    "created_at": "2026-06-11T07:26:41.197",
    "n_complete": 25,
    "drop_coeff_only": [
        0,
        0,
        4,
        2225,
        3655,
        2611,
        3645,
        5612,
        5017,
        4479,
        4700,
        6012,
        5917,
        5077,
        4169,
        3586,
        3624,
        4639,
        4585,
        3909,
        3162,
        2746,
        2518,
        2892,
        3039,
        2646
    ],
    "system": {
        "dt": 0.04,
        "P0_coeff": 1,
        "h": 3.04438,
        "P0_term_hex": "c00",
        "name": "rect4x4_dt0p04_l25",
        "topology_repr": "[(1, 5), (1, 2), (2, 6), (2, 3), (3, 7), (3, 4), (4, 8), (5, 9), (5, 6), (6, 10), (6, 7), (7, 11), (7, 8), (8, 12), (9, 13), (9, 10), (10, 14), (10, 11), (11, 15), (11, 12), (12, 16), (13, 14), (14, 15), (15, 16)]",
        "P0_nqubits": 16,
        "n_layers": 25,
        "g": 0,
        "n_qubits": 16,
        "J": 1
    },
    "julia_version": "1.12.6",
    "n_dropped": [
        0,
        1,
        2763,
        68307,
        150878,
        151685,
        187861,
        359656,
        412779,
        449431,
        502748,
        598536,
        746397,
        853239,
        881261,
        904369,
        950528,
        1058926,
        1170102,
        1214003,
        1224405,
        1234108,
        1243982,
        1277682,
        1320988,
        1350169
    ],
    "overlap_kept": [
        1,
        0.9704879152038246,
        0.8865193255644536,
        0.7600282918774197,
        0.6060283225448098,
        0.438173225023474,
        0.26631631675475503,
        0.09670957996637446,
        -0.06617003448369371,
        -0.21784686186951868,
        -0.3532030793958667,
        -0.46684151703881177,
        -0.553584205120316,
        -0.6084637264827892,
        -0.626444440327428,
        -0.602739301439425,
        -0.5343249042419654,
        -0.4222456408640176,
        -0.2733753284940149,
        -0.10029103778536119,
        0.08104444185253297,
        0.25472680254515817,
        0.40772459677812645,
        0.5308261694965203,
        0.6178283324612066,
        0.6642452655574107
    ],
    "hit_any_weight": [
        0,
        1,
        2759,
        66082,
        147223,
        149074,
        184216,
        354044,
        407762,
        444952,
        498048,
        592524,
        740480,
        848162,
        877092,
        900783,
        946904,
        1054287,
        1165517,
        1210094,
        1221243,
        1231362,
        1241464,
        1274790,
        1317949,
        1347523
    ],
    "drop_weight_only": [
        0,
        1,
        788,
        4652,
        9256,
        15309,
        28143,
        38387,
        53881,
        71998,
        88115,
        112868,
        133036,
        154835,
        182812,
        208633,
        239521,
        270081,
        296347,
        330010,
        356782,
        378281,
        397453,
        413794,
        425801,
        449901
    ],
    "hit_coeff": [
        0,
        0,
        1975,
        63655,
        141622,
        136376,
        159718,
        321269,
        358898,
        377433,
        414633,
        485668,
        613361,
        698404,
        698449,
        695736,
        711007,
        788845,
        873755,
        883993,
        867623,
        855827,
        846529,
        863888,
        895187,
        900268
    ],
    "drop_coeff_and_weight": [
        0,
        0,
        1971,
        61430,
        137967,
        133765,
        156073,
        315657,
        353881,
        372954,
        409933,
        479656,
        607444,
        693327,
        694280,
        692150,
        707383,
        784206,
        869170,
        880084,
        864461,
        853081,
        844011,
        860996,
        892148,
        897622
    ],
    "hit_z": [
        0,
        0,
        0,
        0,
        0,
        0,
        0,
        0,
        0,
        0,
        0,
        0,
        0,
        0,
        0,
        0,
        0,
        0,
        0,
        0,
        0,
        0,
        0,
        0,
        0,
        0
    ],
    "manifest_toml_sha256": "0bc8dd956e2d53dfc75dae382811cbae5159e33b4ab25664d941105fcfb60c81",
    "git_dirty": true,
    "experiment": "rect4x4_dt0p04_l25",
    "overlap_raw": [
        1,
        0.9704879152038246,
        0.8865193255644536,
        0.7600282918774197,
        0.6060283225448098,
        0.4381732442049381,
        0.26631641396657485,
        0.09670957996637446,
        -0.06617006921081144,
        -0.21784703733219551,
        -0.35320304765499866,
        -0.46684148000422365,
        -0.5535841899121077,
        -0.6084637422761284,
        -0.6264443909386428,
        -0.6027392293505559,
        -0.5343247470815031,
        -0.4222456296875512,
        -0.27337533203083575,
        -0.10029105566831713,
        0.08104444990105834,
        0.25472678106587354,
        0.4077245030280933,
        0.5308261204302401,
        0.6178283040703467,
        0.6642452709978308
    ],
    "overlap_dropped": [
        0,
        0,
        0,
        0,
        0,
        1.9181464096708565e-8,
        9.721181981918863e-8,
        0,
        -3.4727117727428896e-8,
        -1.7546267683177966e-7,
        3.174086803175881e-8,
        3.7034588113015836e-8,
        1.5208208336827356e-8,
        -1.5793339227854444e-8,
        4.938878521883552e-8,
        7.208886909254164e-8,
        1.5716046231052296e-7,
        1.1176466394976236e-8,
        -3.536820843353659e-9,
        -1.7882955941298653e-8,
        8.048525375738502e-9,
        -2.1479284644486675e-8,
        -9.37500331084957e-8,
        -4.906628020389821e-8,
        -2.8390859895211523e-8,
        5.440420167342565e-9
    ],
    "rule": {
        "label": "xyz5_d1em08",
        "weight_period": 1,
        "family": "xyz+coeff",
        "tau_z": 0,
        "c_gate": 1.0e-16,
        "tau_xyz": 5,
        "tau_xy": 0,
        "rule_hash": "68f0ba207e",
        "coeff_min": 1.0e-8
    },
    "n_kept": [
        1,
        16,
        508,
        1672,
        2544,
        3640,
        4672,
        5895,
        7417,
        8585,
        9734,
        11048,
        12543,
        14066,
        15620,
        16531,
        17684,
        18611,
        19676,
        20736,
        21648,
        22294,
        22779,
        23186,
        23783,
        24608
    ],
    "hit_xyz": [
        0,
        1,
        2759,
        66082,
        147223,
        149074,
        184216,
        354044,
        407762,
        444952,
        498048,
        592524,
        740480,
        848162,
        877092,
        900783,
        946904,
        1054287,
        1165517,
        1210094,
        1221243,
        1231362,
        1241464,
        1274790,
        1317949,
        1347523
    ],
    "git_commit": "unknown",
    "n_raw": [
        1,
        17,
        3271,
        69979,
        153422,
        155325,
        192533,
        365551,
        420196,
        458016,
        512482,
        609584,
        758940,
        867305,
        896881,
        920900,
        968212,
        1077537,
        1189778,
        1234739,
        1246053,
        1256402,
        1266761,
        1300868,
        1344771,
        1374777
    ],