{
    "created_at": "2026-06-11T10:58:00.894",
    "n_complete": 25,
    "drop_coeff_only": [
        0,
        0,
        358,
        15702,
        41403,
        37409,
        56692,
        56669,
        59179,
        67378,
        71539,
        67489,
        64227,
        62274,
        59384,
        56250,
        53435,
        49457,
        43465,
        38742,
        34407,
        30064,
        27475,
        23318,
        21355,
        18848
    ],
    "system": {
        "dt": 0.04,
        "P0_coeff": 1,
        "h": 3.04438,
        "P0_term_hex": "c00",
        "name": "rect4x4_dt0p04_l25",
        "topology_repr": "[(1, 5), (1, 2), (2, 6), (2, 3), (3, 7), (3, 4), (4, 8), (5, 9), (5, 6), (6, 10), (6, 7), (7, 11), (7, 8), (8, 12), (9, 13), (9, 10), (10, 14), (10, 11), (11, 15), (11, 12), (12, 16), (13, 14), (14, 15), (15, 16)]",
        "P0_nqubits": 16,
        "n_layers": 25,
        "g": 0,
        "n_qubits": 16,
        "J": 1
    },
    "julia_version": "1.12.6",
    "n_dropped": [
        0,
        0,
        5968,
        215619,
        907650,
        1144686,
        1903522,
        2820505,
        3918642,
        4677442,
        5705849,
        6699120,
        7865915,
        8854417,
        9969693,
        11160435,
        12132230,
        13047961,
        13682872,
        14391928,
        14990065,
        15627280,
        16118060,
        16524670,
        17080629,
        17448604
    ],
    "overlap_kept": [
        1,
        0.9704879152038246,
        0.8865172215885787,
        0.76000578716075,
        0.6059766750159644,
        0.438259230349395,
        0.2671286763130588,
        0.09932211820567215,
        -0.060492222843978656,
        -0.20811899326779748,
        -0.339029357999043,
        -0.448558734112405,
        -0.5326939322079305,
        -0.5887191090180107,
        -0.6151800103860415,
        -0.6112598047099717,
        -0.5762518882664093,
        -0.5098117175367385,
        -0.4130413202506427,
        -0.28977049743729855,
        -0.14721995806590132,
        0.004423223674907381,
        0.15350165349591136,
        0.28906961468801085,
        0.40307845532758274,
        0.49167930816676503
    ],
    "hit_any_weight": [
        0,
        0,
        5610,
        199917,
        866247,
        1107277,
        1846830,
        2763836,
        3859463,
        4610064,
        5634310,
        6631631,
        7801688,
        8792143,
        9910309,
        11104185,
        12078795,
        12998504,
        13639407,
        14353186,
        14955658,
        15597216,
        16090585,
        16501352,
        17059274,
        17429756
    ],
    "drop_weight_only": [
        0,
        0,
        856,
        10902,
        32843,
        78604,
        151641,
        249220,
        375854,
        534590,
        716464,
        930477,
        1166032,
        1456009,
        1763602,
        2097170,
        2442380,
        2787962,
        3153121,
        3565889,
        3955755,
        4360021,
        4766227,
        5191695,
        5593760,
        5981361
    ],
    "hit_coeff": [
        0,
        0,
        5112,
        204717,
        874807,
        1066082,
        1751881,
        2571285,
        3542788,
        4142852,
        4989385,
        5768643,
        6699883,
        7398408,
        8206091,
        9063265,
        9689850,
        10259999,
        10529751,
        10826039,
        11034310,
        11267259,
        11351833,
        11332975,
        11486869,
        11467243
    ],
    "drop_coeff_and_weight": [
        0,
        0,
        4754,
        189015,
        833404,
        1028673,
        1695189,
        2514616,
        3483609,
        4075474,
        4917846,
        5701154,
        6635656,
        7336134,
        8146707,
        9007015,
        9636415,
        10210542,
        10486286,
        10787297,
        10999903,
        11237195,
        11324358,
        11309657,
        11465514,
        11448395
    ],
    "hit_z": [
        0,
        0,
        0,
        0,
        0,
        0,
        0,
        0,
        0,
        0,
        0,
        0,
        0,
        0,
        0,
        0,
        0,
        0,
        0,
        0,
        0,
        0,
        0,
        0,
        0,
        0
    ],
    "manifest_toml_sha256": "0bc8dd956e2d53dfc75dae382811cbae5159e33b4ab25664d941105fcfb60c81",
    "git_dirty": true,
    "experiment": "rect4x4_dt0p04_l25",
    "overlap_raw": [
        1,
        0.9704879152038246,
        0.8865172215885787,
        0.7600057836545301,
        0.60597669421341,
        0.43825924822377416,
        0.2671286899013693,
        0.09932216148768089,
        -0.06049221268099613,
        -0.20811898534853712,
        -0.33902932128979124,
        -0.44855872295560717,
        -0.5326939300523795,
        -0.5887191032059751,
        -0.6151800024546364,
        -0.6112598261958428,
        -0.5762519042641658,
        -0.5098117328328493,
        -0.4130413248971853,
        -0.28977052582118457,
        -0.14721998005216505,
        0.004423214342677889,
        0.15350165553091644,
        0.28906962292741584,
        0.4030784570492674,
        0.49167931345285987
    ],
    "overlap_dropped": [
        0,
        0,
        0,
        -3.506219891659744e-9,
        1.9197445686077638e-8,
        1.7874379115913693e-8,
        1.3588310482753783e-8,
        4.3282008734684707e-8,
        1.0162982522337467e-8,
        7.919260350436016e-9,
        3.6709251727477514e-8,
        1.1156797793659825e-8,
        2.155550986519331e-9,
        5.8120356619161356e-9,
        7.931405053732503e-9,
        -2.1485871167481575e-8,
        -1.59977565408313e-8,
        -1.5296110857500338e-8,
        -4.646542579359889e-9,
        -2.838388601418989e-8,
        -2.1986263719445956e-8,
        -9.332229492591207e-9,
        2.0350050833198542e-9,
        8.239405007958674e-9,
        1.7216846728788976e-9,
        5.286094833686488e-9
    ],
    "rule": {
        "label": "xyz6_d1em09",
        "weight_period": 1,
        "family": "xyz+coeff",
        "tau_z": 0,
        "c_gate": 1.0e-16,
        "tau_xyz": 6,
        "tau_xy": 0,
        "rule_hash": "fe0fabd002",
        "coeff_min": 1.0e-9
    },
    "n_kept": [
        1,
        17,
        968,
        6814,
        14853,
        24417,
        35720,
        50370,
        65987,
        79980,
        95843,
        111497,
        126165,
        141580,
        156298,
        170872,
        184598,
        197382,
        208640,
        218241,
        227001,
        234880,
        241470,
        248027,
        253817,
        258375
    ],
    "hit_xyz": [
        0,
        0,
        5610,
        199917,
        866247,
        1107277,
        1846830,
        2763836,
        3859463,
        4610064,
        5634310,
        6631631,
        7801688,
        8792143,
        9910309,
        11104185,
        12078795,
        12998504,
        13639407,
        14353186,
        14955658,
        15597216,
        16090585,
        16501352,
        17059274,
        17429756
    ],
    "git_commit": "unknown",
    "n_raw": [
        1,
        17,
        6936,
        222433,
        922503,
        1169103,
        1939242,
        2870875,
        3984629,
        4757422,
        5801692,
        6810617,
        7992080,
        8995997,
        10125991,
        11331307,
        12316828,
        13245343,
        13891512,
        14610169,
        15217066,
        15862160,
        16359530,
        16772697,
        17334446,
        17706979
    ],