{
    "created_at": "2026-06-11T04:19:37.669",
    "n_complete": 25,
    "drop_coeff_only": [
        0,
        0,
        1952,
        38956,
        114352,
        149833,
        202320,
        287620,
        333798,
        403989,
        472092,
        526518,
        558034,
        568602,
        586787,
        588741,
        577861,
        568080,
        562534,
        538328,
        498142,
        462896,
        426817,
        390845,
        352613,
        321312
    ],
    "system": {
        "dt": 0.04,
        "P0_coeff": 1,
        "h": 3.04438,
        "P0_term_hex": "c00",
        "name": "rect4x4_dt0p04_l25",
        "topology_repr": "[(1, 5), (1, 2), (2, 6), (2, 3), (3, 7), (3, 4), (4, 8), (5, 9), (5, 6), (6, 10), (6, 7), (7, 11), (7, 8), (8, 12), (9, 13), (9, 10), (10, 14), (10, 11), (11, 15), (11, 12), (12, 16), (13, 14), (14, 15), (15, 16)]",
        "P0_nqubits": 16,
        "n_layers": 25,
        "g": 0,
        "n_qubits": 16,
        "J": 1
    },
    "julia_version": "1.12.6",
    "n_dropped": [
        0,
        0,
        6212,
        240231,
        1028374,
        1511708,
        2511661,
        5012895,
        6386639,
        8995547,
        12690114,
        17198359,
        20816617,
        24771857,
        28736288,
        33821358,
        38128767,
        42542900,
        49291390,
        54278267,
        58134287,
        62432579,
        66377300,
        70120083,
        73156966,
        75997415
    ],
    "overlap_kept": [
        1,
        0.9704879152038246,
        0.8865172215885787,
        0.7600057909015381,
        0.6059768332516356,
        0.4382530856633982,
        0.2671031871414728,
        0.09927576684175353,
        -0.06054313756115956,
        -0.20811018998992434,
        -0.33884414628202836,
        -0.44806531686953505,
        -0.531688770672044,
        -0.586851374829358,
        -0.6122270903335755,
        -0.6080156134200623,
        -0.5756227418834625,
        -0.5172314189278663,
        -0.435476274494172,
        -0.333470321246176,
        -0.21519250990901917,
        -0.08598739460363544,
        0.04718517603722828,
        0.176082909090489,
        0.2919881894136503,
        0.3867875147509394
    ],
    "hit_any_weight": [
        0,
        0,
        4260,
        201275,
        914022,
        1361875,
        2309341,
        4725275,
        6052841,
        8591558,
        12218022,
        16671841,
        20258583,
        24203255,
        28149501,
        33232617,
        37550906,
        41974820,
        48728856,
        53739939,
        57636145,
        61969683,
        65950483,
        69729238,
        72804353,
        75676103
    ],
    "drop_weight_only": [
        0,
        0,
        8,
        215,
        2694,
        12198,
        31884,
        72251,
        129250,
        227798,
        356171,
        529762,
        755213,
        1064800,
        1403605,
        1775152,
        2208051,
        2679137,
        3190018,
        3753869,
        4341944,
        4930146,
        5535882,
        6162541,
        6815137,
        7524463
    ],
    "hit_coeff": [
        0,
        0,
        6204,
        240016,
        1025680,
        1499510,
        2479777,
        4940644,
        6257389,
        8767749,
        12333943,
        16668597,
        20061404,
        23707057,
        27332683,
        32046206,
        35920716,
        39863763,
        46101372,
        50524398,
        53792343,
        57502433,
        60841418,
        63957542,
        66341829,
        68472952
    ],
    "drop_coeff_and_weight": [
        0,
        0,
        4252,
        201060,
        911328,
        1349677,
        2277457,
        4653024,
        5923591,
        8363760,
        11861851,
        16142079,
        19503370,
        23138455,
        26745896,
        31457465,
        35342855,
        39295683,
        45538838,
        49986070,
        53294201,
        57039537,
        60414601,
        63566697,
        65989216,
        68151640
    ],
    "hit_z": [
        0,
        0,
        0,
        0,
        0,
        0,
        0,
        0,
        0,
        0,
        0,
        0,
        0,
        0,
        0,
        0,
        0,
        0,
        0,
        0,
        0,
        0,
        0,
        0,
        0,
        0
    ],
    "manifest_toml_sha256": "0bc8dd956e2d53dfc75dae382811cbae5159e33b4ab25664d941105fcfb60c81",
    "git_dirty": true,
    "experiment": "rect4x4_dt0p04_l25",
    "overlap_raw": [
        1,
        0.9704879152038246,
        0.8865172215885787,
        0.7600057909015381,
        0.6059775825704604,
        0.4382535415393452,
        0.26710754043400703,
        0.0992774377357145,
        -0.06054021612369331,
        -0.2081046683886595,
        -0.33883932428901997,
        -0.44806068915302555,
        -0.531684910356061,
        -0.5868520821296938,
        -0.6122319551503754,
        -0.6080169672291091,
        -0.575623439650871,
        -0.5172317559393932,
        -0.43547794378136473,
        -0.33347030815548323,
        -0.21519062099786607,
        -0.08598957732569625,
        0.04718568473732139,
        0.176083448118686,
        0.29198665948550734,
        0.3867874186703668
    ],
    "overlap_dropped": [
        0,
        0,
        0,
        0,
        7.493188247485213e-7,
        4.558759469788983e-7,
        4.353292534248592e-6,
        1.6708939609657955e-6,
        2.9214374662483508e-6,
        5.5216012648469475e-6,
        4.8219930083805226e-6,
        4.6277165094704745e-6,
        3.8603159830128005e-6,
        -7.073003357892048e-7,
        -4.864816800006505e-6,
        -1.3538090468217097e-6,
        -6.977674085358562e-7,
        -3.370115269484291e-7,
        -1.6692871927690286e-6,
        1.3090692761463153e-8,
        1.8889111531077942e-6,
        -2.1827220607996485e-6,
        5.087000931128177e-7,
        5.390281970206988e-7,
        -1.5299281429615312e-6,
        -9.608057261859876e-8
    ],
    "rule": {
        "label": "xyz7_d1em07",
        "weight_period": 1,
        "family": "xyz+coeff",
        "tau_z": 0,
        "c_gate": 1.0e-16,
        "tau_xyz": 7,
        "tau_xy": 0,
        "rule_hash": "f54bf14be9",
        "coeff_min": 1.0e-7
    },
    "n_kept": [
        1,
        17,
        724,
        3176,
        9102,
        19840,
        38527,
        62723,
        96856,
        136264,
        184615,
        244480,
        310053,
        380848,
        457470,
        539648,
        620473,
        702229,
        786408,
        869099,
        951567,
        1031066,
        1104450,
        1171017,
        1231669,
        1285718
    ],
    "hit_xyz": [
        0,
        0,
        4260,
        201275,
        914022,
        1361875,
        2309341,
        4725275,
        6052841,
        8591558,
        12218022,
        16671841,
        20258583,
        24203255,
        28149501,
        33232617,
        37550906,
        41974820,
        48728856,
        53739939,
        57636145,
        61969683,
        65950483,
        69729238,
        72804353,
        75676103
    ],
    "git_commit": "unknown",
    "n_raw": [
        1,
        17,
        6936,
        243407,
        1037476,
        1531548,
        2550188,
        5075618,
        6483495,
        9131811,
        12874729,
        17442839,
        21126670,
        25152705,
        29193758,
        34361006,
        38749240,
        43245129,
        50077798,
        55147366,
        59085854,
        63463645,
        67481750,
        71291100,
        74388635,
        77283133
    ],