{
    "created_at": "2026-06-30T15:21:02.173",
    "n_complete": 13,
    "drop_coeff_only": [
        0,
        0,
        5645,
        464258,
        2097446,
        3713371,
        6503085,
        10088131,
        13448834,
        18381754,
        24979005,
        30527591,
        35853919,
        43572976,
        null,
        null,
        null,
        null,
        null,
        null,
        null,
        null,
        null,
        null,
        null,
        null
    ],
    "system": {
        "dt": 0.04,
        "P0_coeff": 1,
        "h": 3.04438,
        "P0_term_hex": "3000000",
        "name": "rect5x5_dt0p04_l25",
        "topology_repr": "[(1, 6), (1, 2), (2, 7), (2, 3), (3, 8), (3, 4), (4, 9), (4, 5), (5, 10), (6, 11), (6, 7), (7, 12), (7, 8), (8, 13), (8, 9), (9, 14), (9, 10), (10, 15), (11, 16), (11, 12), (12, 17), (12, 13), (13, 18), (13, 14), (14, 19), (14, 15), (15, 20), (16, 21), (16, 17), (17, 22), (17, 18), (18, 23), (18, 19), (19, 24), (19, 20), (20, 25), (21, 22), (22, 23), (23, 24), (24, 25)]",
        "P0_nqubits": 25,
        "n_layers": 25,
        "g": 0,
        "n_qubits": 25,
        "J": 1
    },
    "julia_version": "1.12.6",
    "n_dropped": [
        0,
        0,
        16474,
        3403849,
        20513856,
        59474500,
        133647933,
        305301816,
        535957586,
        874766489,
        1514539723,
        2473530998,
        3474104606,
        4871002175,
        null,
        null,
        null,
        null,
        null,
        null,
        null,
        null,
        null,
        null,
        null,
        null
    ],
    "overlap_kept": [
        1,
        0.9704879152038246,
        0.8865172215885785,
        0.7600116423691159,
        0.6060443476859773,
        0.4386146003761969,
        0.26832939267121975,
        0.10232414326661714,
        -0.05443957092349106,
        -0.1978323974656519,
        -0.32391899882084857,
        -0.42903580276413544,
        -0.5102960601688108,
        -0.5658706964424647,
        null,
        null,
        null,
        null,
        null,
        null,
        null,
        null,
        null,
        null,
        null,
        null
    ],
    "hit_any_weight": [
        0,
        0,
        10829,
        2939591,
        18416410,
        55761129,
        127144848,
        295213685,
        522508752,
        856384735,
        1489560718,
        2443003407,
        3438250687,
        4827429199,
        null,
        null,
        null,
        null,
        null,
        null,
        null,
        null,
        null,
        null,
        null,
        null
    ],
    "drop_weight_only": [
        0,
        0,
        0,
        604,
        13404,
        89004,
        357878,
        1032477,
        2416459,
        4943956,
        9311116,
        16390050,
        27014433,
        42248635,
        null,
        null,
        null,
        null,
        null,
        null,
        null,
        null,
        null,
        null,
        null,
        null
    ],
    "hit_coeff": [
        0,
        0,
        16474,
        3403245,
        20500452,
        59385496,
        133290055,
        304269339,
        533541127,
        869822533,
        1505228607,
        2457140948,
        3447090173,
        4828753540,
        null,
        null,
        null,
        null,
        null,
        null,
        null,
        null,
        null,
        null,
        null,
        null
    ],
    "drop_coeff_and_weight": [
        0,
        0,
        10829,
        2938987,
        18403006,
        55672125,
        126786970,
        294181208,
        520092293,
        851440779,
        1480249602,
        2426613357,
        3411236254,
        4785180564,
        null,
        null,
        null,
        null,
        null,
        null,
        null,
        null,
        null,
        null,
        null,
        null
    ],
    "hit_z": [
        0,
        0,
        0,
        0,
        0,
        0,
        0,
        0,
        0,
        0,
        0,
        0,
        0,
        0,
        null,
        null,
        null,
        null,
        null,
        null,
        null,
        null,
        null,
        null,
        null,
        null
    ],
    "manifest_toml_sha256": "0bc8dd956e2d53dfc75dae382811cbae5159e33b4ab25664d941105fcfb60c81",
    "git_dirty": true,
    "experiment": "rect5x5_dt0p04_l25",
    "overlap_raw": [
        1,
        0.9704879152038246,
        0.8865172215885785,
        0.7600115807844714,
        0.6060446078879292,
        0.4386164199614607,
        0.268329307624083,
        0.10232564523944625,
        -0.05443754044325713,
        -0.19783072694059398,
        -0.323914462111238,
        -0.42903045555794966,
        -0.5102867321405098,
        -0.565859953679597,
        null,
        null,
        null,
        null,
        null,
        null,
        null,
        null,
        null,
        null,
        null,
        null
    ],
    "overlap_dropped": [
        0,
        0,
        0,
        -6.158464444295232e-8,
        2.6020195194616423e-7,
        1.8195852638450112e-6,
        -8.504713672354886e-8,
        1.5019728291117944e-6,
        2.0304802339271102e-6,
        1.6705250579361977e-6,
        4.536709610602229e-6,
        5.347206185755284e-6,
        9.328028300949493e-6,
        1.0742762867716195e-5,
        null,
        null,
        null,
        null,
        null,
        null,
        null,
        null,
        null,
        null,
        null,
        null
    ],
    "rule": {
        "label": "xyz8_d1em08",
        "weight_period": 1,
        "family": "xyz+coeff",
        "tau_z": 0,
        "c_gate": 1.0e-16,
        "tau_xyz": 8,
        "tau_xy": 0,
        "rule_hash": "e2174875fa",
        "coeff_min": 1.0e-8
    },
    "n_kept": [
        1,
        17,
        1889,
        14388,
        59166,
        167086,
        405512,
        838211,
        1510084,
        2520059,
        3964330,
        5938708,
        8345074,
        11392852,
        null,
        null,
        null,
        null,
        null,
        null,
        null,
        null,
        null,
        null,
        null,
        null
    ],
    "hit_xyz": [
        0,
        0,
        10829,
        2939591,
        18416410,
        55761129,
        127144848,
        295213685,
        522508752,
        856384735,
        1489560718,
        2443003407,
        3438250687,
        4827429199,
        null,
        null,
        null,
        null,
        null,
        null,
        null,
        null,
        null,
        null,
        null,
        null
    ],
    "git_commit": "unknown",
    "n_raw": [
        1,
        17,
        18363,
        3418237,
        20573022,
        59641586,
        134053445,
        306140027,
        537467670,
        877286548,
        1518504053,
        2479469706,
        3482449680,
        4882395027,
        null,
        null,
        null,
        null,
        null,
        null,
        null,
        null,
        null,
        null,
        null,
        null
    ],
    "weight_second_moment_raw": [
        1,
        1.0014855488533987,
        1.0125751141247017,
        1.045913306852729,
        1.1130814276938716,
        1.2194554760554026,
        1.3616808346740474,
        1.528705244729846,
        1.7057521374963727,
        1.8794515846604507,
        2.042041227141112,
        2.1931304723393485,
        2.3386335368162796,
        2.4875914040919547,
        null,
        null,
        null,
        null,
        null,
        null,
        null,
        null,
        null,
        null,
        null,
        null
    ],