{
    "created_at": "2026-06-11T10:57:12.147",
    "n_complete": 25,
    "drop_coeff_only": [
        0,
        0,
        0,
        133,
        5,
        395,
        234,
        211,
        157,
        188,
        174,
        342,
        213,
        194,
        167,
        107,
        225,
        377,
        249,
        172,
        135,
        113,
        104,
        116,
        104,
        154
    ],
    "system": {
        "dt": 0.04,
        "P0_coeff": 1,
        "h": 3.04438,
        "P0_term_hex": "c00",
        "name": "rect4x4_dt0p04_l25",
        "topology_repr": "[(1, 5), (1, 2), (2, 6), (2, 3), (3, 7), (3, 4), (4, 8), (5, 9), (5, 6), (6, 10), (6, 7), (7, 11), (7, 8), (8, 12), (9, 13), (9, 10), (10, 14), (10, 11), (11, 15), (11, 12), (12, 16), (13, 14), (14, 15), (15, 16)]",
        "P0_nqubits": 16,
        "n_layers": 25,
        "g": 0,
        "n_qubits": 16,
        "J": 1
    },
    "julia_version": "1.12.6",
    "n_dropped": [
        0,
        5,
        1551,
        10675,
        10547,
        26335,
        26386,
        26616,
        26827,
        31348,
        35238,
        38602,
        38529,
        38702,
        38687,
        38627,
        42967,
        48785,
        50123,
        50204,
        50249,
        50227,
        50196,
        50384,
        50546,
        51884
    ],
    "overlap_kept": [
        1,
        0.9704879152038246,
        0.8865193255644536,
        0.7600493999657157,
        0.6061858784865017,
        0.43865216068210366,
        0.2670854248192082,
        0.0971491691205771,
        -0.06716433874931138,
        -0.2208125560010427,
        -0.3564095146035898,
        -0.4652282391810664,
        -0.5399324980010433,
        -0.5774204870803645,
        -0.5800823951415157,
        -0.5546847838924049,
        -0.5094519189929206,
        -0.4509342260016053,
        -0.3823600193865082,
        -0.3043105163166481,
        -0.2172344095100637,
        -0.12427670067468376,
        -0.03271371712689728,
        0.04694836004732517,
        0.10388068913198537,
        0.13044220575576806
    ],
    "hit_any_weight": [
        0,
        5,
        1551,
        10542,
        10542,
        25940,
        26152,
        26405,
        26670,
        31160,
        35064,
        38260,
        38316,
        38508,
        38520,
        38520,
        42742,
        48408,
        49874,
        50032,
        50114,
        50114,
        50092,
        50268,
        50442,
        51730
    ],
    "drop_weight_only": [
        0,
        5,
        1157,
        3094,
        4976,
        7087,
        8357,
        9855,
        11657,
        12921,
        14915,
        16917,
        18400,
        20345,
        22343,
        23771,
        24371,
        24758,
        26538,
        27133,
        29090,
        29851,
        31723,
        34267,
        34967,
        35791
    ],
    "hit_coeff": [
        0,
        0,
        394,
        7581,
        5571,
        19248,
        18029,
        16761,
        15170,
        18427,
        20323,
        21685,
        20129,
        18357,
        16344,
        14856,
        18596,
        24027,
        23585,
        23071,
        21159,
        20376,
        18473,
        16117,
        15579,
        16093
    ],
    "drop_coeff_and_weight": [
        0,
        0,
        394,
        7448,
        5566,
        18853,
        17795,
        16550,
        15013,
        18239,
        20149,
        21343,
        19916,
        18163,
        16177,
        14749,
        18371,
        23650,
        23336,
        22899,
        21024,
        20263,
        18369,
        16001,
        15475,
        15939
    ],
    "hit_z": [
        0,
        0,
        0,
        0,
        0,
        0,
        0,
        0,
        0,
        0,
        0,
        0,
        0,
        0,
        0,
        0,
        0,
        0,
        0,
        0,
        0,
        0,
        0,
        0,
        0,
        0
    ],
    "manifest_toml_sha256": "0bc8dd956e2d53dfc75dae382811cbae5159e33b4ab25664d941105fcfb60c81",
    "git_dirty": true,
    "experiment": "rect4x4_dt0p04_l25",
    "overlap_raw": [
        1,
        0.9704879152038246,
        0.8865193255644536,
        0.7600493999657157,
        0.6061858784865017,
        0.4386521726695318,
        0.2670854248192082,
        0.09714916843936484,
        -0.06716433874931138,
        -0.22081255626350335,
        -0.35640951247408975,
        -0.46522822492852645,
        -0.5399324980010433,
        -0.5774204877405688,
        -0.5800823959931222,
        -0.5546847826088124,
        -0.5094519197594887,
        -0.45093422989419457,
        -0.38236002885550124,
        -0.3043105163166481,
        -0.21723440926204676,
        -0.12427669985424417,
        -0.03271371712689728,
        0.04694836004732517,
        0.10388068843506992,
        0.13044220057540828
    ],
    "overlap_dropped": [
        0,
        0,
        0,
        0,
        0,
        1.1987428140444785e-8,
        0,
        -6.812122495043408e-10,
        0,
        -2.624606733178198e-10,
        2.1295000895086948e-9,
        1.4252539994164439e-8,
        0,
        -6.602041892336315e-10,
        -8.51606502720131e-10,
        1.283592540825519e-9,
        -7.665679801210401e-10,
        -3.892589265963194e-9,
        -9.46899304659195e-9,
        0,
        2.480169310794502e-10,
        8.204395847575387e-10,
        0,
        0,
        -6.969154382089334e-10,
        -5.180359787284011e-9
    ],
    "rule": {
        "label": "xyz4_d1em09",
        "weight_period": 1,
        "family": "xyz+coeff",
        "tau_z": 0,
        "c_gate": 1.0e-16,
        "tau_xyz": 4,
        "tau_xy": 0,
        "rule_hash": "2e52b16d0c",
        "coeff_min": 1.0e-9
    },
    "n_kept": [
        1,
        12,
        184,
        426,
        554,
        622,
        783,
        827,
        893,
        942,
        1082,
        1140,
        1269,
        1313,
        1340,
        1400,
        1462,
        1474,
        1614,
        1691,
        1729,
        1751,
        1760,
        1752,
        1792,
        1842
    ],
    "hit_xyz": [
        0,
        5,
        1551,
        10542,
        10542,
        25940,
        26152,
        26405,
        26670,
        31160,
        35064,
        38260,
        38316,
        38508,
        38520,
        38520,
        42742,
        48408,
        49874,
        50032,
        50114,
        50114,
        50092,
        50268,
        50442,
        51730
    ],
    "git_commit": "unknown",
    "n_raw": [
        1,
        17,
        1735,
        11101,
        11101,
        26957,
        27169,
        27443,
        27720,
        32290,
        36320,
        39742,
        39798,
        40015,
        40027,
        40027,
        44429,
        50259,
        51737,
        51895,
        51978,
        51978,
        51956,
        52136,
        52338,
        53726
    ],
    "weight_second_moment_raw": [
        1,
        1.001485548853399,
        1.0125742587540665,
        1.0458781888051405,
        1.1127263408280361,
        1.2175668190061144,
        1.354835809378749,
        1.5095780026447474,
        1.6615692974346263,
        1.7913261928761015,
        1.8857712963407771,
        1.9416197668905373,
        1.9654908758498635,
        1.9709006417468855,
        1.9732904119452854,
        1.9848345612538258,
        2.0107749680598475,
        2.0484268309239075,
        2.0889973700172657,
        2.1213383359745515,
        2.1360942706775266,
        2.128643546025695,
        2.099794543503277,
        2.054211036989141,
        1.997583680209573,
        1.9341058172829546
    ],