{
    "created_at": "2026-06-11T05:00:29.782",
    "n_complete": 25,
    "drop_coeff_only": [
        0,
        0,
        5692,
        184042,
        536455,
        1371895,
        2287391,
        4189212,
        7387686,
        9969087,
        13568635,
        18182204,
        21720615,
        24949509,
        27546165,
        28900503,
        29637929,
        29530497,
        28591520,
        27180499,
        25361118,
        23386713,
        21334556,
        19245961,
        17200606,
        15233869
    ],
    "system": {
        "dt": 0.04,
        "P0_coeff": 1,
        "h": 3.04438,
        "P0_term_hex": "c00",
        "name": "rect4x4_dt0p04_l25",
        "topology_repr": "[(1, 5), (1, 2), (2, 6), (2, 3), (3, 7), (3, 4), (4, 8), (5, 9), (5, 6), (6, 10), (6, 7), (7, 11), (7, 8), (8, 12), (9, 13), (9, 10), (10, 14), (10, 11), (11, 15), (11, 12), (12, 16), (13, 14), (14, 15), (15, 16)]",
        "P0_nqubits": 16,
        "n_layers": 25,
        "g": 0,
        "n_qubits": 16,
        "J": 1
    },
    "julia_version": "1.12.6",
    "n_dropped": [
        0,
        0,
        6204,
        340187,
        1516941,
        4912217,
        12503983,
        30017450,
        59383372,
        101195236,
        163192910,
        247767774,
        342495385,
        446898921,
        545413906,
        641063350,
        723134856,
        797706999,
        853209737,
        899441670,
        934686425,
        962320217,
        982314290,
        996683135,
        1006474181,
        1013247318
    ],
    "overlap_kept": [
        1,
        0.9704879152038246,
        0.8865172215885787,
        0.7600057909015381,
        0.605975963368287,
        0.438246294619859,
        0.2670837963441594,
        0.09925516043052941,
        -0.06053397930420855,
        -0.2079938642909271,
        -0.33856055052915984,
        -0.4477944058712632,
        -0.531935109588481,
        -0.5885600533913149,
        -0.6165746366746536,
        -0.615643788824224,
        -0.5861456870040433,
        -0.5296270102278006,
        -0.4490270453698827,
        -0.34922155971611724,
        -0.23717704404356796,
        -0.12107829777496439,
        -0.00906168751591065,
        0.0917408580536408,
        0.17572667186518903,
        0.23919131476468508
    ],
    "hit_any_weight": [
        0,
        0,
        512,
        156145,
        980486,
        3540322,
        10216592,
        25828238,
        51995686,
        91226149,
        149624275,
        229585570,
        320774770,
        421949412,
        517867741,
        612162847,
        693496927,
        768176502,
        824618217,
        872261171,
        909325307,
        938933504,
        960979734,
        977437174,
        989273575,
        998013449
    ],
    "drop_weight_only": [
        0,
        0,
        0,
        41,
        1035,
        7100,
        26179,
        75643,
        181220,
        393226,
        762628,
        1350621,
        2250610,
        3542049,
        5332326,
        7741770,
        10889779,
        14817681,
        19537487,
        25075806,
        31486914,
        38755338,
        46768184,
        55374022,
        64396346,
        73727904
    ],
    "hit_coeff": [
        0,
        0,
        6204,
        340146,
        1515906,
        4905117,
        12477804,
        29941807,
        59202152,
        100802010,
        162430282,
        246417153,
        340244775,
        443356872,
        540081580,
        633321580,
        712245077,
        782889318,
        833672250,
        874365864,
        903199511,
        923564879,
        935546106,
        941309113,
        942077835,
        939519414
    ],
    "drop_coeff_and_weight": [
        0,
        0,
        512,
        156104,
        979451,
        3533222,
        10190413,
        25752595,
        51814466,
        90832923,
        148861647,
        228234949,
        318524160,
        418407363,
        512535415,
        604421077,
        682607148,
        753358821,
        805080730,
        847185365,
        877838393,
        900178166,
        914211550,
        922063152,
        924877229,
        924285545
    ],
    "hit_z": [
        0,
        0,
        0,
        0,
        0,
        0,
        0,
        0,
        0,
        0,
        0,
        0,
        0,
        0,
        0,
        0,
        0,
        0,
        0,
        0,
        0,
        0,
        0,
        0,
        0,
        0
    ],
    "manifest_toml_sha256": "0bc8dd956e2d53dfc75dae382811cbae5159e33b4ab25664d941105fcfb60c81",
    "git_dirty": true,
    "experiment": "rect4x4_dt0p04_l25",
    "overlap_raw": [
        1,
        0.9704879152038246,
        0.8865172215885787,
        0.7600057457163321,
        0.6059767126857877,
        0.43824740245515986,
        0.26709148847578945,
        0.09925515341198296,
        -0.060528492169084805,
        -0.20797369506783653,
        -0.33854692869662517,
        -0.44777778243396804,
        -0.5319160862632905,
        -0.5885439497493357,
        -0.6165731478864962,
        -0.6156299493931253,
        -0.5861377217422769,
        -0.529634480316915,
        -0.44904266876661847,
        -0.34922844270295356,
        -0.23718869412030189,
        -0.12110331599811316,
        -0.009079670623957498,
        0.09172406039885476,
        0.17570967427414172,
        0.2391733784792189
    ],
    "overlap_dropped": [
        0,
        0,
        0,
        -4.518520599323655e-8,
        7.493175006639465e-7,
        1.1078353008594623e-6,
        7.692131630030382e-6,
        -7.0185464587757246e-9,
        5.487135123744044e-6,
        2.0169223090564884e-5,
        1.3621832534688995e-5,
        1.662343729511787e-5,
        1.9023325190494684e-5,
        1.6103641979290662e-5,
        1.4887881574432805e-6,
        1.3839431098677248e-5,
        7.96526176645348e-6,
        -7.4700891144394474e-6,
        -1.5623396735768843e-5,
        -6.882986836324013e-6,
        -1.1650076733931867e-5,
        -2.5018223148784187e-5,
        -1.798310804684819e-5,
        -1.6797654786030906e-5,
        -1.6997591047321268e-5,
        -1.7936285466166675e-5
    ],
    "rule": {
        "label": "xy5_d1em07",
        "weight_period": 1,
        "family": "xy+coeff",
        "tau_z": 0,
        "c_gate": 1.0e-16,
        "tau_xyz": 0,
        "tau_xy": 5,
        "rule_hash": "3dccd0ae14",
        "coeff_min": 1.0e-7
    },
    "n_kept": [
        1,
        17,
        732,
        3370,
        11067,
        29190,
        68238,
        141041,
        267219,
        472656,
        795922,
        1267099,
        1920023,
        2776848,
        3860690,
        5186956,
        6758671,
        8560928,
        10564353,
        12740795,
        15014393,
        17334461,
        19616650,
        21836958,
        23959028,
        25962075
    ],
    "hit_xyz": [
        0,
        0,
        0,
        0,
        0,
        0,
        0,
        0,
        0,
        0,
        0,
        0,
        0,
        0,
        0,
        0,
        0,
        0,
        0,
        0,
        0,
        0,
        0,
        0,
        0,
        0
    ],
    "git_commit": "unknown",
    "n_raw": [
        1,
        17,
        6936,
        343557,
        1528008,
        4941407,
        12572221,
        30158491,
        59650591,
        101667892,
        163988832,
        249034873,
        344415408,
        449675769,
        549274596,
        646250306,
        729893527,
        806267927,
        863774090,
        912182465,
        949700818,
        979654678,
        1001930940,
        1018520093,
        1030433209,
        1039209393
    ],