{
    "created_at": "2026-06-11T09:45:25.161",
    "n_complete": 25,
    "drop_coeff_only": [
        0,
        0,
        5568,
        615467,
        3737096,
        10923648,
        28420367,
        56790595,
        99590857,
        157249538,
        221677634,
        281177390,
        322315074,
        342121727,
        340925245,
        322595304,
        291042928,
        251181436,
        207520611,
        164186849,
        124538154,
        90718663,
        63603555,
        43028987,
        28322543,
        18381639
    ],
    "system": {
        "dt": 0.04,
        "P0_coeff": 1,
        "h": 3.04438,
        "P0_term_hex": "c00",
        "name": "rect4x4_dt0p04_l25",
        "topology_repr": "[(1, 5), (1, 2), (2, 6), (2, 3), (3, 7), (3, 4), (4, 8), (5, 9), (5, 6), (6, 10), (6, 7), (7, 11), (7, 8), (8, 12), (9, 13), (9, 10), (10, 14), (10, 11), (11, 15), (11, 12), (12, 16), (13, 14), (14, 15), (15, 16)]",
        "P0_nqubits": 16,
        "n_layers": 25,
        "g": 0,
        "n_qubits": 16,
        "J": 1
    },
    "julia_version": "1.12.6",
    "n_dropped": [
        0,
        0,
        5568,
        615467,
        3786650,
        11769534,
        32774095,
        72653770,
        143370214,
        255806757,
        404801989,
        570555099,
        719552643,
        829841930,
        894047407,
        918294635,
        910080766,
        882029710,
        843942372,
        803364739,
        765095599,
        731942845,
        705210144,
        684848012,
        670264135,
        660390488
    ],
    "overlap_kept": [
        1,
        0.9704879152038246,
        0.8865172215885787,
        0.760005792525193,
        0.6059753559285549,
        0.4382491692078469,
        0.26709384181387824,
        0.09925212023124254,
        -0.06054760329954544,
        -0.20801318444393924,
        -0.338557519520883,
        -0.4475158555827773,
        -0.5308510964386045,
        -0.5856928293855097,
        -0.6104599226813845,
        -0.6047163291525054,
        -0.5690775049662669,
        -0.50533381845276,
        -0.416706966296084,
        -0.30798615892472236,
        -0.1853569957510895,
        -0.05598586108715382,
        0.07251392314553215,
        0.19266121391565416,
        0.2976533696653075,
        0.3818393560418221
    ],
    "hit_any_weight": [
        0,
        0,
        0,
        0,
        49554,
        845886,
        4353728,
        15863175,
        43779357,
        98557219,
        183124355,
        289377709,
        397237569,
        487720203,
        553122162,
        595699331,
        619037838,
        630848274,
        636421761,
        639177890,
        640557445,
        641224182,
        641606589,
        641819025,
        641941592,
        642008849
    ],
    "drop_weight_only": [
        0,
        0,
        0,
        0,
        0,
        2,
        1005,
        14166,
        90497,
        375216,
        1155990,
        2912420,
        6518533,
        12966282,
        23123779,
        37849036,
        58112718,
        83830271,
        114347006,
        148924412,
        186672567,
        226509184,
        266741829,
        305213479,
        340320823,
        371452820
    ],
    "hit_coeff": [
        0,
        0,
        5568,
        615467,
        3786650,
        11769532,
        32773090,
        72639604,
        143279717,
        255431541,
        403645999,
        567642679,
        713034110,
        816875648,
        870923628,
        880445599,
        851968048,
        798199439,
        729595366,
        654440327,
        578423032,
        505433661,
        438468315,
        379634533,
        329943312,
        288937668
    ],
    "drop_coeff_and_weight": [
        0,
        0,
        0,
        0,
        49554,
        845884,
        4352723,
        15849009,
        43688860,
        98182003,
        181968365,
        286465289,
        390719036,
        474753921,
        529998383,
        557850295,
        560925120,
        547018003,
        522074755,
        490253478,
        453884878,
        414714998,
        374864760,
        336605546,
        301620769,
        270556029
    ],
    "hit_z": [
        0,
        0,
        0,
        0,
        0,
        0,
        0,
        0,
        0,
        0,
        0,
        0,
        0,
        0,
        0,
        0,
        0,
        0,
        0,
        0,
        0,
        0,
        0,
        0,
        0,
        0
    ],
    "manifest_toml_sha256": "0bc8dd956e2d53dfc75dae382811cbae5159e33b4ab25664d941105fcfb60c81",
    "git_dirty": true,
    "experiment": "rect4x4_dt0p04_l25",
    "overlap_raw": [
        1,
        0.9704879152038246,
        0.8865172215885787,
        0.7600057514434938,
        0.605975439606601,
        0.4382497698063012,
        0.2670938171402631,
        0.09925243802105302,
        -0.06054697496533522,
        -0.20801301025416674,
        -0.3385562216872779,
        -0.44751352800843774,
        -0.5308479629890077,
        -0.585690280611315,
        -0.6104574133373737,
        -0.6047138843311659,
        -0.569076360043173,
        -0.5053334495136217,
        -0.416707097083177,
        -0.3079858662316369,
        -0.18535605397699592,
        -0.055985467750589456,
        0.072513752834757,
        0.19266122561300245,
        0.29765278980922943,
        0.3818392527035134
    ],
    "overlap_dropped": [
        0,
        0,
        0,
        -4.108169920544728e-8,
        8.367804611018489e-8,
        6.005984542797496e-7,
        -2.46736151276995e-8,
        3.177898104785659e-7,
        6.28334210227481e-7,
        1.7418977248153857e-7,
        1.2978336051124016e-6,
        2.327574339540595e-6,
        3.133449596782867e-6,
        2.5487741947264127e-6,
        2.5093440107912656e-6,
        2.444821339521207e-6,
        1.1449230938558648e-6,
        3.6893913837528855e-7,
        -1.3078709296335647e-7,
        2.9269308548957517e-7,
        9.417740935584546e-7,
        3.9333656436081113e-7,
        -1.7031077514335924e-7,
        1.1697348289551667e-8,
        -5.798560780222724e-7,
        -1.0333830875588932e-7
    ],
    "rule": {
        "label": "xy8_d1em08",
        "weight_period": 1,
        "family": "xy+coeff",
        "tau_z": 0,
        "c_gate": 1.0e-16,
        "tau_xyz": 0,
        "tau_xy": 8,
        "rule_hash": "e71651344a",
        "coeff_min": 1.0e-8
    },
    "n_kept": [
        1,
        17,
        1368,
        9001,
        36563,
        117234,
        344887,
        905025,
        2132895,
        4596118,
        8979032,
        16639808,
        28994692,
        46991491,
        71129849,
        101533004,
        138015179,
        179559830,
        223719564,
        267194016,
        306884246,
        340716132,
        367834794,
        388410337,
        403117090,
        413058151
    ],
    "hit_xyz": [
        0,
        0,
        0,
        0,
        0,
        0,
        0,
        0,
        0,
        0,
        0,
        0,
        0,
        0,
        0,
        0,
        0,
        0,
        0,
        0,
        0,
        0,
        0,
        0,
        0,
        0
    ],
    "git_commit": "unknown",
    "n_raw": [
        1,
        17,
        6936,
        624468,
        3823213,
        11886768,
        33118982,
        73558795,
        145503109,
        260402875,
        413781021,
        587194907,
        748547335,
        876833421,
        965177256,
        1019827639,
        1048095945,
        1061589540,
        1067661936,
        1070558755,
        1071979845,
        1072658977,
        1073044938,
        1073258349,
        1073381225,
        1073448639
    ],