{
    "created_at": "2026-06-30T15:09:01.568",
    "n_complete": 25,
    "drop_coeff_only": [
        0,
        0,
        4,
        4004,
        7644,
        5852,
        8426,
        13962,
        13534,
        12788,
        14344,
        18948,
        20876,
        17900,
        16440,
        14748,
        15556,
        21916,
        23180,
        21920,
        18676,
        16332,
        15220,
        16676,
        21024,
        19880
    ],
    "system": {
        "dt": 0.04,
        "P0_coeff": 1,
        "h": 3.04438,
        "P0_term_hex": "3000000",
        "name": "rect5x5_dt0p04_l25",
        "topology_repr": "[(1, 6), (1, 2), (2, 7), (2, 3), (3, 8), (3, 4), (4, 9), (4, 5), (5, 10), (6, 11), (6, 7), (7, 12), (7, 8), (8, 13), (8, 9), (9, 14), (9, 10), (10, 15), (11, 16), (11, 12), (12, 17), (12, 13), (13, 18), (13, 14), (14, 19), (14, 15), (15, 20), (16, 21), (16, 17), (17, 22), (17, 18), (18, 23), (18, 19), (19, 24), (19, 20), (20, 25), (21, 22), (22, 23), (23, 24), (24, 25)]",
        "P0_nqubits": 25,
        "n_layers": 25,
        "g": 0,
        "n_qubits": 25,
        "J": 1
    },
    "julia_version": "1.12.6",
    "n_dropped": [
        0,
        1,
        6495,
        258304,
        619329,
        644912,
        838881,
        1918718,
        2375416,
        2637138,
        3004740,
        3852823,
        5322935,
        6149730,
        6965665,
        7238883,
        7742145,
        9141345,
        11042332,
        11942859,
        12316762,
        12574120,
        12690288,
        13209893,
        14401222,
        15099127
    ],
    "overlap_kept": [
        1,
        0.9704879152038246,
        0.8865193255644533,
        0.7600300710875207,
        0.6060508575982675,
        0.4382989740239852,
        0.2667587911675004,
        0.09784220709474212,
        -0.06390341955631917,
        -0.2141587943081802,
        -0.3482321153980723,
        -0.46128936997174397,
        -0.5485910521253867,
        -0.6052472950171286,
        -0.6258921252460611,
        -0.6051683871164141,
        -0.5394897949776625,
        -0.42947613961111764,
        -0.281652939969711,
        -0.10818434102356263,
        0.07544721103771425,
        0.25364361899789234,
        0.41315676773519744,
        0.5438882737319513,
        0.6383592830076009,
        0.691037140065421
    ],
    "hit_any_weight": [
        0,
        1,
        6491,
        254300,
        611685,
        639060,
        830455,
        1904756,
        2361882,
        2624350,
        2990396,
        3833875,
        5302059,
        6131830,
        6949225,
        7224135,
        7726589,
        9119429,
        11019152,
        11920939,
        12298086,
        12557788,
        12675068,
        13193217,
        14380198,
        15079247
    ],
    "drop_weight_only": [
        0,
        1,
        1181,
        8407,
        18417,
        31737,
        64499,
        91575,
        138377,
        197485,
        251123,
        344063,
        415493,
        499675,
        616571,
        730083,
        857665,
        1003581,
        1149771,
        1290481,
        1426209,
        1554201,
        1650571,
        1731149,
        1804573,
        1945937
    ],
    "hit_coeff": [
        0,
        0,
        5314,
        249897,
        600912,
        613175,
        774382,
        1827143,
        2237039,
        2439653,
        2753617,
        3508760,
        4907442,
        5650055,
        6349094,
        6508800,
        6884480,
        8137764,
        9892561,
        10652378,
        10890553,
        11019919,
        11039717,
        11478744,
        12596649,
        13153190
    ],
    "drop_coeff_and_weight": [
        0,
        0,
        5310,
        245893,
        593268,
        607323,
        765956,
        1813181,
        2223505,
        2426865,
        2739273,
        3489812,
        4886566,
        5632155,
        6332654,
        6494052,
        6868924,
        8115848,
        9869381,
        10630458,
        10871877,
        11003587,
        11024497,
        11462068,
        12575625,
        13133310
    ],
    "hit_z": [
        0,
        0,
        0,
        0,
        0,
        0,
        0,
        0,
        0,
        0,
        0,
        0,
        0,
        0,
        0,
        0,
        0,
        0,
        0,
        0,
        0,
        0,
        0,
        0,
        0,
        0
    ],
    "manifest_toml_sha256": "0bc8dd956e2d53dfc75dae382811cbae5159e33b4ab25664d941105fcfb60c81",
    "git_dirty": true,
    "experiment": "rect5x5_dt0p04_l25",
    "overlap_raw": [
        1,
        0.9704879152038246,
        0.8865193255644533,
        0.7600300710875207,
        0.6060508575982675,
        0.43829901216446304,
        0.2667589859647811,
        0.09784220709474212,
        -0.06390349830015606,
        -0.21415909787562187,
        -0.34823203217794185,
        -0.4612892987143788,
        -0.5485909644900949,
        -0.605247400759658,
        -0.6258920436747233,
        -0.6051681621140649,
        -0.5394894075660867,
        -0.42947607810162225,
        -0.28165295422804265,
        -0.10818436819469988,
        0.07544724599763587,
        0.253643573472537,
        0.41315646254896604,
        0.5438880324440154,
        0.6383591498007839,
        0.6910371781762358
    ],
    "overlap_dropped": [
        0,
        0,
        0,
        0,
        0,
        3.814047783191417e-8,
        1.9479728071263249e-7,
        0,
        -7.874383688052424e-8,
        -3.035674416955665e-7,
        8.322013044077968e-8,
        7.125736519038304e-8,
        8.763529174636283e-8,
        -1.0574252939032213e-7,
        8.157133774008458e-8,
        2.2500234924073943e-7,
        3.8741157583701254e-7,
        6.150949537182293e-8,
        -1.4258331603522157e-8,
        -2.717113725565466e-8,
        3.495992162585693e-8,
        -4.552535532495959e-8,
        -3.051862313915606e-7,
        -2.412879358746759e-7,
        -1.3320681699973028e-7,
        3.811081473312222e-8
    ],
    "rule": {
        "label": "xyz5_d1em08",
        "weight_period": 1,
        "family": "xyz+coeff",
        "tau_z": 0,
        "c_gate": 1.0e-16,
        "tau_xyz": 5,
        "tau_xy": 0,
        "rule_hash": "68f0ba207e",
        "coeff_min": 1.0e-8
    },
    "n_kept": [
        1,
        16,
        628,
        2322,
        3682,
        5602,
        7654,
        10342,
        13692,
        16450,
        19174,
        23146,
        27210,
        32018,
        36870,
        39754,
        43934,
        47758,
        52654,
        56950,
        61902,
        65414,
        67970,
        70418,
        73998,
        78774
    ],
    "hit_xyz": [
        0,
        1,
        6491,
        254300,
        611685,
        639060,
        830455,
        1904756,
        2361882,
        2624350,
        2990396,
        3833875,
        5302059,
        6131830,
        6949225,
        7224135,
        7726589,
        9119429,
        11019152,
        11920939,
        12298086,
        12557788,
        12675068,
        13193217,
        14380198,
        15079247
    ],
    "git_commit": "unknown",
    "n_raw": [
        1,
        17,
        7123,
        260626,
        623011,
        650514,
        846535,
        1929060,
        2389108,
        2653588,
        3023914,
        3875969,
        5350145,
        6181748,
        7002535,
        7278637,
        7786079,
        9189103,
        11094986,
        11999809,
        12378664,
        12639534,
        12758258,
        13280311,
        14475220,
        15177901
    ],