{
    "created_at": "2026-06-11T08:11:19.672",
    "n_complete": 25,
    "drop_coeff_only": [
        0,
        0,
        5057,
        277654,
        1207663,
        2302223,
        4947996,
        7818398,
        11457644,
        16165030,
        20443820,
        24275856,
        26816837,
        28039074,
        28090950,
        26896838,
        24807389,
        22214806,
        19422991,
        16544002,
        13791969,
        11269982,
        9043496,
        7125786,
        5529061,
        4234980
    ],
    "system": {
        "dt": 0.04,
        "P0_coeff": 1,
        "h": 3.04438,
        "P0_term_hex": "c00",
        "name": "rect4x4_dt0p04_l25",
        "topology_repr": "[(1, 5), (1, 2), (2, 6), (2, 3), (3, 7), (3, 4), (4, 8), (5, 9), (5, 6), (6, 10), (6, 7), (7, 11), (7, 8), (8, 12), (9, 13), (9, 10), (10, 14), (10, 11), (11, 15), (11, 12), (12, 16), (13, 14), (14, 15), (15, 16)]",
        "P0_nqubits": 16,
        "n_layers": 25,
        "g": 0,
        "n_qubits": 16,
        "J": 1
    },
    "julia_version": "1.12.6",
    "n_dropped": [
        0,
        0,
        5569,
        615942,
        3794001,
        11640116,
        31288857,
        62895801,
        116294565,
        195741913,
        295340984,
        410249744,
        529562074,
        642217534,
        744968634,
        825085509,
        887529854,
        933930481,
        965406601,
        985551724,
        999071003,
        1007449590,
        1012878771,
        1016223040,
        1018383935,
        1019894815
    ],
    "overlap_kept": [
        1,
        0.9704879152038246,
        0.8865172215885787,
        0.7600057925506878,
        0.6059753597553892,
        0.4382492532205209,
        0.2670948582083529,
        0.09925834195472341,
        -0.0605252114669698,
        -0.2079690991406285,
        -0.3385423313464165,
        -0.4477498315849334,
        -0.5318950607100277,
        -0.5885557669584316,
        -0.6165485790495513,
        -0.6156072338093903,
        -0.5861754783909219,
        -0.5296481270772883,
        -0.449001333649435,
        -0.34922598302834024,
        -0.23722427148335753,
        -0.12111085994580931,
        -0.009077156305004868,
        0.09169059536462115,
        0.17565580483491508,
        0.23913810767715904
    ],
    "hit_any_weight": [
        0,
        0,
        512,
        338288,
        2586338,
        9337893,
        26340861,
        55077403,
        104836921,
        179576883,
        274897164,
        385973888,
        502745237,
        614178460,
        716877684,
        798188671,
        862722465,
        911715675,
        945983610,
        969007722,
        985279034,
        996179608,
        1003835275,
        1009097254,
        1012854874,
        1015659835
    ],
    "drop_weight_only": [
        0,
        0,
        1,
        475,
        6988,
        34126,
        117170,
        311228,
        727917,
        1530348,
        2916608,
        5130936,
        8444955,
        13123958,
        19451186,
        27648428,
        37930975,
        50170451,
        64270979,
        80138700,
        97524526,
        116123656,
        135563243,
        155384812,
        175225779,
        194833533
    ],
    "hit_coeff": [
        0,
        0,
        5568,
        615467,
        3787013,
        11605990,
        31171687,
        62584573,
        115566648,
        194211565,
        292424376,
        405118808,
        521117119,
        629093576,
        725517448,
        797437081,
        849598879,
        883760030,
        901135622,
        905413024,
        901546477,
        891325934,
        877315528,
        860838228,
        843158156,
        825061282
    ],
    "drop_coeff_and_weight": [
        0,
        0,
        511,
        337813,
        2579350,
        9303767,
        26223691,
        54766175,
        104109004,
        178046535,
        271980556,
        380842952,
        494300282,
        601054502,
        697426498,
        770540243,
        824791490,
        861545224,
        881712631,
        888869022,
        887754508,
        880055952,
        868272032,
        853712442,
        837629095,
        820826302
    ],
    "hit_z": [
        0,
        0,
        0,
        0,
        0,
        0,
        0,
        0,
        0,
        0,
        0,
        0,
        0,
        0,
        0,
        0,
        0,
        0,
        0,
        0,
        0,
        0,
        0,
        0,
        0,
        0
    ],
    "manifest_toml_sha256": "0bc8dd956e2d53dfc75dae382811cbae5159e33b4ab25664d941105fcfb60c81",
    "git_dirty": true,
    "experiment": "rect4x4_dt0p04_l25",
    "overlap_raw": [
        1,
        0.9704879152038246,
        0.8865172215885787,
        0.7600057514689886,
        0.6059754434334351,
        0.43824987350567307,
        0.26709485385739484,
        0.09925873557151878,
        -0.06052438730326766,
        -0.2079687794516924,
        -0.3385400898431567,
        -0.4477467725747761,
        -0.5318933529685649,
        -0.5885543537410804,
        -0.6165463810931622,
        -0.6156078604591829,
        -0.5861755781246387,
        -0.5296484418928956,
        -0.4490017011978981,
        -0.34922676602438246,
        -0.23722483199570332,
        -0.12111215632563417,
        -0.009077869829624143,
        0.09168995251938059,
        0.17565575036180672,
        0.23913814209356227
    ],
    "overlap_dropped": [
        0,
        0,
        0,
        -4.108169920544728e-8,
        8.367804598926318e-8,
        6.202851521815179e-7,
        -4.350958065956972e-9,
        3.9361679536335926e-7,
        8.241637021392397e-7,
        3.196889361102942e-7,
        2.2415032597818856e-6,
        3.0590101573192172e-6,
        1.7077414628452394e-6,
        1.4132173511897197e-6,
        2.197956389109145e-6,
        -6.266497925726032e-7,
        -9.973371687992948e-8,
        -3.1481560738459267e-7,
        -3.675484630847044e-7,
        -7.829960422021032e-7,
        -5.605123457922043e-7,
        -1.2963798248619001e-6,
        -7.135246192749299e-7,
        -6.428452405726783e-7,
        -5.447310834443221e-8,
        3.4416403240594754e-8
    ],
    "rule": {
        "label": "xy5_d1em08",
        "weight_period": 1,
        "family": "xy+coeff",
        "tau_z": 0,
        "c_gate": 1.0e-16,
        "tau_xyz": 0,
        "tau_xy": 5,
        "rule_hash": "dcdfd18695",
        "coeff_min": 1.0e-8
    },
    "n_kept": [
        1,
        17,
        1367,
        8526,
        29130,
        77873,
        183039,
        380787,
        727582,
        1299902,
        2162056,
        3364041,
        4955527,
        6966810,
        9385371,
        12167069,
        15204507,
        18372690,
        21526181,
        24560091,
        27388794,
        29941370,
        32184050,
        34108179,
        35707452,
        37002589
    ],
    "hit_xyz": [
        0,
        0,
        0,
        0,
        0,
        0,
        0,
        0,
        0,
        0,
        0,
        0,
        0,
        0,
        0,
        0,
        0,
        0,
        0,
        0,
        0,
        0,
        0,
        0,
        0,
        0
    ],
    "git_commit": "unknown",
    "n_raw": [
        1,
        17,
        6936,
        624468,
        3823131,
        11717989,
        31471896,
        63276588,
        117022147,
        197041815,
        297503040,
        413613785,
        534517601,
        649184344,
        754354005,
        837252578,
        902734361,
        952303171,
        986932782,
        1010111815,
        1026459797,
        1037390960,
        1045062821,
        1050331219,
        1054091387,
        1056897404
    ],