{
    "created_at": "2026-06-11T11:11:35.151",
    "n_complete": 25,
    "drop_coeff_only": [
        0,
        0,
        2316,
        148729,
        474301,
        930294,
        1674373,
        2586477,
        3545817,
        4643701,
        5455984,
        6143430,
        6553673,
        6447616,
        6087979,
        5564989,
        4833749,
        4070037,
        3325165,
        2641538,
        2038633,
        1536926,
        1130461,
        815816,
        578998,
        408344
    ],
    "system": {
        "dt": 0.04,
        "P0_coeff": 1,
        "h": 3.04438,
        "P0_term_hex": "c00",
        "name": "rect4x4_dt0p04_l25",
        "topology_repr": "[(1, 5), (1, 2), (2, 6), (2, 3), (3, 7), (3, 4), (4, 8), (5, 9), (5, 6), (6, 10), (6, 7), (7, 11), (7, 8), (8, 12), (9, 13), (9, 10), (10, 14), (10, 11), (11, 15), (11, 12), (12, 16), (13, 14), (14, 15), (15, 16)]",
        "P0_nqubits": 16,
        "n_layers": 25,
        "g": 0,
        "n_qubits": 16,
        "J": 1
    },
    "julia_version": "1.12.6",
    "n_dropped": [
        0,
        0,
        5388,
        1110079,
        5208341,
        14306162,
        33113398,
        63844280,
        111605505,
        182496638,
        269609469,
        371847254,
        478501717,
        582594951,
        677814848,
        758448962,
        823433582,
        872556590,
        910510204,
        938112260,
        958662498,
        973894300,
        985347318,
        994164533,
        1001223243,
        1006787904
    ],
    "overlap_kept": [
        1,
        0.9704879152038246,
        0.8865172215885787,
        0.7600057373565412,
        0.6059751582636658,
        0.43824376696370904,
        0.2670369056508201,
        0.09893569519835424,
        -0.06178666122005336,
        -0.21175113759625797,
        -0.34779093959726404,
        -0.46706055106382516,
        -0.5674820881966475,
        -0.6480180926521433,
        -0.7085607679774899,
        -0.7495559507284495,
        -0.7716359343227142,
        -0.775448486976362,
        -0.7616300177851079,
        -0.7307793809387036,
        -0.6834428186073319,
        -0.6202576425649826,
        -0.5423428830326884,
        -0.45179289205290074,
        -0.35192182310039155,
        -0.2469809293295848
    ],
    "hit_any_weight": [
        0,
        0,
        3072,
        961350,
        4734040,
        13375868,
        31439025,
        61257803,
        108059688,
        177852937,
        264153485,
        365703824,
        471948044,
        576147335,
        671726869,
        752883973,
        818599833,
        868486553,
        907185039,
        935470722,
        956623865,
        972357374,
        984216857,
        993348717,
        1000644245,
        1006379560
    ],
    "drop_weight_only": [
        0,
        0,
        276,
        10119,
        47066,
        148705,
        368005,
        814511,
        1626832,
        2978171,
        5123668,
        8368871,
        13029490,
        19321170,
        27440155,
        37478319,
        49412123,
        63011800,
        78122690,
        94408000,
        111627505,
        129457010,
        147556245,
        165655149,
        183380035,
        200507046
    ],
    "hit_coeff": [
        0,
        0,
        5112,
        1099960,
        5161275,
        14157457,
        32745393,
        63029769,
        109978673,
        179518467,
        264485801,
        363478383,
        465472227,
        563273781,
        650374693,
        720970643,
        774021459,
        809544790,
        832387514,
        843704260,
        847034993,
        844437290,
        837791073,
        828509384,
        817843208,
        806280858
    ],
    "drop_coeff_and_weight": [
        0,
        0,
        2796,
        951231,
        4686974,
        13227163,
        31071020,
        60443292,
        106432856,
        174874766,
        259029817,
        357334953,
        458918554,
        556826165,
        644286714,
        715405654,
        769187710,
        805474753,
        829062349,
        841062722,
        844996360,
        842900364,
        836660612,
        827693568,
        817264210,
        805872514
    ],
    "hit_z": [
        0,
        0,
        0,
        0,
        0,
        0,
        0,
        0,
        0,
        0,
        0,
        0,
        0,
        0,
        0,
        0,
        0,
        0,
        0,
        0,
        0,
        0,
        0,
        0,
        0,
        0
    ],
    "manifest_toml_sha256": "0bc8dd956e2d53dfc75dae382811cbae5159e33b4ab25664d941105fcfb60c81",
    "git_dirty": true,
    "experiment": "rect4x4_dt0p04_l25",
    "overlap_raw": [
        1,
        0.9704879152038246,
        0.8865172215885787,
        0.760005734406587,
        0.6059752058334358,
        0.4382437526259934,
        0.26703698433670764,
        0.09893568430374546,
        -0.06178668601989139,
        -0.21175114035314643,
        -0.3477907645981913,
        -0.46706056323884476,
        -0.5674821141340526,
        -0.6480179924009176,
        -0.7085607776623583,
        -0.7495560233098004,
        -0.7716358607354207,
        -0.7754483755858823,
        -0.7616299189960073,
        -0.7307792895230373,
        -0.6834427916048119,
        -0.6202575999629356,
        -0.5423428601034432,
        -0.4517928979954547,
        -0.3519218179885041,
        -0.24698091126963462
    ],
    "overlap_dropped": [
        0,
        0,
        0,
        -2.9499541594381016e-9,
        4.756977002055876e-8,
        -1.433771562863921e-8,
        7.868588754843077e-8,
        -1.0894608788161196e-8,
        -2.4799838027826033e-8,
        -2.756888455670971e-9,
        1.7499907272062245e-7,
        -1.2175019608601043e-8,
        -2.5937405143881317e-8,
        1.0025122562737635e-7,
        -9.684868374856886e-9,
        -7.258135097962134e-8,
        7.358729343315243e-8,
        1.1139047972454437e-7,
        9.878910054250599e-8,
        9.141566634065015e-8,
        2.7002520023710705e-8,
        4.260204696560718e-8,
        2.2929245204773105e-8,
        -5.942553922056232e-9,
        5.1118874590259684e-9,
        1.805995017566966e-8
    ],
    "rule": {
        "label": "xy4_d1em09",
        "weight_period": 1,
        "family": "xy+coeff",
        "tau_z": 0,
        "c_gate": 1.0e-16,
        "tau_xyz": 0,
        "tau_xy": 4,
        "rule_hash": "c1127a977f",
        "coeff_min": 1.0e-9
    },
    "n_kept": [
        1,
        17,
        1548,
        12271,
        36428,
        82045,
        170870,
        319440,
        552235,
        887370,
        1343881,
        1933743,
        2650509,
        3486746,
        4409578,
        5371630,
        6319005,
        7216682,
        8032908,
        8751172,
        9368407,
        9877894,
        10286798,
        10602918,
        10840137,
        11011145
    ],
    "hit_xyz": [
        0,
        0,
        0,
        0,
        0,
        0,
        0,
        0,
        0,
        0,
        0,
        0,
        0,
        0,
        0,
        0,
        0,
        0,
        0,
        0,
        0,
        0,
        0,
        0,
        0,
        0
    ],
    "git_commit": "unknown",
    "n_raw": [
        1,
        17,
        6936,
        1122350,
        5244769,
        14388207,
        33284268,
        64163720,
        112157740,
        183384008,
        270953350,
        373780997,
        481152226,
        586081697,
        682224426,
        763820592,
        829752587,
        879773272,
        918543112,
        946863432,
        968030905,
        983772194,
        995634116,
        1004767451,
        1012063380,
        1017799049
    ],