{
    "created_at": "2026-06-11T02:49:32.327",
    "n_complete": 18,
    "drop_coeff_only": [
        0,
        1,
        3906,
        41204,
        155747,
        302187,
        597829,
        1506815,
        1695213,
        3225785,
        4044941,
        5950459,
        8352068,
        10236049,
        11416559,
        14163674,
        16765080,
        20405222,
        23192391,
        null,
        null,
        null,
        null,
        null,
        null,
        null
    ],
    "system": {
        "dt": 0.04,
        "P0_coeff": 1,
        "h": 3.04438,
        "P0_term_hex": "3000000",
        "name": "rect5x5_dt0p04_l25",
        "topology_repr": "[(1, 6), (1, 2), (2, 7), (2, 3), (3, 8), (3, 4), (4, 9), (4, 5), (5, 10), (6, 11), (6, 7), (7, 12), (7, 8), (8, 13), (8, 9), (9, 14), (9, 10), (10, 15), (11, 16), (11, 12), (12, 17), (12, 13), (13, 18), (13, 14), (14, 19), (14, 15), (15, 20), (16, 21), (16, 17), (17, 22), (17, 18), (18, 23), (18, 19), (19, 24), (19, 20), (20, 25), (21, 22), (22, 23), (23, 24), (24, 25)]",
        "P0_nqubits": 25,
        "n_layers": 25,
        "g": 0,
        "n_qubits": 25,
        "J": 1
    },
    "julia_version": "1.12.6",
    "n_dropped": [
        0,
        1,
        6972,
        84010,
        624947,
        2632100,
        6477839,
        21662052,
        32836950,
        74778836,
        109300323,
        181233174,
        296811920,
        480469638,
        566015675,
        740968092,
        954228343,
        1392554428,
        1783465970,
        null,
        null,
        null,
        null,
        null,
        null,
        null
    ],
    "overlap_kept": [
        1,
        0.9704879152038246,
        0.8865193255644533,
        0.759998044965583,
        0.6058511296831214,
        0.43830872227506035,
        0.2682346146529584,
        0.10204867117868151,
        -0.05543036975724142,
        -0.19944378628821685,
        -0.3255176026168448,
        -0.4309690574502087,
        -0.5125802451952104,
        -0.5686492112119923,
        -0.5985223481809512,
        -0.6013249065928895,
        -0.5772438682760499,
        -0.5299908747326869,
        -0.46356635768002463,
        null,
        null,
        null,
        null,
        null,
        null,
        null
    ],
    "hit_any_weight": [
        0,
        0,
        3066,
        42806,
        469200,
        2329913,
        5880010,
        20155237,
        31141737,
        71553051,
        105255382,
        175282715,
        288459852,
        470233589,
        554599116,
        726804418,
        937463263,
        1372149206,
        1760273579,
        null,
        null,
        null,
        null,
        null,
        null,
        null
    ],
    "drop_weight_only": [
        0,
        0,
        0,
        0,
        0,
        0,
        108,
        1120,
        6572,
        24102,
        44050,
        90886,
        160654,
        296442,
        474528,
        700569,
        992171,
        1317453,
        1673978,
        null,
        null,
        null,
        null,
        null,
        null,
        null
    ],
    "hit_coeff": [
        0,
        1,
        6972,
        84010,
        624947,
        2632100,
        6477731,
        21660932,
        32830378,
        74754734,
        109256273,
        181142288,
        296651266,
        480173196,
        565541147,
        740267523,
        953236172,
        1391236975,
        1781791992,
        null,
        null,
        null,
        null,
        null,
        null,
        null
    ],
    "drop_coeff_and_weight": [
        0,
        0,
        3066,
        42806,
        469200,
        2329913,
        5879902,
        20154117,
        31135165,
        71528949,
        105211332,
        175191829,
        288299198,
        469937147,
        554124588,
        726103849,
        936471092,
        1370831753,
        1758599601,
        null,
        null,
        null,
        null,
        null,
        null,
        null
    ],
    "hit_z": [
        0,
        0,
        0,
        0,
        0,
        0,
        0,
        0,
        0,
        0,
        0,
        0,
        0,
        0,
        0,
        0,
        0,
        0,
        0,
        null,
        null,
        null,
        null,
        null,
        null,
        null
    ],
    "manifest_toml_sha256": "0bc8dd956e2d53dfc75dae382811cbae5159e33b4ab25664d941105fcfb60c81",
    "git_dirty": true,
    "experiment": "rect5x5_dt0p04_l25",
    "overlap_raw": [
        1,
        0.9704879152038246,
        0.8865193255644533,
        0.759998044965583,
        0.6059204989526877,
        0.43847066802384244,
        0.26824698858052176,
        0.10212370982362466,
        -0.05518497132149997,
        -0.19876110359064114,
        -0.32509795830932064,
        -0.430774386289944,
        -0.5122187863871577,
        -0.5675846212615392,
        -0.5967133096727659,
        -0.5994760330860913,
        -0.5753604871789721,
        -0.5295446235261364,
        -0.4665218395189171,
        null,
        null,
        null,
        null,
        null,
        null,
        null
    ],
    "overlap_dropped": [
        0,
        0,
        0,
        0,
        6.936926956640019e-5,
        0.0001619457487820645,
        1.2373927563370355e-5,
        7.503864494314953e-5,
        0.0002453984357414483,
        0.0006826826975757054,
        0.0004196443075241949,
        0.00019467116026466785,
        0.00036145880805274136,
        0.0010645899504531052,
        0.0018090385081852077,
        0.0018488735067982323,
        0.0018833810970777228,
        0.00044625120655053557,
        -0.0029554818388925004,
        null,
        null,
        null,
        null,
        null,
        null,
        null
    ],
    "rule": {
        "label": "xyz8_d1em05",
        "weight_period": 1,
        "family": "xyz+coeff",
        "tau_z": 0,
        "c_gate": 1.0e-16,
        "tau_xyz": 8,
        "tau_xy": 0,
        "rule_hash": "b0a1d3c7d0",
        "coeff_min": 1.0e-5
    },
    "n_kept": [
        1,
        16,
        151,
        530,
        1519,
        4150,
        10296,
        23210,
        44604,
        78832,
        133126,
        217766,
        341506,
        500644,
        707511,
        957337,
        1252317,
        1618124,
        2064437,
        null,
        null,
        null,
        null,
        null,
        null,
        null
    ],
    "hit_xyz": [
        0,
        0,
        3066,
        42806,
        469200,
        2329913,
        5880010,
        20155237,
        31141737,
        71553051,
        105255382,
        175282715,
        288459852,
        470233589,
        554599116,
        726804418,
        937463263,
        1372149206,
        1760273579,
        null,
        null,
        null,
        null,
        null,
        null,
        null
    ],
    "git_commit": "unknown",
    "n_raw": [
        1,
        17,
        7123,
        84540,
        626466,
        2636250,
        6488135,
        21685262,
        32881554,
        74857668,
        109433449,
        181450940,
        297153426,
        480970282,
        566723186,
        741925429,
        955480660,
        1394172552,
        1785530407,
        null,
        null,
        null,
        null,
        null,
        null,
        null
    ],