{
    "created_at": "2026-06-30T13:00:30.643",
    "n_complete": 25,
    "drop_coeff_only": [
        0,
        0,
        944,
        22002,
        33944,
        75480,
        113742,
        112940,
        143616,
        200498,
        218448,
        221682,
        297170,
        343966,
        361112,
        353258,
        359860,
        394556,
        426136,
        441644,
        456436,
        473366,
        508770,
        507510,
        497536,
        508872
    ],
    "system": {
        "dt": 0.04,
        "P0_coeff": 1,
        "h": 3.04438,
        "P0_term_hex": "3000000",
        "name": "rect5x5_dt0p04_l25",
        "topology_repr": "[(1, 6), (1, 2), (2, 7), (2, 3), (3, 8), (3, 4), (4, 9), (4, 5), (5, 10), (6, 11), (6, 7), (7, 12), (7, 8), (8, 13), (8, 9), (9, 14), (9, 10), (10, 15), (11, 16), (11, 12), (12, 17), (12, 13), (13, 18), (13, 14), (14, 19), (14, 15), (15, 20), (16, 21), (16, 17), (17, 22), (17, 18), (18, 23), (18, 19), (19, 24), (19, 20), (20, 25), (21, 22), (22, 23), (23, 24), (24, 25)]",
        "P0_nqubits": 25,
        "n_layers": 25,
        "g": 0,
        "n_qubits": 25,
        "J": 1
    },
    "julia_version": "1.12.6",
    "n_dropped": [
        0,
        0,
        17553,
        579690,
        1087943,
        2870906,
        6955080,
        8035089,
        10158545,
        21005662,
        29891328,
        35790025,
        48971986,
        61604638,
        75389842,
        88310941,
        109394934,
        126994556,
        143971625,
        170729864,
        197164458,
        229056043,
        253044475,
        275917865,
        307190469,
        340154200
    ],
    "overlap_kept": [
        1,
        0.9704879152038246,
        0.8865172215885785,
        0.7600116407532058,
        0.6060468990808301,
        0.43862446369619373,
        0.2683546444032873,
        0.10235163149358291,
        -0.05456065273118963,
        -0.19848303879350918,
        -0.325594658251887,
        -0.4322262691906247,
        -0.515512048252791,
        -0.5737779910063253,
        -0.6062712326479093,
        -0.6122764649757414,
        -0.5904592655419302,
        -0.5390285252816286,
        -0.4570281808285445,
        -0.3459394667868673,
        -0.21063600976990898,
        -0.05884388359571865,
        0.09999505970754537,
        0.2563867486696455,
        0.4024726400891057,
        0.5329359191088228
    ],
    "hit_any_weight": [
        0,
        0,
        16609,
        557688,
        1053999,
        2795426,
        6841338,
        7922149,
        10014929,
        20805164,
        29672880,
        35568343,
        48674816,
        61260672,
        75028730,
        87957683,
        109035074,
        126600000,
        143545489,
        170288220,
        196708022,
        228582677,
        252535705,
        275410355,
        306692933,
        339645328
    ],
    "drop_weight_only": [
        0,
        0,
        108,
        1770,
        9906,
        25430,
        60978,
        116011,
        197406,
        315960,
        467494,
        681558,
        931802,
        1262793,
        1650823,
        2106715,
        2675467,
        3219649,
        3816569,
        4537294,
        5296033,
        6109164,
        6932406,
        7744841,
        8642441,
        9622783
    ],
    "hit_coeff": [
        0,
        0,
        17445,
        577920,
        1078037,
        2845476,
        6894102,
        7919078,
        9961139,
        20689702,
        29423834,
        35108467,
        48040184,
        60341845,
        73739019,
        86204226,
        106719467,
        123774907,
        140155056,
        166192570,
        191868425,
        222946879,
        246112069,
        268173024,
        298548028,
        330531417
    ],
    "drop_coeff_and_weight": [
        0,
        0,
        16501,
        555918,
        1044093,
        2769996,
        6780360,
        7806138,
        9817523,
        20489204,
        29205386,
        34886785,
        47743014,
        59997879,
        73377907,
        85850968,
        106359607,
        123380351,
        139728920,
        165750926,
        191411989,
        222473513,
        245603299,
        267665514,
        298050492,
        330022545
    ],
    "hit_z": [
        0,
        0,
        0,
        0,
        0,
        0,
        0,
        0,
        0,
        0,
        0,
        0,
        0,
        0,
        0,
        0,
        0,
        0,
        0,
        0,
        0,
        0,
        0,
        0,
        0,
        0
    ],
    "manifest_toml_sha256": "0bc8dd956e2d53dfc75dae382811cbae5159e33b4ab25664d941105fcfb60c81",
    "git_dirty": true,
    "experiment": "rect5x5_dt0p04_l25",
    "overlap_raw": [
        1,
        0.9704879152038246,
        0.8865172215885785,
        0.7600116407532058,
        0.6060480859959319,
        0.43862617631506073,
        0.26835970888637684,
        0.10236218088131172,
        -0.05455495523158876,
        -0.19847148007006019,
        -0.3255747239288153,
        -0.43220778477835486,
        -0.5154997076870664,
        -0.5737805057328514,
        -0.6062824407766508,
        -0.6122943240922576,
        -0.5904642814325788,
        -0.5390201997485592,
        -0.4570245895668747,
        -0.3459720015622642,
        -0.2106473807107787,
        -0.0588436951649009,
        0.09998869387163645,
        0.2563876216675349,
        0.40248224106982783,
        0.5329420972399409
    ],
    "overlap_dropped": [
        0,
        0,
        0,
        0,
        1.186915101772053e-6,
        1.712618866992617e-6,
        5.064483089488407e-6,
        1.0549387728801173e-5,
        5.697499600871823e-6,
        1.1558723448984614e-5,
        1.993432307168086e-5,
        1.848441226979693e-5,
        1.2340565724490483e-5,
        -2.514726526090477e-6,
        -1.1208128741604591e-5,
        -1.7859116516190474e-5,
        -5.015890648618099e-6,
        8.325533069354674e-6,
        3.591261669841813e-6,
        -3.253477539690583e-5,
        -1.1370940869716287e-5,
        1.884308177482955e-7,
        -6.365835908913363e-6,
        8.729978894012213e-7,
        9.600980722130248e-6,
        6.178131118158545e-6
    ],
    "rule": {
        "label": "xyz6_d1em07",
        "weight_period": 1,
        "family": "xyz+coeff",
        "tau_z": 0,
        "c_gate": 1.0e-16,
        "tau_xyz": 6,
        "tau_xy": 0,
        "rule_hash": "f034a1a6eb",
        "coeff_min": 1.0e-7
    },
    "n_kept": [
        1,
        17,
        810,
        3160,
        7142,
        14064,
        25822,
        38048,
        54186,
        76308,
        101904,
        133520,
        161836,
        201662,
        249108,
        304110,
        353432,
        406140,
        457092,
        515972,
        575810,
        633742,
        698842,
        764346,
        842476,
        908360
    ],
    "hit_xyz": [
        0,
        0,
        16609,
        557688,
        1053999,
        2795426,
        6841338,
        7922149,
        10014929,
        20805164,
        29672880,
        35568343,
        48674816,
        61260672,
        75028730,
        87957683,
        109035074,
        126600000,
        143545489,
        170288220,
        196708022,
        228582677,
        252535705,
        275410355,
        306692933,
        339645328
    ],
    "git_commit": "unknown",
    "n_raw": [
        1,
        17,
        18363,
        582850,
        1095085,
        2884970,
        6980902,
        8073137,
        10212731,
        21081970,
        29993232,
        35923545,
        49133822,
        61806300,
        75638950,
        88615051,
        109748366,
        127400696,
        144428717,
        171245836,
        197740268,
        229689785,
        253743317,
        276682211,
        308032945,
        341062560
    ],