{
    "created_at": "2026-06-11T03:59:55.434",
    "n_complete": 25,
    "drop_coeff_only": [
        0,
        0,
        6204,
        340146,
        1515908,
        4905916,
        12544106,
        31925185,
        68001356,
        123712141,
        212796081,
        333016792,
        465829014,
        604539597,
        718147709,
        813708163,
        883801367,
        911155795,
        900764954,
        863451980,
        808157744,
        741968488,
        667649538,
        586214452,
        499794216,
        413934258
    ],
    "system": {
        "dt": 0.04,
        "P0_coeff": 1,
        "h": 3.04438,
        "P0_term_hex": "c00",
        "name": "rect4x4_dt0p04_l25",
        "topology_repr": "[(1, 5), (1, 2), (2, 6), (2, 3), (3, 7), (3, 4), (4, 8), (5, 9), (5, 6), (6, 10), (6, 7), (7, 11), (7, 8), (8, 12), (9, 13), (9, 10), (10, 14), (10, 11), (11, 15), (11, 12), (12, 16), (13, 14), (14, 15), (15, 16)]",
        "P0_nqubits": 16,
        "n_layers": 25,
        "g": 0,
        "n_qubits": 16,
        "J": 1
    },
    "julia_version": "1.12.6",
    "n_dropped": [
        0,
        0,
        6204,
        340146,
        1515908,
        4905916,
        12544106,
        31925185,
        68001356,
        123712141,
        212796081,
        333016792,
        465829014,
        604539597,
        718147709,
        813708163,
        883801367,
        911155795,
        900764954,
        863451980,
        808157744,
        741968488,
        667649538,
        586214452,
        499794216,
        413934258
    ],
    "overlap_kept": [
        1,
        0.9704879152038246,
        0.8865172215885787,
        0.7600057909015381,
        0.6059759615652669,
        0.43824621909224615,
        0.26708281861182326,
        0.0992495371889643,
        -0.06055326401684555,
        -0.20803532493925306,
        -0.33857000534792553,
        -0.4475339824252397,
        -0.5308620964104193,
        -0.5856623615681613,
        -0.6103202087234649,
        -0.6043818542326733,
        -0.5684865708595492,
        -0.5044781425566401,
        -0.41569662955486,
        -0.3072119015749536,
        -0.18554809549527104,
        -0.0580843670983301,
        0.06746767024665037,
        0.18377661191593803,
        0.2843916131388121,
        0.36401814127481913
    ],
    "hit_any_weight": [
        0,
        0,
        0,
        0,
        0,
        0,
        0,
        0,
        0,
        0,
        0,
        0,
        0,
        0,
        0,
        0,
        0,
        0,
        0,
        0,
        0,
        0,
        0,
        0,
        0,
        0
    ],
    "drop_weight_only": [
        0,
        0,
        0,
        0,
        0,
        0,
        0,
        0,
        0,
        0,
        0,
        0,
        0,
        0,
        0,
        0,
        0,
        0,
        0,
        0,
        0,
        0,
        0,
        0,
        0,
        0
    ],
    "hit_coeff": [
        0,
        0,
        6204,
        340146,
        1515908,
        4905916,
        12544106,
        31925185,
        68001356,
        123712141,
        212796081,
        333016792,
        465829014,
        604539597,
        718147709,
        813708163,
        883801367,
        911155795,
        900764954,
        863451980,
        808157744,
        741968488,
        667649538,
        586214452,
        499794216,
        413934258
    ],
    "drop_coeff_and_weight": [
        0,
        0,
        0,
        0,
        0,
        0,
        0,
        0,
        0,
        0,
        0,
        0,
        0,
        0,
        0,
        0,
        0,
        0,
        0,
        0,
        0,
        0,
        0,
        0,
        0,
        0
    ],
    "hit_z": [
        0,
        0,
        0,
        0,
        0,
        0,
        0,
        0,
        0,
        0,
        0,
        0,
        0,
        0,
        0,
        0,
        0,
        0,
        0,
        0,
        0,
        0,
        0,
        0,
        0,
        0
    ],
    "manifest_toml_sha256": "0bc8dd956e2d53dfc75dae382811cbae5159e33b4ab25664d941105fcfb60c81",
    "git_dirty": true,
    "experiment": "rect4x4_dt0p04_l25",
    "overlap_raw": [
        1,
        0.9704879152038246,
        0.8865172215885787,
        0.7600057457163321,
        0.6059767108827676,
        0.43824732692418655,
        0.26709052003566347,
        0.09924928030660642,
        -0.06055040828494425,
        -0.20802038625831443,
        -0.3385612042318644,
        -0.4475210128571034,
        -0.5308460184048148,
        -0.5856449359791581,
        -0.6103111406980716,
        -0.6043736128213962,
        -0.5684771668022283,
        -0.5044707090116581,
        -0.4157008884839904,
        -0.3072307184410343,
        -0.18556159773735614,
        -0.058091507106161885,
        0.06745562608831364,
        0.18377493887449442,
        0.28438644053131956,
        0.3640098787073077
    ],
    "overlap_dropped": [
        0,
        0,
        0,
        -4.518520599323655e-8,
        7.493175006639465e-7,
        1.1078319403954234e-6,
        7.701423840190818e-6,
        -2.568823578830757e-7,
        2.8557319013012604e-6,
        1.4938680938624826e-5,
        8.801116061109953e-6,
        1.2969568136285591e-5,
        1.6078005604449963e-5,
        1.7425589003249504e-5,
        9.06802539340012e-6,
        8.2414112771077e-6,
        9.404057320951659e-6,
        7.433544981963349e-6,
        -4.258929130415654e-6,
        -1.8816866080666088e-5,
        -1.3502242085091789e-5,
        -7.140007831784344e-6,
        -1.2044158336737319e-5,
        -1.6730414436121012e-6,
        -5.172607492542576e-6,
        -8.262567511406587e-6
    ],
    "rule": {
        "label": "coeff_d1em07",
        "weight_period": 1,
        "family": "coeff",
        "tau_z": 0,
        "c_gate": 1.0e-16,
        "tau_xyz": 0,
        "tau_xy": 0,
        "rule_hash": "dc458fd5fc",
        "coeff_min": 1.0e-7
    },
    "n_kept": [
        1,
        17,
        732,
        3411,
        12100,
        37106,
        102628,
        259274,
        595388,
        1280074,
        2597093,
        5080129,
        9592759,
        17037460,
        28293385,
        44260014,
        66497628,
        97762108,
        140813644,
        195197464,
        258545550,
        328698229,
        404717268,
        486881813,
        573650862,
        659659059
    ],
    "hit_xyz": [
        0,
        0,
        0,
        0,
        0,
        0,
        0,
        0,
        0,
        0,
        0,
        0,
        0,
        0,
        0,
        0,
        0,
        0,
        0,
        0,
        0,
        0,
        0,
        0,
        0,
        0
    ],
    "git_commit": "unknown",
    "n_raw": [
        1,
        17,
        6936,
        343557,
        1528008,
        4943022,
        12646734,
        32184459,
        68596744,
        124992215,
        215393174,
        338096921,
        475421773,
        621577057,
        746441094,
        857968177,
        950298995,
        1008917903,
        1041578598,
        1058649444,
        1066703294,
        1070666717,
        1072366806,
        1073096265,
        1073445078,
        1073593317
    ],