{
    "created_at": "2026-06-11T00:51:49.422",
    "n_complete": 25,
    "drop_coeff_only": [
        0,
        0,
        486,
        2286,
        1988,
        2754,
        5248,
        5952,
        5920,
        7324,
        7276,
        8766,
        10540,
        13530,
        14130,
        13612,
        12802,
        11416,
        14402,
        17776,
        22858,
        21904,
        21510,
        21748,
        19924,
        18972
    ],
    "system": {
        "dt": 0.04,
        "P0_coeff": 1,
        "h": 3.04438,
        "P0_term_hex": "3000000",
        "name": "rect5x5_dt0p04_l25",
        "topology_repr": "[(1, 6), (1, 2), (2, 7), (2, 3), (3, 8), (3, 4), (4, 9), (4, 5), (5, 10), (6, 11), (6, 7), (7, 12), (7, 8), (8, 13), (8, 9), (9, 14), (9, 10), (10, 15), (11, 16), (11, 12), (12, 17), (12, 13), (13, 18), (13, 14), (14, 19), (14, 15), (15, 20), (16, 21), (16, 17), (17, 22), (17, 18), (18, 23), (18, 19), (19, 24), (19, 20), (20, 25), (21, 22), (22, 23), (23, 24), (24, 25)]",
        "P0_nqubits": 25,
        "n_layers": 25,
        "g": 0,
        "n_qubits": 25,
        "J": 1
    },
    "julia_version": "1.12.6",
    "n_dropped": [
        0,
        1,
        6977,
        72857,
        72587,
        89367,
        319213,
        334255,
        467773,
        652713,
        654453,
        862357,
        1189573,
        1517693,
        2373013,
        2395501,
        2446791,
        2447459,
        2732211,
        3536176,
        4306547,
        4619231,
        5272691,
        5852259,
        5928429,
        6546701
    ],
    "overlap_kept": [
        1,
        0.9704879152038246,
        0.8865193255644533,
        0.7600258625852173,
        0.6059941852800304,
        0.4380514178061673,
        0.2665687511570471,
        0.09772329938193246,
        -0.06390602306816348,
        -0.21416457868936953,
        -0.34829141197458363,
        -0.4613078357807464,
        -0.5484975374678578,
        -0.6052313089550309,
        -0.6262290018795134,
        -0.6058679644065159,
        -0.540345072817708,
        -0.4300881590582563,
        -0.2817666992077677,
        -0.10784449438991611,
        0.07620478768589706,
        0.25446289639934727,
        0.4138347703830296,
        0.5445318898583055,
        0.639319434402141,
        0.6923378754060616
    ],
    "hit_any_weight": [
        0,
        1,
        6491,
        70571,
        70599,
        86613,
        313965,
        328303,
        461853,
        645389,
        647177,
        853591,
        1179033,
        1504163,
        2358883,
        2381889,
        2433989,
        2436043,
        2717809,
        3518400,
        4283689,
        4597327,
        5251181,
        5830511,
        5908505,
        6527729
    ],
    "drop_weight_only": [
        0,
        0,
        5,
        171,
        623,
        1891,
        2979,
        3663,
        8709,
        11309,
        16807,
        22095,
        27693,
        34721,
        44945,
        52515,
        61717,
        69159,
        79179,
        86383,
        97147,
        104519,
        108317,
        108845,
        108765,
        123641
    ],
    "hit_coeff": [
        0,
        1,
        6972,
        72686,
        71964,
        87476,
        316234,
        330592,
        459064,
        641404,
        637646,
        840262,
        1161880,
        1482972,
        2328068,
        2342986,
        2385074,
        2378300,
        2653032,
        3449793,
        4209400,
        4514712,
        5164374,
        5743414,
        5819664,
        6423060
    ],
    "drop_coeff_and_weight": [
        0,
        1,
        6486,
        70400,
        69976,
        84722,
        310986,
        324640,
        453144,
        634080,
        630370,
        831496,
        1151340,
        1469442,
        2313938,
        2329374,
        2372272,
        2366884,
        2638630,
        3432017,
        4186542,
        4492808,
        5142864,
        5721666,
        5799740,
        6404088
    ],
    "hit_z": [
        0,
        0,
        0,
        0,
        0,
        0,
        0,
        0,
        0,
        0,
        0,
        0,
        0,
        0,
        0,
        0,
        0,
        0,
        0,
        0,
        0,
        0,
        0,
        0,
        0,
        0
    ],
    "manifest_toml_sha256": "0bc8dd956e2d53dfc75dae382811cbae5159e33b4ab25664d941105fcfb60c81",
    "git_dirty": true,
    "experiment": "rect5x5_dt0p04_l25",
    "overlap_raw": [
        1,
        0.9704879152038246,
        0.8865193255644533,
        0.7600258625852173,
        0.6059941852800304,
        0.43822014178457364,
        0.2666045521900981,
        0.0978239523734887,
        -0.06390602306816348,
        -0.21416457868936953,
        -0.3483053692241047,
        -0.4613832999376651,
        -0.5486433726160576,
        -0.6052898023993154,
        -0.6261294473577221,
        -0.6057476654256128,
        -0.54023504589185,
        -0.43009908410687225,
        -0.281849486410916,
        -0.10795097283420711,
        0.07585277288231089,
        0.2542167023127181,
        0.4138214623099591,
        0.5446158654150476,
        0.6393410402584336,
        0.6924094721587514
    ],
    "overlap_dropped": [
        0,
        0,
        0,
        0,
        0,
        0.00016872397840636088,
        3.58010330510314e-5,
        0.00010065299155625048,
        0,
        0,
        -1.3957249521063712e-5,
        -7.546415691867792e-5,
        -0.0001458351481998236,
        -5.849344428452196e-5,
        9.955452179116753e-5,
        0.00012029898090319635,
        0.00011002692585804741,
        -1.0925048615919512e-5,
        -8.278720314831876e-5,
        -0.00010647844429100464,
        -0.00035201480358616635,
        -0.00024619408662916574,
        -1.3308073070550069e-5,
        8.397555674206896e-5,
        2.1605856292645745e-5,
        7.159675268974758e-5
    ],
    "rule": {
        "label": "xyz5_d1em05",
        "weight_period": 1,
        "family": "xyz+coeff",
        "tau_z": 0,
        "c_gate": 1.0e-16,
        "tau_xyz": 5,
        "tau_xy": 0,
        "rule_hash": "451bd5b8c3",
        "coeff_min": 1.0e-5
    },
    "n_kept": [
        1,
        16,
        146,
        354,
        652,
        1024,
        1434,
        2234,
        3346,
        4002,
        4722,
        5726,
        7026,
        8558,
        10144,
        11490,
        12868,
        14694,
        15820,
        17834,
        19524,
        21958,
        24720,
        27458,
        30314,
        33026
    ],
    "hit_xyz": [
        0,
        1,
        6491,
        70571,
        70599,
        86613,
        313965,
        328303,
        461853,
        645389,
        647177,
        853591,
        1179033,
        1504163,
        2358883,
        2381889,
        2433989,
        2436043,
        2717809,
        3518400,
        4283689,
        4597327,
        5251181,
        5830511,
        5908505,
        6527729
    ],
    "git_commit": "unknown",
    "n_raw": [
        1,
        17,
        7123,
        73211,
        73239,
        90391,
        320647,
        336489,
        471119,
        656715,
        659175,
        868083,
        1196599,
        1526251,
        2383157,
        2406991,
        2459659,
        2462153,
        2748031,
        3554010,
        4326071,
        4641189,
        5297411,
        5879717,
        5958743,
        6579727
    ],