{
    "created_at": "2026-06-30T16:53:12.346",
    "n_complete": 16,
    "drop_coeff_only": [
        0,
        0,
        0,
        0,
        0,
        0,
        0,
        0,
        0,
        0,
        0,
        0,
        0,
        0,
        0,
        0,
        0,
        null,
        null,
        null,
        null,
        null,
        null,
        null,
        null,
        null
    ],
    "system": {
        "dt": 0.04,
        "P0_coeff": 1,
        "h": 3.04438,
        "P0_term_hex": "3000000",
        "name": "rect5x5_dt0p04_l25",
        "topology_repr": "[(1, 6), (1, 2), (2, 7), (2, 3), (3, 8), (3, 4), (4, 9), (4, 5), (5, 10), (6, 11), (6, 7), (7, 12), (7, 8), (8, 13), (8, 9), (9, 14), (9, 10), (10, 15), (11, 16), (11, 12), (12, 17), (12, 13), (13, 18), (13, 14), (14, 19), (14, 15), (15, 20), (16, 21), (16, 17), (17, 22), (17, 18), (18, 23), (18, 19), (19, 24), (19, 20), (20, 25), (21, 22), (22, 23), (23, 24), (24, 25)]",
        "P0_nqubits": 25,
        "n_layers": 25,
        "g": 0,
        "n_qubits": 25,
        "J": 1
    },
    "julia_version": "1.12.6",
    "n_dropped": [
        0,
        0,
        14409,
        3165897,
        23741404,
        66634693,
        141921740,
        257535187,
        416275449,
        625215213,
        887680826,
        1207382944,
        1578949553,
        2005711944,
        2476602352,
        2971684494,
        3500806027,
        null,
        null,
        null,
        null,
        null,
        null,
        null,
        null,
        null
    ],
    "overlap_kept": [
        1,
        0.9704879152038246,
        0.8865172215885785,
        0.7600116340407551,
        0.6060459327723351,
        0.4386229023101146,
        0.2683425551875887,
        0.10231537188900391,
        -0.054582895575106864,
        -0.19832994326971295,
        -0.3250402203038036,
        -0.4310350313364619,
        -0.5133359586915691,
        -0.5701373982267558,
        -0.6010164634426047,
        -0.6068047110768614,
        -0.5890913386884374,
        null,
        null,
        null,
        null,
        null,
        null,
        null,
        null,
        null
    ],
    "hit_any_weight": [
        0,
        0,
        14409,
        3165897,
        23741404,
        66634693,
        141921740,
        257535187,
        416275449,
        625215213,
        887680826,
        1207382944,
        1578949553,
        2005711944,
        2476602352,
        2971684494,
        3500806027,
        null,
        null,
        null,
        null,
        null,
        null,
        null,
        null,
        null
    ],
    "drop_weight_only": [
        0,
        0,
        14409,
        3165897,
        23741404,
        66634693,
        141921740,
        257535187,
        416275449,
        625215213,
        887680826,
        1207382944,
        1578949553,
        2005711944,
        2476602352,
        2971684494,
        3500806027,
        null,
        null,
        null,
        null,
        null,
        null,
        null,
        null,
        null
    ],
    "hit_coeff": [
        0,
        0,
        0,
        0,
        0,
        0,
        0,
        0,
        0,
        0,
        0,
        0,
        0,
        0,
        0,
        0,
        0,
        null,
        null,
        null,
        null,
        null,
        null,
        null,
        null,
        null
    ],
    "drop_coeff_and_weight": [
        0,
        0,
        0,
        0,
        0,
        0,
        0,
        0,
        0,
        0,
        0,
        0,
        0,
        0,
        0,
        0,
        0,
        null,
        null,
        null,
        null,
        null,
        null,
        null,
        null,
        null
    ],
    "hit_z": [
        0,
        0,
        0,
        0,
        0,
        0,
        0,
        0,
        0,
        0,
        0,
        0,
        0,
        0,
        0,
        0,
        0,
        null,
        null,
        null,
        null,
        null,
        null,
        null,
        null,
        null
    ],
    "manifest_toml_sha256": "0bc8dd956e2d53dfc75dae382811cbae5159e33b4ab25664d941105fcfb60c81",
    "git_dirty": true,
    "experiment": "rect5x5_dt0p04_l25",
    "overlap_raw": [
        1,
        0.9704879152038246,
        0.8865172215885785,
        0.7600116340407551,
        0.6060459327723351,
        0.4386229023101146,
        0.2683425551875887,
        0.10231537188900391,
        -0.054582895575106864,
        -0.19832994326971295,
        -0.3250402203038036,
        -0.4310350313364619,
        -0.5133359586915691,
        -0.5701373982267558,
        -0.6010164634426047,
        -0.6068047110768614,
        -0.5890913386884374,
        null,
        null,
        null,
        null,
        null,
        null,
        null,
        null,
        null
    ],
    "overlap_dropped": [
        0,
        0,
        0,
        0,
        0,
        0,
        0,
        0,
        0,
        0,
        0,
        0,
        0,
        0,
        0,
        0,
        0,
        null,
        null,
        null,
        null,
        null,
        null,
        null,
        null,
        null
    ],
    "rule": {
        "label": "xyz7_d0",
        "weight_period": 1,
        "family": "xyz",
        "tau_z": 0,
        "c_gate": 1.0e-16,
        "tau_xyz": 7,
        "tau_xy": 0,
        "rule_hash": "586bdfbefb",
        "coeff_min": 0
    },
    "n_kept": [
        1,
        17,
        3954,
        220302,
        1350927,
        3055693,
        4761864,
        6779712,
        8849593,
        10998548,
        13132632,
        15214688,
        17211315,
        19057967,
        20771764,
        22349069,
        23707338,
        null,
        null,
        null,
        null,
        null,
        null,
        null,
        null,
        null
    ],
    "hit_xyz": [
        0,
        0,
        14409,
        3165897,
        23741404,
        66634693,
        141921740,
        257535187,
        416275449,
        625215213,
        887680826,
        1207382944,
        1578949553,
        2005711944,
        2476602352,
        2971684494,
        3500806027,
        null,
        null,
        null,
        null,
        null,
        null,
        null,
        null,
        null
    ],
    "git_commit": "unknown",
    "n_raw": [
        1,
        17,
        18363,
        3386199,
        25092331,
        69690386,
        146683604,
        264314899,
        425125042,
        636213761,
        900813458,
        1222597632,
        1596160868,
        2024769911,
        2497374116,
        2994033563,
        3524513365,
        null,
        null,
        null,
        null,
        null,
        null,
        null,
        null,
        null
    ],
    "weight_second_moment_raw": [
        1,
        1.0014855488533987,
        1.0125751141247017,
        1.0459133068498365,
        1.11308142662023,
        1.2194554175337182,
        1.3616796565488984,
        1.5286928234216939,
        1.7056699890751035,
        1.87907115039316,
        2.0407113708011018,
        2.189420512501742,
        2.3300025029192057,
        2.47023423650734,
        2.6172007489797835,
        2.7743221648452505,
        2.940081194684502,
        null,
        null,
        null,
        null,
        null,
        null,
        null,
        null,
        null
    ],
    "hit_multiple_weight": [
        0,
        0,
        0,
        0,
        0,
        0,
        0,
        0,
        0,
        0,
        0,
        0,
        0,
        0,
        0,
        0,
        0,
        null,
        null,
        null,
        null,
        null,
        null,
        null,
        null,
        null
    ],