{
    "created_at": "2026-06-30T12:57:46.142",
    "n_complete": 25,
    "drop_coeff_only": [
        0,
        0,
        0,
        446,
        280,
        224,
        140,
        760,
        864,
        720,
        508,
        528,
        472,
        284,
        668,
        1096,
        932,
        744,
        636,
        544,
        496,
        400,
        476,
        376,
        492,
        976
    ],
    "system": {
        "dt": 0.04,
        "P0_coeff": 1,
        "h": 3.04438,
        "P0_term_hex": "3000000",
        "name": "rect5x5_dt0p04_l25",
        "topology_repr": "[(1, 6), (1, 2), (2, 7), (2, 3), (3, 8), (3, 4), (4, 9), (4, 5), (5, 10), (6, 11), (6, 7), (7, 12), (7, 8), (8, 13), (8, 9), (9, 14), (9, 10), (10, 15), (11, 16), (11, 12), (12, 17), (12, 13), (13, 18), (13, 14), (14, 19), (14, 15), (15, 20), (16, 21), (16, 17), (17, 22), (17, 18), (18, 23), (18, 19), (19, 24), (19, 20), (20, 25), (21, 22), (22, 23), (23, 24), (24, 25)]",
        "P0_nqubits": 25,
        "n_layers": 25,
        "g": 0,
        "n_qubits": 25,
        "J": 1
    },
    "julia_version": "1.12.6",
    "n_dropped": [
        0,
        5,
        2827,
        29469,
        29329,
        29273,
        29189,
        67889,
        98153,
        98209,
        98033,
        98421,
        98381,
        99705,
        145921,
        157877,
        157713,
        157525,
        157505,
        158085,
        158085,
        165101,
        172153,
        172069,
        188489,
        225965
    ],
    "overlap_kept": [
        1,
        0.9704879152038246,
        0.8865193255644533,
        0.7600511836299886,
        0.6062043140420241,
        0.4387398293096659,
        0.2673675519572549,
        0.09783798240863678,
        -0.06581062389268272,
        -0.21861026066249725,
        -0.35343280875105193,
        -0.4619611074375395,
        -0.5373110741568975,
        -0.5766970859213689,
        -0.5825186318489143,
        -0.561178119481456,
        -0.5202301391035451,
        -0.4654526778266791,
        -0.3994399817980665,
        -0.322460911637878,
        -0.234977980088808,
        -0.140369492963198,
        -0.046181121614094954,
        0.03690915008695096,
        0.09800191049558006,
        0.12936335469893342
    ],
    "hit_any_weight": [
        0,
        5,
        2827,
        29023,
        29049,
        29049,
        29049,
        67129,
        97289,
        97489,
        97525,
        97893,
        97909,
        99421,
        145253,
        156781,
        156781,
        156781,
        156869,
        157541,
        157589,
        164701,
        171677,
        171693,
        187997,
        224989
    ],
    "drop_weight_only": [
        0,
        5,
        611,
        1683,
        3037,
        4191,
        7335,
        8191,
        11705,
        13213,
        15049,
        19353,
        22185,
        25829,
        27365,
        28645,
        27773,
        31417,
        32529,
        36761,
        39445,
        38117,
        46957,
        51221,
        51857,
        58859
    ],
    "hit_coeff": [
        0,
        0,
        2216,
        27786,
        26292,
        25082,
        21854,
        59698,
        86448,
        84996,
        82984,
        79068,
        76196,
        73876,
        118556,
        129232,
        129940,
        126108,
        124976,
        121324,
        118640,
        126984,
        125196,
        120848,
        136632,
        167106
    ],
    "drop_coeff_and_weight": [
        0,
        0,
        2216,
        27340,
        26012,
        24858,
        21714,
        58938,
        85584,
        84276,
        82476,
        78540,
        75724,
        73592,
        117888,
        128136,
        129008,
        125364,
        124340,
        120780,
        118144,
        126584,
        124720,
        120472,
        136140,
        166130
    ],
    "hit_z": [
        0,
        0,
        0,
        0,
        0,
        0,
        0,
        0,
        0,
        0,
        0,
        0,
        0,
        0,
        0,
        0,
        0,
        0,
        0,
        0,
        0,
        0,
        0,
        0,
        0,
        0
    ],
    "manifest_toml_sha256": "0bc8dd956e2d53dfc75dae382811cbae5159e33b4ab25664d941105fcfb60c81",
    "git_dirty": true,
    "experiment": "rect5x5_dt0p04_l25",
    "overlap_raw": [
        1,
        0.9704879152038246,
        0.8865193255644533,
        0.7600511836299886,
        0.6062043140420241,
        0.4387398293096659,
        0.2673675519572549,
        0.09783877247040701,
        -0.06580982312302103,
        -0.2186116201354587,
        -0.35343280875105193,
        -0.46196123610784645,
        -0.5373112890001829,
        -0.5766969721437719,
        -0.5825199415068913,
        -0.5611774260083642,
        -0.520227981097172,
        -0.4654515184768726,
        -0.3994427185296973,
        -0.32246049892225415,
        -0.2349769949510248,
        -0.1403688259600296,
        -0.046181100466168856,
        0.036908548581920574,
        0.09800171959639649,
        0.12936494936251353
    ],
    "overlap_dropped": [
        0,
        0,
        0,
        0,
        0,
        0,
        0,
        7.90061770227103e-7,
        8.007696616866723e-7,
        -1.359472961444735e-6,
        0,
        -1.286703069844654e-7,
        -2.1484328533207727e-7,
        1.1377759703814992e-7,
        -1.3096579771081526e-6,
        6.934730918490045e-7,
        2.1580063730144835e-6,
        1.1593498064699702e-6,
        -2.7367316307900803e-6,
        4.1271562381575685e-7,
        9.851377831741106e-7,
        6.670031684081553e-7,
        2.114792609864295e-8,
        -6.01505030388199e-7,
        -1.9089918357223097e-7,
        1.5946635801105348e-6
    ],
    "rule": {
        "label": "xyz4_d1em07",
        "weight_period": 1,
        "family": "xyz+coeff",
        "tau_z": 0,
        "c_gate": 1.0e-16,
        "tau_xyz": 4,
        "tau_xy": 0,
        "rule_hash": "e9bd89e494",
        "coeff_min": 1.0e-7
    },
    "n_kept": [
        1,
        12,
        204,
        288,
        454,
        510,
        594,
        722,
        814,
        958,
        1170,
        1234,
        1290,
        1502,
        1662,
        1826,
        1990,
        2178,
        2346,
        2478,
        2526,
        2654,
        2722,
        2822,
        3018,
        3150
    ],
    "hit_xyz": [
        0,
        5,
        2827,
        29023,
        29049,
        29049,
        29049,
        67129,
        97289,
        97489,
        97525,
        97893,
        97909,
        99421,
        145253,
        156781,
        156781,
        156781,
        156869,
        157541,
        157589,
        164701,
        171677,
        171693,
        187997,
        224989
    ],
    "git_commit": "unknown",
    "n_raw": [
        1,
        17,
        3031,
        29757,
        29783,
        29783,
        29783,
        68611,
        98967,
        99167,
        99203,
        99655,
        99671,
        101207,
        147583,
        159703,
        159703,
        159703,
        159851,
        160563,
        160611,
        167755,
        174875,
        174891,
        191507,
        229115
    ],