{
    "created_at": "2026-06-11T14:08:27.052",
    "n_complete": 25,
    "drop_coeff_only": [
        0,
        0,
        0,
        0,
        0,
        0,
        0,
        0,
        0,
        0,
        0,
        0,
        0,
        0,
        0,
        0,
        0,
        0,
        0,
        0,
        0,
        0,
        0,
        0,
        0,
        0
    ],
    "system": {
        "dt": 0.04,
        "P0_coeff": 1,
        "h": 3.04438,
        "P0_term_hex": "c00",
        "name": "rect4x4_dt0p04_l25",
        "topology_repr": "[(1, 5), (1, 2), (2, 6), (2, 3), (3, 7), (3, 4), (4, 8), (5, 9), (5, 6), (6, 10), (6, 7), (7, 11), (7, 8), (8, 12), (9, 13), (9, 10), (10, 14), (10, 11), (11, 15), (11, 12), (12, 16), (13, 14), (14, 15), (15, 16)]",
        "P0_nqubits": 16,
        "n_layers": 25,
        "g": 0,
        "n_qubits": 16,
        "J": 1
    },
    "julia_version": "1.12.6",
    "n_dropped": [
        0,
        0,
        4260,
        554928,
        3472011,
        8038433,
        14011205,
        20842825,
        28204164,
        35806148,
        43414554,
        50725086,
        57445549,
        63611692,
        69033251,
        73671489,
        77699109,
        81095368,
        83920805,
        86410134,
        88506668,
        90210251,
        91670986,
        92851810,
        93837818,
        94639681
    ],
    "overlap_kept": [
        1,
        0.9704879152038246,
        0.8865172215885787,
        0.760005786276811,
        0.605976355169129,
        0.4382551559505505,
        0.26711042230175724,
        0.09927989477110373,
        -0.06053934165746959,
        -0.20809921157338676,
        -0.33883369506941563,
        -0.4480584704610086,
        -0.5316801126781705,
        -0.5868449930270484,
        -0.6122373384194867,
        -0.6080366793253326,
        -0.5756364093469357,
        -0.5172313317077842,
        -0.43547588539876086,
        -0.3334773097437914,
        -0.21519762911188478,
        -0.08598652164679588,
        0.04719236846408008,
        0.17609157990293536,
        0.2919996372468584,
        0.38680528784433527
    ],
    "hit_any_weight": [
        0,
        0,
        4260,
        554928,
        3472011,
        8038433,
        14011205,
        20842825,
        28204164,
        35806148,
        43414554,
        50725086,
        57445549,
        63611692,
        69033251,
        73671489,
        77699109,
        81095368,
        83920805,
        86410134,
        88506668,
        90210251,
        91670986,
        92851810,
        93837818,
        94639681
    ],
    "drop_weight_only": [
        0,
        0,
        4260,
        554928,
        3472011,
        8038433,
        14011205,
        20842825,
        28204164,
        35806148,
        43414554,
        50725086,
        57445549,
        63611692,
        69033251,
        73671489,
        77699109,
        81095368,
        83920805,
        86410134,
        88506668,
        90210251,
        91670986,
        92851810,
        93837818,
        94639681
    ],
    "hit_coeff": [
        0,
        0,
        0,
        0,
        0,
        0,
        0,
        0,
        0,
        0,
        0,
        0,
        0,
        0,
        0,
        0,
        0,
        0,
        0,
        0,
        0,
        0,
        0,
        0,
        0,
        0
    ],
    "drop_coeff_and_weight": [
        0,
        0,
        0,
        0,
        0,
        0,
        0,
        0,
        0,
        0,
        0,
        0,
        0,
        0,
        0,
        0,
        0,
        0,
        0,
        0,
        0,
        0,
        0,
        0,
        0,
        0
    ],
    "hit_z": [
        0,
        0,
        0,
        0,
        0,
        0,
        0,
        0,
        0,
        0,
        0,
        0,
        0,
        0,
        0,
        0,
        0,
        0,
        0,
        0,
        0,
        0,
        0,
        0,
        0,
        0
    ],
    "manifest_toml_sha256": "0bc8dd956e2d53dfc75dae382811cbae5159e33b4ab25664d941105fcfb60c81",
    "git_dirty": true,
    "experiment": "rect4x4_dt0p04_l25",
    "overlap_raw": [
        1,
        0.9704879152038246,
        0.8865172215885787,
        0.760005786276811,
        0.605976355169129,
        0.4382551559505505,
        0.26711042230175724,
        0.09927989477110373,
        -0.06053934165746959,
        -0.20809921157338676,
        -0.33883369506941563,
        -0.4480584704610086,
        -0.5316801126781705,
        -0.5868449930270484,
        -0.6122373384194867,
        -0.6080366793253326,
        -0.5756364093469357,
        -0.5172313317077842,
        -0.43547588539876086,
        -0.3334773097437914,
        -0.21519762911188478,
        -0.08598652164679588,
        0.04719236846408008,
        0.17609157990293536,
        0.2919996372468584,
        0.38680528784433527
    ],
    "overlap_dropped": [
        0,
        0,
        0,
        0,
        0,
        0,
        0,
        0,
        0,
        0,
        0,
        0,
        0,
        0,
        0,
        0,
        0,
        0,
        0,
        0,
        0,
        0,
        0,
        0,
        0,
        0
    ],
    "rule": {
        "label": "xyz7_d0",
        "weight_period": 1,
        "family": "xyz",
        "tau_z": 0,
        "c_gate": 1.0e-16,
        "tau_xyz": 7,
        "tau_xy": 0,
        "rule_hash": "586bdfbefb",
        "coeff_min": 0
    },
    "n_kept": [
        1,
        17,
        2676,
        89550,
        407606,
        746628,
        991809,
        1201602,
        1358204,
        1476494,
        1561228,
        1621370,
        1661815,
        1689402,
        1708918,
        1721577,
        1730015,
        1734629,
        1737292,
        1739192,
        1740610,
        1741446,
        1741975,
        1742280,
        1742561,
        1742847
    ],
    "hit_xyz": [
        0,
        0,
        4260,
        554928,
        3472011,
        8038433,
        14011205,
        20842825,
        28204164,
        35806148,
        43414554,
        50725086,
        57445549,
        63611692,
        69033251,
        73671489,
        77699109,
        81095368,
        83920805,
        86410134,
        88506668,
        90210251,
        91670986,
        92851810,
        93837818,
        94639681
    ],
    "git_commit": "unknown",
    "n_raw": [
        1,
        17,
        6936,
        644478,
        3879617,
        8785061,
        15003014,
        22044427,
        29562368,
        37282642,
        44975782,
        52346456,
        59107364,
        65301094,
        70742169,
        75393066,
        79429124,
        82829997,
        85658097,
        88149326,
        90247278,
        91951697,
        93412961,
        94594090,
        95580379,
        96382528
    ],
    "weight_second_moment_raw": [
        1,
        1.001485548853399,
        1.0125748382677757,
        1.045906150132691,
        1.1130213341973882,
        1.2191627568001069,
        1.3606641097809782,
        1.5259153210115586,
        1.6993279388511986,
        1.8665405789366598,
        2.0187752025549575,
        2.1548259910863696,
        2.2802475093487415,
        2.4043645677372343,
        2.5363814858296867,
        2.6820224924394167,
        2.8418236134938155,
        3.011506537708581,
        3.184000805723671,
        3.352003914101135,
        3.5098523438595106,
        3.654021257371549,
        3.7824401675239665,
        3.8934259518559338,
        3.985030813045419,
        4.055124264166124
    ],