{
    "created_at": "2026-06-11T01:00:59.778",
    "n_complete": 25,
    "drop_coeff_only": [
        0,
        1,
        1596,
        15226,
        48678,
        75567,
        110162,
        289183,
        506421,
        577250,
        753442,
        966455,
        1486914,
        1753288,
        1971205,
        2471065,
        3021436,
        3471879,
        3874791,
        4457338,
        4764338,
        5170754,
        5688165,
        6080321,
        6425953,
        6651758
    ],
    "system": {
        "dt": 0.04,
        "P0_coeff": 1,
        "h": 3.04438,
        "P0_term_hex": "c00",
        "name": "rect4x4_dt0p04_l25",
        "topology_repr": "[(1, 5), (1, 2), (2, 6), (2, 3), (3, 7), (3, 4), (4, 8), (5, 9), (5, 6), (6, 10), (6, 7), (7, 11), (7, 8), (8, 12), (9, 13), (9, 10), (10, 14), (10, 11), (11, 15), (11, 12), (12, 16), (13, 14), (14, 15), (15, 16)]",
        "P0_nqubits": 16,
        "n_layers": 25,
        "g": 0,
        "n_qubits": 16,
        "J": 1
    },
    "julia_version": "1.12.6",
    "n_dropped": [
        0,
        1,
        3132,
        28698,
        146311,
        448954,
        875721,
        2889814,
        6421983,
        9460732,
        15918207,
        22356593,
        35280654,
        53568104,
        71908816,
        92949993,
        121108115,
        148263649,
        177626456,
        216447687,
        249433990,
        285964413,
        333173291,
        376666667,
        411233290,
        449280243
    ],
    "overlap_kept": [
        1,
        0.9704879152038246,
        0.8865193255644536,
        0.7599969684040517,
        0.6058380517237509,
        0.438013613683341,
        0.26698767811638935,
        0.09880276712191143,
        -0.062290802241719075,
        -0.21223938889085428,
        -0.34822877893693105,
        -0.46780897967917034,
        -0.5691272139812703,
        -0.6497794955084649,
        -0.7088111460894568,
        -0.7479405557086505,
        -0.7717370277837392,
        -0.7781008894737252,
        -0.7611631780432578,
        -0.7259926847617126,
        -0.6810439126399359,
        -0.6224325968384822,
        -0.5434450708728484,
        -0.4496128772759112,
        -0.3483800988377183,
        -0.24357335863677315
    ],
    "hit_any_weight": [
        0,
        0,
        1536,
        13472,
        97633,
        373387,
        765559,
        2600631,
        5915562,
        8883482,
        15164765,
        21390138,
        33793740,
        51814816,
        69937611,
        90478928,
        118086679,
        144791770,
        173751665,
        211990349,
        244669652,
        280793659,
        327485126,
        370586346,
        404807337,
        442628485
    ],
    "drop_weight_only": [
        0,
        0,
        0,
        4,
        81,
        628,
        1637,
        3921,
        7822,
        14839,
        27318,
        45623,
        70834,
        101801,
        142887,
        195376,
        260097,
        339465,
        432374,
        538908,
        660218,
        792275,
        939337,
        1098882,
        1263089,
        1432089
    ],
    "hit_coeff": [
        0,
        1,
        3132,
        28694,
        146230,
        448326,
        874084,
        2885893,
        6414161,
        9445893,
        15890889,
        22310970,
        35209820,
        53466303,
        71765929,
        92754617,
        120848018,
        147924184,
        177194082,
        215908779,
        248773772,
        285172138,
        332233954,
        375567785,
        409970201,
        447848154
    ],
    "drop_coeff_and_weight": [
        0,
        0,
        1536,
        13468,
        97552,
        372759,
        763922,
        2596710,
        5907740,
        8868643,
        15137447,
        21344515,
        33722906,
        51713015,
        69794724,
        90283552,
        117826582,
        144452305,
        173319291,
        211451441,
        244009434,
        280001384,
        326545789,
        369487464,
        403544248,
        441196396
    ],
    "hit_z": [
        0,
        0,
        0,
        0,
        0,
        0,
        0,
        0,
        0,
        0,
        0,
        0,
        0,
        0,
        0,
        0,
        0,
        0,
        0,
        0,
        0,
        0,
        0,
        0,
        0,
        0
    ],
    "manifest_toml_sha256": "0bc8dd956e2d53dfc75dae382811cbae5159e33b4ab25664d941105fcfb60c81",
    "git_dirty": true,
    "experiment": "rect4x4_dt0p04_l25",
    "overlap_raw": [
        1,
        0.9704879152038246,
        0.8865193255644536,
        0.7599969684040517,
        0.6058843758648814,
        0.43814199556043626,
        0.2669962087512379,
        0.09886601264147557,
        -0.06209972677725707,
        -0.2120122090083001,
        -0.3477275583747231,
        -0.46757222662869957,
        -0.5687136584780083,
        -0.6491358254374991,
        -0.7081055822200844,
        -0.7481855918325433,
        -0.7717746052541685,
        -0.777507367137018,
        -0.7607581738803084,
        -0.7264336342786675,
        -0.6815135103968963,
        -0.6226154261407587,
        -0.5433351669943758,
        -0.4487863632027463,
        -0.3481179317718776,
        -0.24276173791651756
    ],
    "overlap_dropped": [
        0,
        0,
        0,
        0,
        4.632414113044228e-5,
        0.00012838187709526106,
        8.530634848596249e-6,
        6.324551956414127e-5,
        0.00019107546446200585,
        0.00022717988255419825,
        0.0005012205622079723,
        0.00023675305047078372,
        0.0004135555032620439,
        0.0006436700709657257,
        0.0007055638693724898,
        -0.0002450361238928289,
        -3.757747042932773e-5,
        0.000593522336707254,
        0.00040500416294941344,
        -0.0004409495169548255,
        -0.0004695977569604219,
        -0.00018282930227658353,
        0.0001099038784726489,
        0.000826514073164945,
        0.00026216706584069845,
        0.0008116207202555789
    ],
    "rule": {
        "label": "xy4_d1em05",
        "weight_period": 1,
        "family": "xy+coeff",
        "tau_z": 0,
        "c_gate": 1.0e-16,
        "tau_xyz": 0,
        "tau_xy": 4,
        "rule_hash": "2261246b37",
        "coeff_min": 1.0e-5
    },
    "n_kept": [
        1,
        16,
        139,
        446,
        1088,
        2221,
        4156,
        7690,
        13374,
        21313,
        33015,
        48292,
        69174,
        94493,
        127083,
        166995,
        216299,
        270958,
        334688,
        404210,
        477910,
        557587,
        643931,
        732930,
        823912,
        916933
    ],
    "hit_xyz": [
        0,
        0,
        0,
        0,
        0,
        0,
        0,
        0,
        0,
        0,
        0,
        0,
        0,
        0,
        0,
        0,
        0,
        0,
        0,
        0,
        0,
        0,
        0,
        0,
        0,
        0
    ],
    "git_commit": "unknown",
    "n_raw": [
        1,
        17,
        3271,
        29144,
        147399,
        451175,
        879877,
        2897504,
        6435357,
        9482045,
        15951222,
        22404885,
        35349828,
        53662597,
        72035899,
        93116988,
        121324414,
        148534607,
        177961144,
        216851897,
        249911900,
        286522000,
        333817222,
        377399597,
        412057202,
        450197176
    ],