{
    "created_at": "2026-06-11T04:17:00.549",
    "n_complete": 25,
    "drop_coeff_only": [
        0,
        0,
        0,
        301,
        169,
        125,
        69,
        365,
        409,
        337,
        226,
        215,
        179,
        115,
        235,
        404,
        332,
        275,
        233,
        183,
        177,
        138,
        171,
        129,
        219,
        311
    ],
    "system": {
        "dt": 0.04,
        "P0_coeff": 1,
        "h": 3.04438,
        "P0_term_hex": "c00",
        "name": "rect4x4_dt0p04_l25",
        "topology_repr": "[(1, 5), (1, 2), (2, 6), (2, 3), (3, 7), (3, 4), (4, 8), (5, 9), (5, 6), (6, 10), (6, 7), (7, 11), (7, 8), (8, 12), (9, 13), (9, 10), (10, 14), (10, 11), (11, 15), (11, 12), (12, 16), (13, 14), (14, 15), (15, 16)]",
        "P0_nqubits": 16,
        "n_layers": 25,
        "g": 0,
        "n_qubits": 16,
        "J": 1
    },
    "julia_version": "1.12.6",
    "n_dropped": [
        0,
        5,
        1551,
        10843,
        10711,
        10667,
        10611,
        19797,
        26773,
        26299,
        26598,
        26679,
        26643,
        27343,
        35317,
        38734,
        38662,
        38605,
        38585,
        38703,
        38697,
        39354,
        40737,
        40697,
        45205,
        50435
    ],
    "overlap_kept": [
        1,
        0.9704879152038246,
        0.8865193255644536,
        0.7600493999657157,
        0.6061863635510785,
        0.4386528244994411,
        0.26708565091858577,
        0.0971480942503118,
        -0.0671663454050734,
        -0.22081357748813893,
        -0.35641025323841236,
        -0.46522920001239326,
        -0.539933947829328,
        -0.5774225136365816,
        -0.5800844476572854,
        -0.5546867232007944,
        -0.5094536502320285,
        -0.45093531893190714,
        -0.38235918961101617,
        -0.3043100816161668,
        -0.21723522147938495,
        -0.12427866198164558,
        -0.03271588007932318,
        0.04694724457291598,
        0.10388101776104591,
        0.1304428314166737
    ],
    "hit_any_weight": [
        0,
        5,
        1551,
        10542,
        10542,
        10542,
        10542,
        19432,
        26364,
        25962,
        26372,
        26464,
        26464,
        27228,
        35082,
        38330,
        38330,
        38330,
        38352,
        38520,
        38520,
        39216,
        40566,
        40568,
        44986,
        50124
    ],
    "drop_weight_only": [
        0,
        5,
        461,
        1133,
        1879,
        2586,
        4186,
        4598,
        6084,
        6602,
        7378,
        9072,
        10180,
        11238,
        11886,
        12288,
        11990,
        13418,
        13915,
        15049,
        15883,
        15011,
        17914,
        18891,
        19300,
        21676
    ],
    "hit_coeff": [
        0,
        0,
        1090,
        9710,
        8832,
        8081,
        6425,
        15199,
        20689,
        19697,
        19220,
        17607,
        16463,
        16105,
        23431,
        26446,
        26672,
        25187,
        24670,
        23654,
        22814,
        24343,
        22823,
        21806,
        25905,
        28759
    ],
    "drop_coeff_and_weight": [
        0,
        0,
        1090,
        9409,
        8663,
        7956,
        6356,
        14834,
        20280,
        19360,
        18994,
        17392,
        16284,
        15990,
        23196,
        26042,
        26340,
        24912,
        24437,
        23471,
        22637,
        24205,
        22652,
        21677,
        25686,
        28448
    ],
    "hit_z": [
        0,
        0,
        0,
        0,
        0,
        0,
        0,
        0,
        0,
        0,
        0,
        0,
        0,
        0,
        0,
        0,
        0,
        0,
        0,
        0,
        0,
        0,
        0,
        0,
        0,
        0
    ],
    "manifest_toml_sha256": "0bc8dd956e2d53dfc75dae382811cbae5159e33b4ab25664d941105fcfb60c81",
    "git_dirty": true,
    "experiment": "rect4x4_dt0p04_l25",
    "overlap_raw": [
        1,
        0.9704879152038246,
        0.8865193255644536,
        0.7600493999657157,
        0.6061863635510785,
        0.4386528244994411,
        0.26708565091858577,
        0.09714856120913176,
        -0.06716595611094456,
        -0.22081433003031187,
        -0.35641025323841236,
        -0.4652292321805114,
        -0.539934001542559,
        -0.5774224851997689,
        -0.5800847959770901,
        -0.5546863634873435,
        -0.5094526592507852,
        -0.45093477620353645,
        -0.3823604133190199,
        -0.30430997843624036,
        -0.21723497518781515,
        -0.12427849521794504,
        -0.03271594288697065,
        0.046946932176367154,
        0.1038809307843604,
        0.13044355741215552
    ],
    "overlap_dropped": [
        0,
        0,
        0,
        0,
        0,
        0,
        0,
        4.669588199526066e-7,
        3.892941288318637e-7,
        -7.525421729366896e-7,
        0,
        -3.21681181215062e-8,
        -5.371323102261297e-8,
        2.843681262819119e-8,
        -3.483198046364822e-7,
        3.59713450869048e-7,
        9.90981243236427e-7,
        5.427283707128116e-7,
        -1.223708003725233e-6,
        1.0317992643689361e-7,
        2.462915698179925e-7,
        1.667637005485374e-7,
        -6.280764746596789e-8,
        -3.123965488261945e-7,
        -8.697668550541599e-8,
        7.259954818219134e-7
    ],
    "rule": {
        "label": "xyz4_d1em07",
        "weight_period": 1,
        "family": "xyz+coeff",
        "tau_z": 0,
        "c_gate": 1.0e-16,
        "tau_xyz": 4,
        "tau_xy": 0,
        "rule_hash": "e9bd89e494",
        "coeff_min": 1.0e-7
    },
    "n_kept": [
        1,
        12,
        184,
        258,
        390,
        434,
        490,
        554,
        608,
        672,
        791,
        823,
        859,
        943,
        1011,
        1078,
        1150,
        1207,
        1264,
        1324,
        1330,
        1377,
        1396,
        1438,
        1500,
        1552
    ],
    "hit_xyz": [
        0,
        5,
        1551,
        10542,
        10542,
        10542,
        10542,
        19432,
        26364,
        25962,
        26372,
        26464,
        26464,
        27228,
        35082,
        38330,
        38330,
        38330,
        38352,
        38520,
        38520,
        39216,
        40566,
        40568,
        44986,
        50124
    ],
    "git_commit": "unknown",
    "n_raw": [
        1,
        17,
        1735,
        11101,
        11101,
        11101,
        11101,
        20351,
        27381,
        26971,
        27389,
        27502,
        27502,
        28286,
        36328,
        39812,
        39812,
        39812,
        39849,
        40027,
        40027,
        40731,
        42133,
        42135,
        46705,
        51987
    ],
    "weight_second_moment_raw": [
        1,
        1.001485548853399,
        1.0125742587540665,
        1.0458781888051405,
        1.1127263408324628,
        1.217566819116299,
        1.3548358097768913,
        1.5095780031438932,
        1.6615692968242437,
        1.7913261892700705,
        1.8857712893942327,
        1.9416197604886214,
        1.9654908781119782,
        1.9709006608085298,
        1.9732904503646738,
        1.9848346141006248,
        2.0107750266573072,
        2.0484268886690726,
        2.088997424854155,
        2.1213383879826324,
        2.136094318460743,
        2.1286435862235513,
        2.0997945735315358,
        2.054211057035997,
        1.9975836914526146,
        1.9341058180740565
    ],