{
    "created_at": "2026-06-11T12:01:30.624",
    "n_complete": 25,
    "drop_coeff_only": [
        0,
        0,
        5112,
        772084,
        3412223,
        9388652,
        18267940,
        30969150,
        46643785,
        61163633,
        72488472,
        78127482,
        77337199,
        71593339,
        62268581,
        51168531,
        39929663,
        29649471,
        20959896,
        14116575,
        9105297,
        5665527,
        3431813,
        2053872,
        1238468,
        761634
    ],
    "system": {
        "dt": 0.04,
        "P0_coeff": 1,
        "h": 3.04438,
        "P0_term_hex": "c00",
        "name": "rect4x4_dt0p04_l25",
        "topology_repr": "[(1, 5), (1, 2), (2, 6), (2, 3), (3, 7), (3, 4), (4, 8), (5, 9), (5, 6), (6, 10), (6, 7), (7, 11), (7, 8), (8, 12), (9, 13), (9, 10), (10, 14), (10, 11), (11, 15), (11, 12), (12, 16), (13, 14), (14, 15), (15, 16)]",
        "P0_nqubits": 16,
        "n_layers": 25,
        "g": 0,
        "n_qubits": 16,
        "J": 1
    },
    "julia_version": "1.12.6",
    "n_dropped": [
        0,
        0,
        5112,
        1103735,
        6706734,
        23646684,
        60244000,
        127922881,
        234624278,
        372803896,
        527410902,
        673867811,
        791573119,
        876909828,
        929727317,
        956605825,
        967034622,
        968924115,
        967279961,
        964647066,
        962200127,
        960424965,
        959316140,
        958710834,
        958431382,
        958357506
    ],
    "overlap_kept": [
        1,
        0.9704879152038246,
        0.8865172215885787,
        0.7600057406033195,
        0.6059754486632324,
        0.43824986651064013,
        0.2670938014207309,
        0.09925326650491456,
        -0.060541627909147945,
        -0.20798402903658184,
        -0.3384326506643524,
        -0.4471068968946357,
        -0.5297485104978019,
        -0.5831698825999333,
        -0.6054228369681476,
        -0.595736666380354,
        -0.5545088737544457,
        -0.483466518948363,
        -0.3859055463416838,
        -0.2667905033134224,
        -0.1326031356888645,
        0.009035152028337982,
        0.149895831278471,
        0.2817468525824145,
        0.3969791902108817,
        0.4892039915238741
    ],
    "hit_any_weight": [
        0,
        0,
        0,
        331651,
        3294511,
        14258032,
        41976060,
        96953731,
        187980493,
        311640263,
        454922430,
        595740329,
        714235920,
        805316489,
        867458736,
        905437294,
        927104959,
        939274644,
        946320065,
        950530491,
        953094830,
        954759438,
        955884327,
        956656962,
        957192914,
        957595872
    ],
    "drop_weight_only": [
        0,
        0,
        0,
        224,
        7020,
        60860,
        270387,
        889635,
        2397876,
        5576808,
        11325317,
        20817447,
        35222001,
        55437863,
        81955341,
        115197416,
        154097358,
        196972032,
        242500328,
        289419587,
        336143915,
        381291091,
        423784285,
        462887516,
        498176983,
        529596711
    ],
    "hit_coeff": [
        0,
        0,
        5112,
        1103511,
        6699714,
        23585824,
        59973613,
        127033246,
        232226402,
        367227088,
        516085585,
        653050364,
        756351118,
        821471965,
        847771976,
        841408409,
        812937264,
        771952083,
        724779633,
        675227479,
        626056212,
        579133874,
        535531855,
        495823318,
        460254399,
        428760795
    ],
    "drop_coeff_and_weight": [
        0,
        0,
        0,
        331427,
        3287491,
        14197172,
        41705673,
        96064096,
        185582617,
        306063455,
        443597113,
        574922882,
        679013919,
        749878626,
        785503395,
        790239878,
        773007601,
        742302612,
        703819737,
        661110904,
        616950915,
        573468347,
        532100042,
        493769446,
        459015931,
        427999161
    ],
    "hit_z": [
        0,
        0,
        0,
        0,
        0,
        0,
        0,
        0,
        0,
        0,
        0,
        0,
        0,
        0,
        0,
        0,
        0,
        0,
        0,
        0,
        0,
        0,
        0,
        0,
        0,
        0
    ],
    "manifest_toml_sha256": "0bc8dd956e2d53dfc75dae382811cbae5159e33b4ab25664d941105fcfb60c81",
    "git_dirty": true,
    "experiment": "rect4x4_dt0p04_l25",
    "overlap_raw": [
        1,
        0.9704879152038246,
        0.8865172215885787,
        0.7600057376533653,
        0.6059754953290443,
        0.4382498578443955,
        0.26709386936687357,
        0.09925327885920439,
        -0.06054163772508158,
        -0.20798390271003123,
        -0.3384323742164311,
        -0.44710657074329874,
        -0.5297482169087893,
        -0.5831697427972432,
        -0.6054227193756099,
        -0.5957366038139444,
        -0.5545088772614487,
        -0.4834665770463959,
        -0.38590557103360906,
        -0.2667904691561227,
        -0.1326031407692169,
        0.00903517281262874,
        0.14989584502589898,
        0.2817468811339485,
        0.3969791689369877,
        0.489203996714684
    ],
    "overlap_dropped": [
        0,
        0,
        0,
        -2.9499541594381016e-9,
        4.66658119100115e-8,
        -8.666244593935302e-9,
        6.794614265000783e-8,
        1.2354289822717206e-8,
        -9.815933633443794e-9,
        1.2632655061528584e-7,
        2.7644792132170104e-7,
        3.2615133693824915e-7,
        2.9358901267562174e-7,
        1.398026901322176e-7,
        1.1759253774355457e-7,
        6.256640963693689e-8,
        -3.5070030108501472e-9,
        -5.809803285843189e-8,
        -2.4691925309956288e-8,
        3.415729969087731e-8,
        -5.080352380539581e-9,
        2.0784290757287827e-8,
        1.3747427969734715e-8,
        2.8551533998917823e-8,
        -2.1273893975331557e-8,
        5.190809880538472e-9
    ],
    "rule": {
        "label": "xy6_d1em09",
        "weight_period": 1,
        "family": "xy+coeff",
        "tau_z": 0,
        "c_gate": 1.0e-16,
        "tau_xyz": 0,
        "tau_xy": 6,
        "rule_hash": "4b87f76897",
        "coeff_min": 1.0e-9
    },
    "n_kept": [
        1,
        17,
        1824,
        22212,
        91073,
        287790,
        763160,
        1757022,
        3590495,
        6693946,
        11378161,
        18005088,
        26756905,
        37305797,
        49057641,
        61162648,
        72733513,
        83111469,
        91831002,
        98683120,
        103697393,
        107137841,
        109371910,
        110749926,
        111565362,
        112042199
    ],
    "hit_xyz": [
        0,
        0,
        0,
        0,
        0,
        0,
        0,
        0,
        0,
        0,
        0,
        0,
        0,
        0,
        0,
        0,
        0,
        0,
        0,
        0,
        0,
        0,
        0,
        0,
        0,
        0
    ],
    "git_commit": "unknown",
    "n_raw": [
        1,
        17,
        6936,
        1125947,
        6797807,
        23934474,
        61007160,
        129679903,
        238214773,
        379497842,
        538789063,
        691872899,
        818330024,
        914215625,
        978784958,
        1017768473,
        1039768135,
        1052035584,
        1059110963,
        1063330186,
        1065897520,
        1067562806,
        1068688050,
        1069460760,
        1069996744,
        1070399705
    ],