{
    "created_at": "2026-06-11T08:38:54.651",
    "n_complete": 25,
    "drop_coeff_only": [
        0,
        0,
        5568,
        599008,
        3361727,
        8738545,
        20818851,
        38698461,
        64180442,
        96457669,
        131810206,
        160380333,
        179539655,
        187731556,
        185739067,
        174891155,
        157273251,
        135663672,
        112550085,
        89846449,
        69132871,
        51338062,
        36869356,
        25717485,
        17513002,
        11754978
    ],
    "system": {
        "dt": 0.04,
        "P0_coeff": 1,
        "h": 3.04438,
        "P0_term_hex": "c00",
        "name": "rect4x4_dt0p04_l25",
        "topology_repr": "[(1, 5), (1, 2), (2, 6), (2, 3), (3, 7), (3, 4), (4, 8), (5, 9), (5, 6), (6, 10), (6, 7), (7, 11), (7, 8), (8, 12), (9, 13), (9, 10), (10, 14), (10, 11), (11, 15), (11, 12), (12, 16), (13, 14), (14, 15), (15, 16)]",
        "P0_nqubits": 16,
        "n_layers": 25,
        "g": 0,
        "n_qubits": 16,
        "J": 1
    },
    "julia_version": "1.12.6",
    "n_dropped": [
        0,
        0,
        5568,
        615467,
        3786658,
        11770564,
        32787251,
        72723829,
        143211064,
        254406620,
        397051337,
        547790344,
        692278807,
        805894101,
        887519758,
        932004630,
        946040746,
        942267066,
        928896868,
        911661351,
        893933994,
        877840500,
        864358113,
        853806241,
        845971904,
        840449049
    ],
    "overlap_kept": [
        1,
        0.9704879152038246,
        0.8865172215885787,
        0.760005792525193,
        0.6059753559285549,
        0.4382491692023643,
        0.26709384115190976,
        0.09925210737368786,
        -0.06054765056970708,
        -0.2080130855292023,
        -0.33855572452807703,
        -0.4475009885238753,
        -0.5307736464934019,
        -0.5854102152694125,
        -0.6096576685677618,
        -0.6027943025512651,
        -0.5651125428790867,
        -0.4981795220948077,
        -0.40519160200810656,
        -0.2911929227605425,
        -0.1628314691480828,
        -0.027698173361668983,
        0.10643480381652182,
        0.23224444616070686,
        0.34322791241100287,
        0.43391230097332983
    ],
    "hit_any_weight": [
        0,
        0,
        0,
        16459,
        424931,
        3032019,
        11968400,
        34025368,
        79030622,
        157948951,
        265241131,
        387410011,
        512739152,
        618162545,
        701780691,
        757113475,
        788767495,
        806603394,
        816346783,
        821814902,
        824801123,
        826502438,
        827488757,
        828088756,
        828458902,
        828694071
    ],
    "drop_weight_only": [
        0,
        0,
        0,
        0,
        8,
        1032,
        13847,
        81090,
        310128,
        926242,
        2307519,
        4948643,
        9702195,
        17443947,
        28835991,
        44831535,
        66114581,
        92432158,
        123016283,
        157390600,
        195092659,
        235188331,
        276098820,
        315922650,
        353178620,
        387094557
    ],
    "hit_coeff": [
        0,
        0,
        5568,
        615467,
        3786650,
        11769532,
        32773404,
        72642739,
        142900936,
        253480378,
        394743818,
        542841701,
        682576612,
        788450154,
        858683767,
        887173095,
        879926165,
        849834908,
        805880585,
        754270751,
        698841335,
        642652169,
        588259293,
        537883591,
        492793284,
        453354492
    ],
    "drop_coeff_and_weight": [
        0,
        0,
        0,
        16459,
        424923,
        3030987,
        11954553,
        33944278,
        78720494,
        157022709,
        262933612,
        382461368,
        503036957,
        600718598,
        672944700,
        712281940,
        722652914,
        714171236,
        693330500,
        664424302,
        629708464,
        591314107,
        551389937,
        512166106,
        475280282,
        441599514
    ],
    "hit_z": [
        0,
        0,
        0,
        0,
        0,
        0,
        0,
        0,
        0,
        0,
        0,
        0,
        0,
        0,
        0,
        0,
        0,
        0,
        0,
        0,
        0,
        0,
        0,
        0,
        0,
        0
    ],
    "manifest_toml_sha256": "0bc8dd956e2d53dfc75dae382811cbae5159e33b4ab25664d941105fcfb60c81",
    "git_dirty": true,
    "experiment": "rect4x4_dt0p04_l25",
    "overlap_raw": [
        1,
        0.9704879152038246,
        0.8865172215885787,
        0.7600057514434938,
        0.605975439606601,
        0.4382497698008186,
        0.26709381648223196,
        0.0992524256836546,
        -0.060547038477564714,
        -0.2080129781840254,
        -0.3385546191552829,
        -0.44749952310100266,
        -0.5307714941889305,
        -0.5854094113769497,
        -0.6096565504665191,
        -0.6027939768618551,
        -0.5651128484178943,
        -0.49817907056166666,
        -0.405191769075396,
        -0.2911923932190949,
        -0.16283055464494345,
        -0.027697478329661674,
        0.10643623459520966,
        0.2322454939459255,
        0.34322811563021477,
        0.43391249734959725
    ],
    "overlap_dropped": [
        0,
        0,
        0,
        -4.108169920544728e-8,
        8.367804611018489e-8,
        6.005984542797496e-7,
        -2.4669677787064333e-8,
        3.1830996672849845e-7,
        6.120921423646837e-7,
        1.0734517691063574e-7,
        1.1053727941209652e-6,
        1.4654228726607038e-6,
        2.1523044713371813e-6,
        8.038924627954562e-7,
        1.1181012427584894e-6,
        3.2568941001658954e-7,
        -3.055388075548449e-7,
        4.5153314101809827e-7,
        -1.6706728946752816e-7,
        5.295414475691767e-7,
        9.145031393488303e-7,
        6.950320073089149e-7,
        1.4307786878415732e-6,
        1.0477852186535767e-6,
        2.0321921192737893e-7,
        1.9637626741432172e-7
    ],
    "rule": {
        "label": "xy7_d1em08",
        "weight_period": 1,
        "family": "xy+coeff",
        "tau_z": 0,
        "c_gate": 1.0e-16,
        "tau_xyz": 0,
        "tau_xy": 7,
        "rule_hash": "d670521f4b",
        "coeff_min": 1.0e-8
    },
    "n_kept": [
        1,
        17,
        1368,
        9001,
        36555,
        116204,
        331663,
        829606,
        1854839,
        3778564,
        6988907,
        12258212,
        20350819,
        31624182,
        46240111,
        64134972,
        84916342,
        107718419,
        131267470,
        154095963,
        174852565,
        192660721,
        207134554,
        218288633,
        226493469,
        232251778
    ],
    "hit_xyz": [
        0,
        0,
        0,
        0,
        0,
        0,
        0,
        0,
        0,
        0,
        0,
        0,
        0,
        0,
        0,
        0,
        0,
        0,
        0,
        0,
        0,
        0,
        0,
        0,
        0,
        0
    ],
    "git_commit": "unknown",
    "n_raw": [
        1,
        17,
        6936,
        624468,
        3823213,
        11886768,
        33118914,
        73553435,
        145065903,
        258185184,
        404040244,
        560048556,
        712629626,
        837518283,
        933759869,
        996139602,
        1030957088,
        1049985485,
        1060164338,
        1065757314,
        1068786559,
        1070501221,
        1071492667,
        1072094874,
        1072465373,
        1072700827
    ],