{
    "created_at": "2026-06-11T05:40:30.119",
    "n_complete": 12,
    "drop_coeff_only": [
        0,
        1,
        6972,
        81962,
        392996,
        941191,
        1993989,
        6332244,
        8016491,
        17849596,
        38849737,
        55687725,
        98553200,
        null,
        null,
        null,
        null,
        null,
        null,
        null,
        null,
        null,
        null,
        null,
        null,
        null
    ],
    "system": {
        "dt": 0.04,
        "P0_coeff": 1,
        "h": 3.04438,
        "P0_term_hex": "3000000",
        "name": "rect5x5_dt0p04_l25",
        "topology_repr": "[(1, 6), (1, 2), (2, 7), (2, 3), (3, 8), (3, 4), (4, 9), (4, 5), (5, 10), (6, 11), (6, 7), (7, 12), (7, 8), (8, 13), (8, 9), (9, 14), (9, 10), (10, 15), (11, 16), (11, 12), (12, 17), (12, 13), (13, 18), (13, 14), (14, 19), (14, 15), (15, 20), (16, 21), (16, 17), (17, 22), (17, 18), (18, 23), (18, 19), (19, 24), (19, 20), (20, 25), (21, 22), (22, 23), (23, 24), (24, 25)]",
        "P0_nqubits": 25,
        "n_layers": 25,
        "g": 0,
        "n_qubits": 25,
        "J": 1
    },
    "julia_version": "1.12.6",
    "n_dropped": [
        0,
        1,
        6972,
        84010,
        624948,
        2632149,
        6478420,
        29486666,
        63877653,
        187629041,
        505239466,
        888794032,
        1690131607,
        null,
        null,
        null,
        null,
        null,
        null,
        null,
        null,
        null,
        null,
        null,
        null,
        null
    ],
    "overlap_kept": [
        1,
        0.9704879152038246,
        0.8865193255644533,
        0.759998044965583,
        0.6058511296831214,
        0.43830874000350273,
        0.26823522820785467,
        0.10205622493012327,
        -0.05539066030305917,
        -0.19937094080525888,
        -0.32568307740568764,
        -0.43201154738469477,
        -0.513688992095603,
        null,
        null,
        null,
        null,
        null,
        null,
        null,
        null,
        null,
        null,
        null,
        null,
        null
    ],
    "hit_any_weight": [
        0,
        0,
        0,
        2048,
        231952,
        1690958,
        4484431,
        23154422,
        55861162,
        169779445,
        466389729,
        833106307,
        1591578407,
        null,
        null,
        null,
        null,
        null,
        null,
        null,
        null,
        null,
        null,
        null,
        null,
        null
    ],
    "drop_weight_only": [
        0,
        0,
        0,
        0,
        1,
        49,
        677,
        2699,
        8590,
        22763,
        48433,
        100724,
        187546,
        null,
        null,
        null,
        null,
        null,
        null,
        null,
        null,
        null,
        null,
        null,
        null,
        null
    ],
    "hit_coeff": [
        0,
        1,
        6972,
        84010,
        624947,
        2632100,
        6477743,
        29483967,
        63869063,
        187606278,
        505191033,
        888693308,
        1689944061,
        null,
        null,
        null,
        null,
        null,
        null,
        null,
        null,
        null,
        null,
        null,
        null,
        null
    ],
    "drop_coeff_and_weight": [
        0,
        0,
        0,
        2048,
        231951,
        1690909,
        4483754,
        23151723,
        55852572,
        169756682,
        466341296,
        833005583,
        1591390861,
        null,
        null,
        null,
        null,
        null,
        null,
        null,
        null,
        null,
        null,
        null,
        null,
        null
    ],
    "hit_z": [
        0,
        0,
        0,
        0,
        0,
        0,
        0,
        0,
        0,
        0,
        0,
        0,
        0,
        null,
        null,
        null,
        null,
        null,
        null,
        null,
        null,
        null,
        null,
        null,
        null,
        null
    ],
    "manifest_toml_sha256": "0bc8dd956e2d53dfc75dae382811cbae5159e33b4ab25664d941105fcfb60c81",
    "git_dirty": true,
    "experiment": "rect5x5_dt0p04_l25",
    "overlap_raw": [
        1,
        0.9704879152038246,
        0.8865193255644533,
        0.759998044965583,
        0.6059204989526877,
        0.4384706857522848,
        0.2682475978058363,
        0.10213020405648973,
        -0.055149839993783284,
        -0.198728588133331,
        -0.32536371996126934,
        -0.43160678172126,
        -0.5136523305421756,
        null,
        null,
        null,
        null,
        null,
        null,
        null,
        null,
        null,
        null,
        null,
        null,
        null
    ],
    "overlap_dropped": [
        0,
        0,
        0,
        0,
        6.936926956640019e-5,
        0.0001619457487820645,
        1.2369597981621993e-5,
        7.397912636646665e-5,
        0.00024082030927588736,
        0.0006423526719278959,
        0.0003193574444183122,
        0.00040476566343477914,
        3.666155342741483e-5,
        null,
        null,
        null,
        null,
        null,
        null,
        null,
        null,
        null,
        null,
        null,
        null,
        null
    ],
    "rule": {
        "label": "xy5_d1em05",
        "weight_period": 1,
        "family": "xy+coeff",
        "tau_z": 0,
        "c_gate": 1.0e-16,
        "tau_xyz": 0,
        "tau_xy": 5,
        "rule_hash": "f2976667f9",
        "coeff_min": 1.0e-5
    },
    "n_kept": [
        1,
        16,
        151,
        530,
        1518,
        4101,
        9715,
        21299,
        41301,
        78605,
        139131,
        236857,
        386256,
        null,
        null,
        null,
        null,
        null,
        null,
        null,
        null,
        null,
        null,
        null,
        null,
        null
    ],
    "hit_xyz": [
        0,
        0,
        0,
        0,
        0,
        0,
        0,
        0,
        0,
        0,
        0,
        0,
        0,
        null,
        null,
        null,
        null,
        null,
        null,
        null,
        null,
        null,
        null,
        null,
        null,
        null
    ],
    "git_commit": "unknown",
    "n_raw": [
        1,
        17,
        7123,
        84540,
        626466,
        2636250,
        6488135,
        29507965,
        63918954,
        187707646,
        505378597,
        889030889,
        1690517863,
        null,
        null,
        null,
        null,
        null,
        null,
        null,
        null,
        null,
        null,
        null,
        null,
        null
    ],
    "weight_second_moment_raw": [
        1,
        1.0014855488533987,
        1.012575112918562,
        1.045913245663563,
        1.1130813028525914,
        1.2194551619170753,
        1.3616794382703175,
        1.5286962487531048,
        1.7056883499556643,
        1.879104543252492,
        2.040660242478653,
        2.1888992248526047,
        2.3282200085443634,
        null,
        null,
        null,
        null,
        null,
        null,
        null,
        null,
        null,
        null,
        null,
        null,
        null
    ],
    "hit_multiple_weight": [
        0,
        0,
        0,
        0,
        0,
        0,
        0,
        0,
        0,
        0,
        0,
        0,
        0,
        null,
        null,
        null,
        null,
        null,
        null,
        null,
        null,
        null,
        null,
        null,
        null,
        null
    ],