{
    "created_at": "2026-06-11T01:00:22.188",
    "n_complete": 25,
    "drop_coeff_only": [
        0,
        1,
        2290,
        18834,
        63879,
        118339,
        207383,
        447868,
        506761,
        853571,
        1002876,
        1361924,
        1740553,
        1977606,
        2123686,
        2452649,
        2772401,
        3050011,
        3329995,
        3504445,
        3599111,
        3727835,
        3861218,
        3999227,
        4037724,
        4030422
    ],
    "system": {
        "dt": 0.04,
        "P0_coeff": 1,
        "h": 3.04438,
        "P0_term_hex": "c00",
        "name": "rect4x4_dt0p04_l25",
        "topology_repr": "[(1, 5), (1, 2), (2, 6), (2, 3), (3, 7), (3, 4), (4, 8), (5, 9), (5, 6), (6, 10), (6, 7), (7, 11), (7, 8), (8, 12), (9, 13), (9, 10), (10, 14), (10, 11), (11, 15), (11, 12), (12, 16), (13, 14), (14, 15), (15, 16)]",
        "P0_nqubits": 16,
        "n_layers": 25,
        "g": 0,
        "n_qubits": 16,
        "J": 1
    },
    "julia_version": "1.12.6",
    "n_dropped": [
        0,
        1,
        3132,
        28694,
        146230,
        448274,
        873269,
        2348792,
        3197668,
        6117299,
        7954454,
        11995316,
        17499053,
        22889967,
        26246184,
        32594392,
        40875774,
        49750318,
        58699206,
        67160974,
        73681457,
        81866833,
        91687562,
        101299881,
        109678142,
        117148917
    ],
    "overlap_kept": [
        1,
        0.9704879152038246,
        0.8865193255644536,
        0.7599969684040517,
        0.6058380517237509,
        0.438015414703902,
        0.26702790384755587,
        0.09913952909404375,
        -0.060985070515368556,
        -0.20867896888185786,
        -0.3391245577636183,
        -0.4481158355464578,
        -0.5316652451415116,
        -0.5865428871222822,
        -0.6112642103131618,
        -0.6051177059698274,
        -0.5688096634638605,
        -0.504721278114021,
        -0.4172713120672796,
        -0.31280371317609595,
        -0.1940655319281142,
        -0.06821836285747905,
        0.05353310972966279,
        0.1658562587083055,
        0.26874373689445463,
        0.3568914497378833
    ],
    "hit_any_weight": [
        0,
        0,
        842,
        9860,
        82351,
        329935,
        665886,
        1900924,
        2690907,
        5263728,
        6951578,
        10633392,
        15758500,
        20912361,
        24122498,
        30141743,
        38103373,
        46700307,
        55369211,
        63656529,
        70082346,
        78138998,
        87826344,
        97300654,
        105640418,
        113118495
    ],
    "drop_weight_only": [
        0,
        0,
        0,
        0,
        0,
        0,
        54,
        474,
        2832,
        9593,
        16935,
        31497,
        54662,
        94442,
        145237,
        205581,
        281929,
        362421,
        452499,
        563663,
        685943,
        815393,
        947849,
        1077065,
        1219226,
        1392199
    ],
    "hit_coeff": [
        0,
        1,
        3132,
        28694,
        146230,
        448274,
        873215,
        2348318,
        3194836,
        6107706,
        7937519,
        11963819,
        17444391,
        22795525,
        26100947,
        32388811,
        40593845,
        49387897,
        58246707,
        66597311,
        72995514,
        81051440,
        90739713,
        100222816,
        108458916,
        115756718
    ],
    "drop_coeff_and_weight": [
        0,
        0,
        842,
        9860,
        82351,
        329935,
        665832,
        1900450,
        2688075,
        5254135,
        6934643,
        10601895,
        15703838,
        20817919,
        23977261,
        29936162,
        37821444,
        46337886,
        54916712,
        63092866,
        69396403,
        77323605,
        86878495,
        96223589,
        104421192,
        111726296
    ],
    "hit_z": [
        0,
        0,
        0,
        0,
        0,
        0,
        0,
        0,
        0,
        0,
        0,
        0,
        0,
        0,
        0,
        0,
        0,
        0,
        0,
        0,
        0,
        0,
        0,
        0,
        0,
        0
    ],
    "manifest_toml_sha256": "0bc8dd956e2d53dfc75dae382811cbae5159e33b4ab25664d941105fcfb60c81",
    "git_dirty": true,
    "experiment": "rect4x4_dt0p04_l25",
    "overlap_raw": [
        1,
        0.9704879152038246,
        0.8865193255644536,
        0.7599969684040517,
        0.6058843758648814,
        0.4381437951797388,
        0.26703620784691484,
        0.09918302509228664,
        -0.060877517076122545,
        -0.2083955076361798,
        -0.3390059736680119,
        -0.4481510166665072,
        -0.5314984773520945,
        -0.5862931943208612,
        -0.6107227112619191,
        -0.6045201402431856,
        -0.5680127407569686,
        -0.5046793588701032,
        -0.418272445424163,
        -0.31291434992531425,
        -0.19412526829190196,
        -0.0687689888921117,
        0.052331330627390496,
        0.1642741869469973,
        0.26763791325709035,
        0.3570620656665024
    ],
    "overlap_dropped": [
        0,
        0,
        0,
        0,
        4.632414113044228e-5,
        0.0001283804758367748,
        8.303999358948385e-6,
        4.349599824289534e-5,
        0.00010755343924601148,
        0.0002834612456780385,
        0.00011858409560637224,
        -3.5181120049389254e-5,
        0.00016676778941708976,
        0.0002496928014209287,
        0.0005414990512426334,
        0.0005975657266418648,
        0.0007969227068919063,
        4.1919243917805736e-5,
        -0.0010011333568834184,
        -0.00011063674921829244,
        -5.9736363787753555e-5,
        -0.0005506260346326456,
        -0.0012017791022722968,
        -0.001582071761308211,
        -0.0011058236373642683,
        0.00017061592861911725
    ],
    "rule": {
        "label": "xyz8_d1em05",
        "weight_period": 1,
        "family": "xyz+coeff",
        "tau_z": 0,
        "c_gate": 1.0e-16,
        "tau_xyz": 8,
        "tau_xy": 0,
        "rule_hash": "b0a1d3c7d0",
        "coeff_min": 1.0e-5
    },
    "n_kept": [
        1,
        16,
        139,
        450,
        1169,
        2901,
        6597,
        13791,
        24871,
        40859,
        64224,
        97958,
        144422,
        201815,
        270847,
        352548,
        445926,
        555147,
        682711,
        827254,
        983308,
        1140976,
        1297915,
        1458939,
        1632349,
        1820304
    ],
    "hit_xyz": [
        0,
        0,
        842,
        9860,
        82351,
        329935,
        665886,
        1900924,
        2690907,
        5263728,
        6951578,
        10633392,
        15758500,
        20912361,
        24122498,
        30141743,
        38103373,
        46700307,
        55369211,
        63656529,
        70082346,
        78138998,
        87826344,
        97300654,
        105640418,
        113118495
    ],
    "git_commit": "unknown",
    "n_raw": [
        1,
        17,
        3271,
        29144,
        147399,
        451175,
        879866,
        2362583,
        3222539,
        6158158,
        8018678,
        12093274,
        17643475,
        23091782,
        26517031,
        32946940,
        41321700,
        50305465,
        59381917,
        67988228,
        74664765,
        83007809,
        92985477,
        102758820,
        111310491,
        118969221
    ],