{
    "created_at": "2026-06-30T16:52:10.757",
    "n_complete": 25,
    "drop_coeff_only": [
        0,
        0,
        0,
        0,
        0,
        0,
        0,
        0,
        0,
        0,
        0,
        0,
        0,
        0,
        0,
        0,
        0,
        0,
        0,
        0,
        0,
        0,
        0,
        0,
        0,
        0
    ],
    "system": {
        "dt": 0.04,
        "P0_coeff": 1,
        "h": 3.04438,
        "P0_term_hex": "3000000",
        "name": "rect5x5_dt0p04_l25",
        "topology_repr": "[(1, 6), (1, 2), (2, 7), (2, 3), (3, 8), (3, 4), (4, 9), (4, 5), (5, 10), (6, 11), (6, 7), (7, 12), (7, 8), (8, 13), (8, 9), (9, 14), (9, 10), (10, 15), (11, 16), (11, 12), (12, 17), (12, 13), (13, 18), (13, 14), (14, 19), (14, 15), (15, 20), (16, 21), (16, 17), (17, 22), (17, 18), (18, 23), (18, 19), (19, 24), (19, 20), (20, 25), (21, 22), (22, 23), (23, 24), (24, 25)]",
        "P0_nqubits": 25,
        "n_layers": 25,
        "g": 0,
        "n_qubits": 25,
        "J": 1
    },
    "julia_version": "1.12.6",
    "n_dropped": [
        0,
        0,
        16609,
        1131729,
        6327557,
        14689147,
        25849977,
        40560786,
        58338104,
        79231034,
        103227440,
        130303606,
        161062488,
        192962193,
        227093690,
        262893355,
        295470031,
        332496264,
        367097222,
        404453464,
        440687139,
        479761178,
        514936691,
        552619916,
        588292055,
        622351314
    ],
    "overlap_kept": [
        1,
        0.9704879152038246,
        0.8865172215885785,
        0.760011634040755,
        0.6060464624187166,
        0.43862877874323575,
        0.2683673995566982,
        0.10236630610639022,
        -0.05455384633190935,
        -0.19846617967447397,
        -0.3255587337724179,
        -0.4321935939851368,
        -0.5154932564946152,
        -0.5737771434450891,
        -0.6062888009581632,
        -0.6123179796904844,
        -0.5904985448612636,
        -0.5390621933849273,
        -0.4570953770566036,
        -0.3460659314125743,
        -0.21071474241538443,
        -0.05883123836181894,
        0.10001600327527292,
        0.256325864821783,
        0.40235601221118084,
        0.532853821769702
    ],
    "hit_any_weight": [
        0,
        0,
        16609,
        1131729,
        6327557,
        14689147,
        25849977,
        40560786,
        58338104,
        79231034,
        103227440,
        130303606,
        161062488,
        192962193,
        227093690,
        262893355,
        295470031,
        332496264,
        367097222,
        404453464,
        440687139,
        479761178,
        514936691,
        552619916,
        588292055,
        622351314
    ],
    "drop_weight_only": [
        0,
        0,
        16609,
        1131729,
        6327557,
        14689147,
        25849977,
        40560786,
        58338104,
        79231034,
        103227440,
        130303606,
        161062488,
        192962193,
        227093690,
        262893355,
        295470031,
        332496264,
        367097222,
        404453464,
        440687139,
        479761178,
        514936691,
        552619916,
        588292055,
        622351314
    ],
    "hit_coeff": [
        0,
        0,
        0,
        0,
        0,
        0,
        0,
        0,
        0,
        0,
        0,
        0,
        0,
        0,
        0,
        0,
        0,
        0,
        0,
        0,
        0,
        0,
        0,
        0,
        0,
        0
    ],
    "drop_coeff_and_weight": [
        0,
        0,
        0,
        0,
        0,
        0,
        0,
        0,
        0,
        0,
        0,
        0,
        0,
        0,
        0,
        0,
        0,
        0,
        0,
        0,
        0,
        0,
        0,
        0,
        0,
        0
    ],
    "hit_z": [
        0,
        0,
        0,
        0,
        0,
        0,
        0,
        0,
        0,
        0,
        0,
        0,
        0,
        0,
        0,
        0,
        0,
        0,
        0,
        0,
        0,
        0,
        0,
        0,
        0,
        0
    ],
    "manifest_toml_sha256": "0bc8dd956e2d53dfc75dae382811cbae5159e33b4ab25664d941105fcfb60c81",
    "git_dirty": true,
    "experiment": "rect5x5_dt0p04_l25",
    "overlap_raw": [
        1,
        0.9704879152038246,
        0.8865172215885785,
        0.760011634040755,
        0.6060464624187166,
        0.43862877874323575,
        0.2683673995566982,
        0.10236630610639022,
        -0.05455384633190935,
        -0.19846617967447397,
        -0.3255587337724179,
        -0.4321935939851368,
        -0.5154932564946152,
        -0.5737771434450891,
        -0.6062888009581632,
        -0.6123179796904844,
        -0.5904985448612636,
        -0.5390621933849273,
        -0.4570953770566036,
        -0.3460659314125743,
        -0.21071474241538443,
        -0.05883123836181894,
        0.10001600327527292,
        0.256325864821783,
        0.40235601221118084,
        0.532853821769702
    ],
    "overlap_dropped": [
        0,
        0,
        0,
        0,
        0,
        0,
        0,
        0,
        0,
        0,
        0,
        0,
        0,
        0,
        0,
        0,
        0,
        0,
        0,
        0,
        0,
        0,
        0,
        0,
        0,
        0
    ],
    "rule": {
        "label": "xyz6_d0",
        "weight_period": 1,
        "family": "xyz",
        "tau_z": 0,
        "c_gate": 1.0e-16,
        "tau_xyz": 6,
        "tau_xy": 0,
        "rule_hash": "913a48fe7e",
        "coeff_min": 0
    },
    "n_kept": [
        1,
        17,
        1754,
        53971,
        237881,
        437192,
        625271,
        803239,
        982525,
        1149669,
        1310222,
        1471805,
        1624597,
        1753817,
        1879136,
        1975236,
        2065061,
        2154855,
        2232567,
        2296520,
        2356834,
        2407376,
        2452381,
        2492396,
        2532129,
        2567134
    ],
    "hit_xyz": [
        0,
        0,
        16609,
        1131729,
        6327557,
        14689147,
        25849977,
        40560786,
        58338104,
        79231034,
        103227440,
        130303606,
        161062488,
        192962193,
        227093690,
        262893355,
        295470031,
        332496264,
        367097222,
        404453464,
        440687139,
        479761178,
        514936691,
        552619916,
        588292055,
        622351314
    ],
    "git_commit": "unknown",
    "n_raw": [
        1,
        17,
        18363,
        1185700,
        6565438,
        15126339,
        26475248,
        41364025,
        59320629,
        80380703,
        104537662,
        131775411,
        162687085,
        194716010,
        228972826,
        264868591,
        297535092,
        334651119,
        369329789,
        406749984,
        443043973,
        482168554,
        517389072,
        555112312,
        590824184,
        624918448
    ],
    "weight_second_moment_raw": [
        1,
        1.0014855488533987,
        1.0125751141247017,
        1.0459133062370571,
        1.1130813488910092,
        1.2194533436646715,
        1.361655628973173,
        1.5285308456760904,
        1.7049295973455905,
        1.8765519761379343,
        2.033911239411636,
        2.174150527605039,
        2.300390192451322,
        2.419123035252021,
        2.536787524511053,
        2.6569177666837134,
        2.7789696587525174,
        2.8990413439652762,
        3.011707314298198,
        3.1117471815960744,
        3.1949577121710644,
        3.2580903559478886,
        3.298545096909834,
        3.314398725977977,
        3.3048539687652885,
        3.270750198774564
    ],