{
    "created_at": "2026-06-11T00:59:58.658",
    "n_complete": 25,
    "drop_coeff_only": [
        0,
        0,
        378,
        1514,
        1280,
        1671,
        2993,
        3083,
        2949,
        3469,
        3279,
        3969,
        4286,
        5508,
        5624,
        5161,
        4707,
        4058,
        5213,
        6331,
        7045,
        6607,
        6046,
        5918,
        5288,
        4828
    ],
    "system": {
        "dt": 0.04,
        "P0_coeff": 1,
        "h": 3.04438,
        "P0_term_hex": "c00",
        "name": "rect4x4_dt0p04_l25",
        "topology_repr": "[(1, 5), (1, 2), (2, 6), (2, 3), (3, 7), (3, 4), (4, 8), (5, 9), (5, 6), (6, 10), (6, 7), (7, 11), (7, 8), (8, 12), (9, 13), (9, 10), (10, 14), (10, 11), (11, 15), (11, 12), (12, 16), (13, 14), (14, 15), (15, 16)]",
        "P0_nqubits": 16,
        "n_layers": 25,
        "g": 0,
        "n_qubits": 16,
        "J": 1
    },
    "julia_version": "1.12.6",
    "n_dropped": [
        0,
        1,
        3137,
        25171,
        24937,
        30637,
        76875,
        81291,
        109969,
        152993,
        153137,
        184703,
        226304,
        284738,
        384324,
        387629,
        398485,
        398192,
        449655,
        556464,
        620799,
        662387,
        710836,
        757362,
        775788,
        812024
    ],
    "overlap_kept": [
        1,
        0.9704879152038246,
        0.8865193255644536,
        0.7600247807452081,
        0.6059810009604293,
        0.43797568752702437,
        0.2661703387835376,
        0.09663375333495494,
        -0.06615558837389118,
        -0.21783883261507464,
        -0.3532492741997516,
        -0.4668914820729181,
        -0.5535747618282151,
        -0.6084851215948145,
        -0.6266325028676518,
        -0.6031256078830312,
        -0.5348399096737922,
        -0.4227160273462182,
        -0.2736536498003375,
        -0.10028112290711136,
        0.08133174095465648,
        0.2551239551335099,
        0.40805497644628896,
        0.5311374300543927,
        0.6183048222174918,
        0.66499932023019
    ],
    "hit_any_weight": [
        0,
        1,
        2759,
        23657,
        23657,
        28966,
        73882,
        78208,
        107020,
        149524,
        149858,
        180734,
        222018,
        279230,
        378700,
        382468,
        393778,
        394134,
        444442,
        550133,
        613754,
        655780,
        704790,
        751444,
        770500,
        807196
    ],
    "drop_weight_only": [
        0,
        0,
        5,
        137,
        453,
        1247,
        1882,
        2275,
        4973,
        6282,
        8992,
        11412,
        14108,
        17006,
        20959,
        24438,
        27976,
        31418,
        34906,
        37928,
        43276,
        45882,
        47916,
        48781,
        47202,
        52407
    ],
    "hit_coeff": [
        0,
        1,
        3132,
        25034,
        24484,
        29390,
        74993,
        79016,
        104996,
        146711,
        144145,
        173291,
        212196,
        267732,
        363365,
        363191,
        370509,
        366774,
        414749,
        518536,
        577523,
        616505,
        662920,
        708581,
        728586,
        759617
    ],
    "drop_coeff_and_weight": [
        0,
        1,
        2754,
        23520,
        23204,
        27719,
        72000,
        75933,
        102047,
        143242,
        140866,
        169322,
        207910,
        262224,
        357741,
        358030,
        365802,
        362716,
        409536,
        512205,
        570478,
        609898,
        656874,
        702663,
        723298,
        754789
    ],
    "hit_z": [
        0,
        0,
        0,
        0,
        0,
        0,
        0,
        0,
        0,
        0,
        0,
        0,
        0,
        0,
        0,
        0,
        0,
        0,
        0,
        0,
        0,
        0,
        0,
        0,
        0,
        0
    ],
    "manifest_toml_sha256": "0bc8dd956e2d53dfc75dae382811cbae5159e33b4ab25664d941105fcfb60c81",
    "git_dirty": true,
    "experiment": "rect4x4_dt0p04_l25",
    "overlap_raw": [
        1,
        0.9704879152038246,
        0.8865193255644536,
        0.7600247807452081,
        0.6059810009604293,
        0.43810858136887193,
        0.26619427166910625,
        0.09670103954457941,
        -0.06615558837389118,
        -0.21783883261507464,
        -0.3532565792540773,
        -0.46693052115264994,
        -0.5536534026823258,
        -0.6085077334621727,
        -0.6265781815626412,
        -0.6030646124658354,
        -0.5347884078716241,
        -0.42270563577925435,
        -0.2736653354457281,
        -0.1003786579831359,
        0.08115657179702084,
        0.2549760682662981,
        0.40805896641695105,
        0.531173036966859,
        0.6183242832369782,
        0.6649870312372055
    ],
    "overlap_dropped": [
        0,
        0,
        0,
        0,
        0,
        0.00013289384184757706,
        2.393288556866865e-5,
        6.728620962447092e-5,
        0,
        0,
        -7.3050543256567664e-6,
        -3.9039079731830056e-5,
        -7.864085411072745e-5,
        -2.2611867358181098e-5,
        5.432130501057686e-5,
        6.099541719570418e-5,
        5.150180216815804e-5,
        1.0391566963844436e-5,
        -1.168564539055965e-5,
        -9.753507602455043e-5,
        -0.00017516915763564583,
        -0.00014788686721176213,
        3.989970662073053e-6,
        3.560691246633105e-5,
        1.9461019486310022e-5,
        -1.2288992984584986e-5
    ],
    "rule": {
        "label": "xyz5_d1em05",
        "weight_period": 1,
        "family": "xyz+coeff",
        "tau_z": 0,
        "c_gate": 1.0e-16,
        "tau_xyz": 5,
        "tau_xy": 0,
        "rule_hash": "451bd5b8c3",
        "coeff_min": 1.0e-5
    },
    "n_kept": [
        1,
        16,
        134,
        308,
        542,
        816,
        1110,
        1654,
        2330,
        2730,
        3170,
        3718,
        4327,
        5106,
        5819,
        6533,
        7157,
        7944,
        8456,
        9180,
        9923,
        10818,
        11787,
        12707,
        13711,
        14561
    ],
    "hit_xyz": [
        0,
        1,
        2759,
        23657,
        23657,
        28966,
        73882,
        78208,
        107020,
        149524,
        149858,
        180734,
        222018,
        279230,
        378700,
        382468,
        393778,
        394134,
        444442,
        550133,
        613754,
        655780,
        704790,
        751444,
        770500,
        807196
    ],
    "git_commit": "unknown",
    "n_raw": [
        1,
        17,
        3271,
        25479,
        25479,
        31453,
        77985,
        82945,
        112299,
        155723,
        156307,
        188421,
        230631,
        289844,
        390143,
        394162,
        405642,
        406136,
        458111,
        565644,
        630722,
        673205,
        722623,
        770069,
        789499,
        826585
    ],