{
    "created_at": "2026-06-11T14:04:24.137",
    "n_complete": 25,
    "drop_coeff_only": [
        0,
        0,
        0,
        0,
        0,
        0,
        0,
        0,
        0,
        0,
        0,
        0,
        0,
        0,
        0,
        0,
        0,
        0,
        0,
        0,
        0,
        0,
        0,
        0,
        0,
        0
    ],
    "system": {
        "dt": 0.04,
        "P0_coeff": 1,
        "h": 3.04438,
        "P0_term_hex": "c00",
        "name": "rect4x4_dt0p04_l25",
        "topology_repr": "[(1, 5), (1, 2), (2, 6), (2, 3), (3, 7), (3, 4), (4, 8), (5, 9), (5, 6), (6, 10), (6, 7), (7, 11), (7, 8), (8, 12), (9, 13), (9, 10), (10, 14), (10, 11), (11, 15), (11, 12), (12, 16), (13, 14), (14, 15), (15, 16)]",
        "P0_nqubits": 16,
        "n_layers": 25,
        "g": 0,
        "n_qubits": 16,
        "J": 1
    },
    "julia_version": "1.12.6",
    "n_dropped": [
        0,
        5,
        1551,
        10542,
        23843,
        29573,
        33301,
        36347,
        38851,
        40983,
        43811,
        44740,
        46838,
        47833,
        49235,
        51002,
        51477,
        53234,
        54428,
        54746,
        55560,
        55748,
        56033,
        56018,
        56238,
        56276
    ],
    "overlap_kept": [
        1,
        0.9704879152038246,
        0.8865193255644536,
        0.7600493999657157,
        0.6061858808281376,
        0.43865217672658363,
        0.26708543678667696,
        0.09714917233141514,
        -0.06716434210040544,
        -0.22081256134594926,
        -0.35640951418853684,
        -0.46522821912632084,
        -0.5399324793994846,
        -0.5774204781485687,
        -0.580082395889539,
        -0.5546847885575745,
        -0.5094519264842484,
        -0.45093423873708366,
        -0.3823600491021042,
        -0.3043105465590928,
        -0.21723442799742193,
        -0.1242767025829276,
        -0.03271370736895086,
        0.04694837118449362,
        0.10388069010119114,
        0.13044218974265628
    ],
    "hit_any_weight": [
        0,
        5,
        1551,
        10542,
        23843,
        29573,
        33301,
        36347,
        38851,
        40983,
        43811,
        44740,
        46838,
        47833,
        49235,
        51002,
        51477,
        53234,
        54428,
        54746,
        55560,
        55748,
        56033,
        56018,
        56238,
        56276
    ],
    "drop_weight_only": [
        0,
        5,
        1551,
        10542,
        23843,
        29573,
        33301,
        36347,
        38851,
        40983,
        43811,
        44740,
        46838,
        47833,
        49235,
        51002,
        51477,
        53234,
        54428,
        54746,
        55560,
        55748,
        56033,
        56018,
        56238,
        56276
    ],
    "hit_coeff": [
        0,
        0,
        0,
        0,
        0,
        0,
        0,
        0,
        0,
        0,
        0,
        0,
        0,
        0,
        0,
        0,
        0,
        0,
        0,
        0,
        0,
        0,
        0,
        0,
        0,
        0
    ],
    "drop_coeff_and_weight": [
        0,
        0,
        0,
        0,
        0,
        0,
        0,
        0,
        0,
        0,
        0,
        0,
        0,
        0,
        0,
        0,
        0,
        0,
        0,
        0,
        0,
        0,
        0,
        0,
        0,
        0
    ],
    "hit_z": [
        0,
        0,
        0,
        0,
        0,
        0,
        0,
        0,
        0,
        0,
        0,
        0,
        0,
        0,
        0,
        0,
        0,
        0,
        0,
        0,
        0,
        0,
        0,
        0,
        0,
        0
    ],
    "manifest_toml_sha256": "0bc8dd956e2d53dfc75dae382811cbae5159e33b4ab25664d941105fcfb60c81",
    "git_dirty": true,
    "experiment": "rect4x4_dt0p04_l25",
    "overlap_raw": [
        1,
        0.9704879152038246,
        0.8865193255644536,
        0.7600493999657157,
        0.6061858808281376,
        0.43865217672658363,
        0.26708543678667696,
        0.09714917233141514,
        -0.06716434210040544,
        -0.22081256134594926,
        -0.35640951418853684,
        -0.46522821912632084,
        -0.5399324793994846,
        -0.5774204781485687,
        -0.580082395889539,
        -0.5546847885575745,
        -0.5094519264842484,
        -0.45093423873708366,
        -0.3823600491021042,
        -0.3043105465590928,
        -0.21723442799742193,
        -0.1242767025829276,
        -0.03271370736895086,
        0.04694837118449362,
        0.10388069010119114,
        0.13044218974265628
    ],
    "overlap_dropped": [
        0,
        0,
        0,
        0,
        0,
        0,
        0,
        0,
        0,
        0,
        0,
        0,
        0,
        0,
        0,
        0,
        0,
        0,
        0,
        0,
        0,
        0,
        0,
        0,
        0,
        0
    ],
    "rule": {
        "label": "xyz4_d0",
        "weight_period": 1,
        "family": "xyz",
        "tau_z": 0,
        "c_gate": 1.0e-16,
        "tau_xyz": 4,
        "tau_xy": 0,
        "rule_hash": "5cdc1d8f79",
        "coeff_min": 0
    },
    "n_kept": [
        1,
        12,
        184,
        559,
        1038,
        1482,
        1530,
        1735,
        1783,
        1858,
        1932,
        1978,
        2028,
        2043,
        2052,
        2070,
        2089,
        2101,
        2108,
        2111,
        2116,
        2118,
        2124,
        2124,
        2124,
        2124
    ],
    "hit_xyz": [
        0,
        5,
        1551,
        10542,
        23843,
        29573,
        33301,
        36347,
        38851,
        40983,
        43811,
        44740,
        46838,
        47833,
        49235,
        51002,
        51477,
        53234,
        54428,
        54746,
        55560,
        55748,
        56033,
        56018,
        56238,
        56276
    ],
    "git_commit": "unknown",
    "n_raw": [
        1,
        17,
        1735,
        11101,
        24881,
        31055,
        34831,
        38082,
        40634,
        42841,
        45743,
        46718,
        48866,
        49876,
        51287,
        53072,
        53566,
        55335,
        56536,
        56857,
        57676,
        57866,
        58157,
        58142,
        58362,
        58400
    ],
    "weight_second_moment_raw": [
        1,
        1.001485548853399,
        1.0125742587540665,
        1.0458781888051405,
        1.112726340828018,
        1.2175668190060467,
        1.3548358093786088,
        1.5095780026446541,
        1.6615692974350007,
        1.7913261928778688,
        1.8857712963453679,
        1.9416197668996367,
        1.9654908758650182,
        1.9709006417690056,
        1.973290411974002,
        1.9848345612856617,
        2.010774968084787,
        2.0484268309216964,
        2.088997369957349,
        2.1213383358224327,
        2.1360942704084134,
        2.128643545639615,
        2.099794543033762,
        2.054211036499083,
        1.9975836797757736,
        1.934105816976556
    ],
    "hit_multiple_weight": [
        0,
        0,
        0,
        0,
        0,
        0,
        0,
        0,
        0,
        0,
        0,
        0,
        0,
        0,
        0,
        0,
        0,
        0,
        0,
        0,
        0,
        0,
        0,
        0,
        0,
        0
    ],