{
    "created_at": "2026-06-11T05:42:54.043",
    "n_complete": 25,
    "drop_coeff_only": [
        0,
        0,
        6204,
        335818,
        1421159,
        4163061,
        9080794,
        19793761,
        36595409,
        56214722,
        84254793,
        116415288,
        145280151,
        169193761,
        184944328,
        194803351,
        197613390,
        193790208,
        184113551,
        170517125,
        154565744,
        137567675,
        120303868,
        103435985,
        87415923,
        72624588
    ],
    "system": {
        "dt": 0.04,
        "P0_coeff": 1,
        "h": 3.04438,
        "P0_term_hex": "c00",
        "name": "rect4x4_dt0p04_l25",
        "topology_repr": "[(1, 5), (1, 2), (2, 6), (2, 3), (3, 7), (3, 4), (4, 8), (5, 9), (5, 6), (6, 10), (6, 7), (7, 11), (7, 8), (8, 12), (9, 13), (9, 10), (10, 14), (10, 11), (11, 15), (11, 12), (12, 16), (13, 14), (14, 15), (15, 16)]",
        "P0_nqubits": 16,
        "n_layers": 25,
        "g": 0,
        "n_qubits": 16,
        "J": 1
    },
    "julia_version": "1.12.6",
    "n_dropped": [
        0,
        0,
        6204,
        340146,
        1515908,
        4905963,
        12545053,
        31934273,
        68040546,
        123751278,
        213533220,
        331716462,
        460649800,
        590956443,
        705542933,
        804563900,
        877305137,
        929201205,
        953476272,
        961891003,
        960095892,
        951982090,
        939935049,
        926385995,
        912399346,
        898884231
    ],
    "overlap_kept": [
        1,
        0.9704879152038246,
        0.8865172215885787,
        0.7600057909015381,
        0.6059759615652669,
        0.43824621909224615,
        0.2670828185073165,
        0.0992495259385217,
        -0.060553428591665584,
        -0.20803589830601088,
        -0.3385681428237803,
        -0.4475209293848271,
        -0.5308156607240647,
        -0.5854736010553674,
        -0.6096830883914279,
        -0.6027870600083821,
        -0.5651366274156817,
        -0.49821317855651637,
        -0.4051950555780041,
        -0.2911985368925143,
        -0.16286826968398915,
        -0.02771361942961975,
        0.10642470061263748,
        0.2321723387982876,
        0.3431220305386022,
        0.4338285407956168
    ],
    "hit_any_weight": [
        0,
        0,
        0,
        4328,
        94749,
        742902,
        3464259,
        12140512,
        31445137,
        67536556,
        129278427,
        215301174,
        315369649,
        421762682,
        520598605,
        609760549,
        679691747,
        735410997,
        769362721,
        791373878,
        805530148,
        814414415,
        819631181,
        822950010,
        824983423,
        826259643
    ],
    "drop_weight_only": [
        0,
        0,
        0,
        0,
        0,
        47,
        927,
        8949,
        43711,
        147402,
        399642,
        917382,
        1897847,
        3596303,
        6261640,
        10204851,
        15865226,
        23603431,
        33550089,
        45739747,
        60312274,
        77464705,
        97132871,
        118818708,
        141741997,
        165149762
    ],
    "hit_coeff": [
        0,
        0,
        6204,
        340146,
        1515908,
        4905916,
        12544126,
        31925324,
        67996835,
        123603876,
        213133578,
        330799080,
        458751953,
        587360140,
        699281293,
        794359049,
        861439911,
        905597774,
        919926183,
        916151256,
        899783618,
        874517385,
        842802178,
        807567287,
        770657349,
        733734469
    ],
    "drop_coeff_and_weight": [
        0,
        0,
        0,
        4328,
        94749,
        742855,
        3463332,
        12131563,
        31401426,
        67389154,
        128878785,
        214383792,
        313471802,
        418166379,
        514336965,
        599555698,
        663826521,
        711807566,
        735812632,
        745634131,
        745217874,
        736949710,
        722498310,
        704131302,
        683241426,
        661109881
    ],
    "hit_z": [
        0,
        0,
        0,
        0,
        0,
        0,
        0,
        0,
        0,
        0,
        0,
        0,
        0,
        0,
        0,
        0,
        0,
        0,
        0,
        0,
        0,
        0,
        0,
        0,
        0,
        0
    ],
    "manifest_toml_sha256": "0bc8dd956e2d53dfc75dae382811cbae5159e33b4ab25664d941105fcfb60c81",
    "git_dirty": true,
    "experiment": "rect4x4_dt0p04_l25",
    "overlap_raw": [
        1,
        0.9704879152038246,
        0.8865172215885787,
        0.7600057457163321,
        0.6059767108827676,
        0.43824732692418655,
        0.26709051993115673,
        0.09924926943680693,
        -0.060550559817357144,
        -0.20802087589607718,
        -0.33856019459425546,
        -0.4475100915751092,
        -0.5307991166842093,
        -0.585455814856746,
        -0.6096738128016921,
        -0.6027777596502882,
        -0.5651332164283529,
        -0.498206010203822,
        -0.40519874011415546,
        -0.2912062895176453,
        -0.16286975611925272,
        -0.02771157207630409,
        0.10643783516288643,
        0.23218392605594834,
        0.3431382452367198,
        0.4338417701112795
    ],
    "overlap_dropped": [
        0,
        0,
        0,
        -4.518520599323655e-8,
        7.493175006639465e-7,
        1.1078319403954234e-6,
        7.701423840190818e-6,
        -2.565017147740102e-7,
        2.8687743084384966e-6,
        1.5022409933709148e-5,
        7.948229524848213e-6,
        1.0837809717941998e-5,
        1.6544039855452105e-5,
        1.7786198621308303e-5,
        9.275589735890744e-6,
        9.300358093822763e-6,
        3.4109873288484096e-6,
        7.16835269438127e-6,
        -3.6845361513751064e-6,
        -7.752625131043518e-6,
        -1.4864352635699073e-6,
        2.047353315664097e-6,
        1.3134550248950858e-5,
        1.1587257660743488e-5,
        1.621469811765718e-5,
        1.3229315662741776e-5
    ],
    "rule": {
        "label": "xy7_d1em07",
        "weight_period": 1,
        "family": "xy+coeff",
        "tau_z": 0,
        "c_gate": 1.0e-16,
        "tau_xyz": 0,
        "tau_xy": 7,
        "rule_hash": "4259cc7773",
        "coeff_min": 1.0e-7
    },
    "n_kept": [
        1,
        17,
        732,
        3411,
        12100,
        37059,
        101681,
        250196,
        545605,
        1096496,
        2044852,
        3642638,
        6262962,
        10145312,
        15494998,
        22548132,
        31608637,
        42905984,
        56457106,
        71938194,
        88732125,
        106159350,
        123580108,
        140518176,
        156570629,
        171371803
    ],
    "hit_xyz": [
        0,
        0,
        0,
        0,
        0,
        0,
        0,
        0,
        0,
        0,
        0,
        0,
        0,
        0,
        0,
        0,
        0,
        0,
        0,
        0,
        0,
        0,
        0,
        0,
        0,
        0
    ],
    "git_commit": "unknown",
    "n_raw": [
        1,
        17,
        6936,
        343557,
        1528008,
        4943022,
        12646734,
        32184469,
        68586151,
        124847774,
        215578072,
        335359100,
        466912762,
        601101755,
        721037931,
        827112032,
        908913774,
        972107189,
        1009933378,
        1033829197,
        1048828017,
        1058141440,
        1063515157,
        1066904171,
        1068969975,
        1070256034
    ],