{
    "created_at": "2026-06-11T10:26:24.756",
    "n_complete": 25,
    "drop_coeff_only": [
        0,
        0,
        5112,
        1103511,
        6699897,
        23627233,
        60557908,
        135343357,
        256790226,
        418141566,
        595410424,
        741346318,
        817329789,
        812200478,
        742293267,
        632123175,
        502333600,
        366855305,
        244284398,
        150138605,
        86724166,
        47998843,
        25999086,
        14212639,
        8135480,
        4988067
    ],
    "system": {
        "dt": 0.04,
        "P0_coeff": 1,
        "h": 3.04438,
        "P0_term_hex": "c00",
        "name": "rect4x4_dt0p04_l25",
        "topology_repr": "[(1, 5), (1, 2), (2, 6), (2, 3), (3, 7), (3, 4), (4, 8), (5, 9), (5, 6), (6, 10), (6, 7), (7, 11), (7, 8), (8, 12), (9, 13), (9, 10), (10, 14), (10, 11), (11, 15), (11, 12), (12, 16), (13, 14), (14, 15), (15, 16)]",
        "P0_nqubits": 16,
        "n_layers": 25,
        "g": 0,
        "n_qubits": 16,
        "J": 1
    },
    "julia_version": "1.12.6",
    "n_dropped": [
        0,
        0,
        5112,
        1103511,
        6699897,
        23627233,
        60557908,
        135343357,
        256790226,
        418141566,
        595410424,
        741346318,
        817329789,
        812200478,
        742293267,
        632123175,
        502333600,
        366855305,
        244284398,
        150138605,
        86724166,
        47998843,
        25999086,
        14212639,
        8135480,
        4988067
    ],
    "overlap_kept": [
        1,
        0.9704879152038246,
        0.8865172215885787,
        0.7600057406033195,
        0.6059754486513222,
        0.4382498651796871,
        0.2670937596934624,
        0.09925267404643857,
        -0.06054669147173924,
        -0.20801316578949258,
        -0.33855486312031313,
        -0.4475083726713662,
        -0.5308275821034528,
        -0.5856257917645101,
        -0.6102973377540929,
        -0.6043788315773371,
        -0.5684816989970546,
        -0.5044622924268297,
        -0.41570524507514495,
        -0.3072505821389169,
        -0.18558649137454197,
        -0.05812899162539585,
        0.06743494099691473,
        0.18376368965269832,
        0.28436310336878784,
        0.363990521347897
    ],
    "hit_any_weight": [
        0,
        0,
        0,
        0,
        0,
        0,
        0,
        0,
        0,
        0,
        0,
        0,
        0,
        0,
        0,
        0,
        0,
        0,
        0,
        0,
        0,
        0,
        0,
        0,
        0,
        0
    ],
    "drop_weight_only": [
        0,
        0,
        0,
        0,
        0,
        0,
        0,
        0,
        0,
        0,
        0,
        0,
        0,
        0,
        0,
        0,
        0,
        0,
        0,
        0,
        0,
        0,
        0,
        0,
        0,
        0
    ],
    "hit_coeff": [
        0,
        0,
        5112,
        1103511,
        6699897,
        23627233,
        60557908,
        135343357,
        256790226,
        418141566,
        595410424,
        741346318,
        817329789,
        812200478,
        742293267,
        632123175,
        502333600,
        366855305,
        244284398,
        150138605,
        86724166,
        47998843,
        25999086,
        14212639,
        8135480,
        4988067
    ],
    "drop_coeff_and_weight": [
        0,
        0,
        0,
        0,
        0,
        0,
        0,
        0,
        0,
        0,
        0,
        0,
        0,
        0,
        0,
        0,
        0,
        0,
        0,
        0,
        0,
        0,
        0,
        0,
        0,
        0
    ],
    "hit_z": [
        0,
        0,
        0,
        0,
        0,
        0,
        0,
        0,
        0,
        0,
        0,
        0,
        0,
        0,
        0,
        0,
        0,
        0,
        0,
        0,
        0,
        0,
        0,
        0,
        0,
        0
    ],
    "manifest_toml_sha256": "0bc8dd956e2d53dfc75dae382811cbae5159e33b4ab25664d941105fcfb60c81",
    "git_dirty": true,
    "experiment": "rect4x4_dt0p04_l25",
    "overlap_raw": [
        1,
        0.9704879152038246,
        0.8865172215885787,
        0.7600057376533653,
        0.6059754953171341,
        0.4382498565173808,
        0.267093827757747,
        0.09925268469800914,
        -0.06054671996217235,
        -0.20801307541340375,
        -0.3385547045853683,
        -0.44750821573554633,
        -0.5308273873121159,
        -0.585625563394579,
        -0.6102971929069884,
        -0.6043787720572051,
        -0.5684816855110378,
        -0.5044622878182171,
        -0.4157052626515491,
        -0.3072506347564583,
        -0.18558651604562595,
        -0.05812904454953778,
        0.06743495293901781,
        0.18376371065429492,
        0.2843631049284367,
        0.36399053153793237
    ],
    "overlap_dropped": [
        0,
        0,
        0,
        -2.9499541594381016e-9,
        4.66658119100115e-8,
        -8.662306320490043e-9,
        6.806428457486201e-8,
        1.065157057104321e-8,
        -2.849043310775937e-8,
        9.037608883367536e-8,
        1.5853494482253434e-7,
        1.569358198647332e-7,
        1.9479133691706234e-7,
        2.2836993109321895e-7,
        1.4484710456567661e-7,
        5.952013190355664e-8,
        1.3486016789283595e-8,
        4.608612596210873e-9,
        -1.7576404168640767e-8,
        -5.261754145412704e-8,
        -2.467108397613912e-8,
        -5.2924141932366666e-8,
        1.1942103083906604e-8,
        2.1001596588619754e-8,
        1.5596488580939393e-9,
        1.0190035343685533e-8
    ],
    "rule": {
        "label": "coeff_d1em09",
        "weight_period": 1,
        "family": "coeff",
        "tau_z": 0,
        "c_gate": 1.0e-16,
        "tau_xyz": 0,
        "tau_xy": 0,
        "rule_hash": "c9658dc9ec",
        "coeff_min": 1.0e-9
    },
    "n_kept": [
        1,
        17,
        1824,
        22436,
        98131,
        351968,
        1094442,
        3030115,
        7518228,
        17190660,
        35541797,
        69455152,
        125345653,
        206794885,
        312389486,
        435999146,
        569865682,
        706431705,
        829315495,
        923556985,
        987001362,
        1025736869,
        1047740465,
        1059528121,
        1065605829,
        1068753526
    ],
    "hit_xyz": [
        0,
        0,
        0,
        0,
        0,
        0,
        0,
        0,
        0,
        0,
        0,
        0,
        0,
        0,
        0,
        0,
        0,
        0,
        0,
        0,
        0,
        0,
        0,
        0,
        0,
        0
    ],
    "git_commit": "unknown",
    "n_raw": [
        1,
        17,
        6936,
        1125947,
        6798028,
        23979201,
        61652350,
        138373472,
        264308454,
        435332226,
        630952221,
        810801470,
        942675442,
        1018995363,
        1054682753,
        1068122321,
        1072199282,
        1073287010,
        1073599893,
        1073695590,
        1073725528,
        1073735712,
        1073739551,
        1073740760,
        1073741309,
        1073741593
    ],