{
    "created_at": "2026-06-11T15:41:46.399",
    "n_complete": 25,
    "drop_coeff_only": [
        0,
        0,
        0,
        0,
        0,
        0,
        0,
        0,
        0,
        0,
        0,
        0,
        0,
        0,
        0,
        0,
        0,
        0,
        0,
        0,
        0,
        0,
        0,
        0,
        0,
        0
    ],
    "system": {
        "dt": 0.04,
        "P0_coeff": 1,
        "h": 3.04438,
        "P0_term_hex": "c00",
        "name": "rect4x4_dt0p04_l25",
        "topology_repr": "[(1, 5), (1, 2), (2, 6), (2, 3), (3, 7), (3, 4), (4, 8), (5, 9), (5, 6), (6, 10), (6, 7), (7, 11), (7, 8), (8, 12), (9, 13), (9, 10), (10, 14), (10, 11), (11, 15), (11, 12), (12, 16), (13, 14), (14, 15), (15, 16)]",
        "P0_nqubits": 16,
        "n_layers": 25,
        "g": 0,
        "n_qubits": 16,
        "J": 1
    },
    "julia_version": "1.12.6",
    "n_dropped": [
        0,
        0,
        0,
        182719,
        5957594,
        38043428,
        122842517,
        268998675,
        444568824,
        597988742,
        702465202,
        762587972,
        793922136,
        810030455,
        818321228,
        822707093,
        825124054,
        826527693,
        827376385,
        827919118,
        828285133,
        828533991,
        828712124,
        828839232,
        828932466,
        829002787
    ],
    "overlap_kept": [
        1,
        0.9704879152038246,
        0.8865172215885787,
        0.7600057417202594,
        0.6059755197153325,
        0.4382498905612483,
        0.26709388494649305,
        0.0992527594817076,
        -0.060546720650874186,
        -0.20801303817904138,
        -0.338553587272315,
        -0.4474972735561351,
        -0.5307698887637899,
        -0.585409231122932,
        -0.6096543639750841,
        -0.602791167020778,
        -0.5651141700776031,
        -0.49817921530450493,
        -0.4051914466940591,
        -0.2911950135259503,
        -0.1628299978334772,
        -0.027692629793701695,
        0.10644124485123076,
        0.23224830663748866,
        0.3432312982367317,
        0.43391887367784887
    ],
    "hit_any_weight": [
        0,
        0,
        0,
        182719,
        5957594,
        38043428,
        122842517,
        268998675,
        444568824,
        597988742,
        702465202,
        762587972,
        793922136,
        810030455,
        818321228,
        822707093,
        825124054,
        826527693,
        827376385,
        827919118,
        828285133,
        828533991,
        828712124,
        828839232,
        828932466,
        829002787
    ],
    "drop_weight_only": [
        0,
        0,
        0,
        182719,
        5957594,
        38043428,
        122842517,
        268998675,
        444568824,
        597988742,
        702465202,
        762587972,
        793922136,
        810030455,
        818321228,
        822707093,
        825124054,
        826527693,
        827376385,
        827919118,
        828285133,
        828533991,
        828712124,
        828839232,
        828932466,
        829002787
    ],
    "hit_coeff": [
        0,
        0,
        0,
        0,
        0,
        0,
        0,
        0,
        0,
        0,
        0,
        0,
        0,
        0,
        0,
        0,
        0,
        0,
        0,
        0,
        0,
        0,
        0,
        0,
        0,
        0
    ],
    "drop_coeff_and_weight": [
        0,
        0,
        0,
        0,
        0,
        0,
        0,
        0,
        0,
        0,
        0,
        0,
        0,
        0,
        0,
        0,
        0,
        0,
        0,
        0,
        0,
        0,
        0,
        0,
        0,
        0
    ],
    "hit_z": [
        0,
        0,
        0,
        0,
        0,
        0,
        0,
        0,
        0,
        0,
        0,
        0,
        0,
        0,
        0,
        0,
        0,
        0,
        0,
        0,
        0,
        0,
        0,
        0,
        0,
        0
    ],
    "manifest_toml_sha256": "0bc8dd956e2d53dfc75dae382811cbae5159e33b4ab25664d941105fcfb60c81",
    "git_dirty": true,
    "experiment": "rect4x4_dt0p04_l25",
    "overlap_raw": [
        1,
        0.9704879152038246,
        0.8865172215885787,
        0.7600057417202594,
        0.6059755197153325,
        0.4382498905612483,
        0.26709388494649305,
        0.0992527594817076,
        -0.060546720650874186,
        -0.20801303817904138,
        -0.338553587272315,
        -0.4474972735561351,
        -0.5307698887637899,
        -0.585409231122932,
        -0.6096543639750841,
        -0.602791167020778,
        -0.5651141700776031,
        -0.49817921530450493,
        -0.4051914466940591,
        -0.2911950135259503,
        -0.1628299978334772,
        -0.027692629793701695,
        0.10644124485123076,
        0.23224830663748866,
        0.3432312982367317,
        0.43391887367784887
    ],
    "overlap_dropped": [
        0,
        0,
        0,
        0,
        0,
        0,
        0,
        0,
        0,
        0,
        0,
        0,
        0,
        0,
        0,
        0,
        0,
        0,
        0,
        0,
        0,
        0,
        0,
        0,
        0,
        0
    ],
    "rule": {
        "label": "xy7_d0",
        "weight_period": 1,
        "family": "xy",
        "tau_z": 0,
        "c_gate": 1.0e-16,
        "tau_xyz": 0,
        "tau_xy": 7,
        "rule_hash": "9d3cf3d2bd",
        "coeff_min": 0
    },
    "n_kept": [
        1,
        17,
        6936,
        1302774,
        13098096,
        45123650,
        98791112,
        160232664,
        208537809,
        233538746,
        241944928,
        243725398,
        243972580,
        244001549,
        244005891,
        244006683,
        244006839,
        244006895,
        244006905,
        244006908,
        244006910,
        244006912,
        244006912,
        244006912,
        244006912,
        244006912
    ],
    "hit_xyz": [
        0,
        0,
        0,
        0,
        0,
        0,
        0,
        0,
        0,
        0,
        0,
        0,
        0,
        0,
        0,
        0,
        0,
        0,
        0,
        0,
        0,
        0,
        0,
        0,
        0,
        0
    ],
    "git_commit": "unknown",
    "n_raw": [
        1,
        17,
        6936,
        1485493,
        19055690,
        83167078,
        221633629,
        429231339,
        653106633,
        831527488,
        944410130,
        1006313370,
        1037894716,
        1054032004,
        1062327119,
        1066713776,
        1069130893,
        1070534588,
        1071383290,
        1071926026,
        1072292043,
        1072540903,
        1072719036,
        1072846144,
        1072939378,
        1073009699
    ],
    "weight_second_moment_raw": [
        1,
        1.001485548853399,
        1.0125748382677757,
        1.0459061501346545,
        1.1130213348640474,
        1.2191627929592739,
        1.3606648428598347,
        1.5259231725067421,
        1.699381067572003,
        1.8667936523271647,
        2.0196879865273223,
        2.1574562412041622,
        2.286564648104134,
        2.4174605223692396,
        2.560517846343381,
        2.7225639300070816,
        2.905154851820768,
        3.104976043936285,
        3.315871233040072,
        3.53144766830671,
        3.7471751482194064,
        3.9612681001687835,
        4.174154952454725,
        4.38685769578015,
        4.599044141055451,
        4.807666043231313
    ],
    "hit_multiple_weight": [
        0,
        0,
        0,
        0,
        0,
        0,
        0,
        0,
        0,
        0,
        0,
        0,
        0,
        0,
        0,
        0,
        0,
        0,
        0,
        0,
        0,
        0,
        0,
        0,
        0,
        0
    ],