{
    "created_at": "2026-06-11T09:32:22.403",
    "n_complete": 25,
    "drop_coeff_only": [
        0,
        0,
        1312,
        21955,
        29466,
        34876,
        70054,
        103661,
        114607,
        111081,
        167706,
        203600,
        212486,
        220420,
        284636,
        324480,
        353336,
        358898,
        360790,
        381210,
        404612,
        442228,
        454120,
        454922,
        463020,
        480616
    ],
    "system": {
        "dt": 0.04,
        "P0_coeff": 1,
        "h": 3.04438,
        "P0_term_hex": "3000000",
        "name": "rect5x5_dt0p04_l25",
        "topology_repr": "[(1, 6), (1, 2), (2, 7), (2, 3), (3, 8), (3, 4), (4, 9), (4, 5), (5, 10), (6, 11), (6, 7), (7, 12), (7, 8), (8, 13), (8, 9), (9, 14), (9, 10), (10, 15), (11, 16), (11, 12), (12, 17), (12, 13), (13, 18), (13, 14), (14, 19), (14, 15), (15, 20), (16, 21), (16, 17), (17, 22), (17, 18), (18, 23), (18, 19), (19, 24), (19, 20), (20, 25), (21, 22), (22, 23), (23, 24), (24, 25)]",
        "P0_nqubits": 25,
        "n_layers": 25,
        "g": 0,
        "n_qubits": 25,
        "J": 1
    },
    "julia_version": "1.12.6",
    "n_dropped": [
        0,
        0,
        17921,
        421041,
        947606,
        1108638,
        2631092,
        5756617,
        7822179,
        8177034,
        11768846,
        22725744,
        29023142,
        33190367,
        43255672,
        55280766,
        66447609,
        79278623,
        91309942,
        111188952,
        122622756,
        138371119,
        156045704,
        177941598,
        197853024,
        224339482
    ],
    "overlap_kept": [
        1,
        0.9704879152038246,
        0.8865172215885785,
        0.7599947796657479,
        0.6060333905623189,
        0.43862214985655473,
        0.26833580771503396,
        0.10232354846862116,
        -0.054603655325614925,
        -0.19856666747810306,
        -0.3257234808759173,
        -0.43249633475568033,
        -0.5157550074150523,
        -0.5738078647980214,
        -0.6062061452995806,
        -0.6122529584218858,
        -0.5901734143769213,
        -0.538486643117224,
        -0.4567508233787842,
        -0.3459917238175109,
        -0.21025756455468445,
        -0.057558759545899583,
        0.10180933928978247,
        0.25747836988056694,
        0.4024737697568173,
        0.5328943362045703
    ],
    "hit_any_weight": [
        0,
        0,
        16609,
        399086,
        918140,
        1073762,
        2561038,
        5652956,
        7707572,
        8065953,
        11601140,
        22522144,
        28810656,
        32969947,
        42971036,
        54956286,
        66094273,
        78919725,
        90949152,
        110807742,
        122218144,
        137928891,
        155591584,
        177486676,
        197390004,
        223858866
    ],
    "drop_weight_only": [
        0,
        0,
        12,
        280,
        2126,
        6546,
        19264,
        30838,
        58708,
        100336,
        147712,
        225379,
        301766,
        413850,
        552788,
        722422,
        892894,
        1068534,
        1274808,
        1509344,
        1771198,
        2047722,
        2303440,
        2553097,
        2779191,
        3091045
    ],
    "hit_coeff": [
        0,
        0,
        17909,
        420761,
        945480,
        1102092,
        2611828,
        5725779,
        7763471,
        8076698,
        11621134,
        22500365,
        28721376,
        32776517,
        42702884,
        54558344,
        65554715,
        78210089,
        90035134,
        109679608,
        120851558,
        136323397,
        153742264,
        175388501,
        195073833,
        221248437
    ],
    "drop_coeff_and_weight": [
        0,
        0,
        16597,
        398806,
        916014,
        1067216,
        2541774,
        5622118,
        7648864,
        7965617,
        11453428,
        22296765,
        28508890,
        32556097,
        42418248,
        54233864,
        65201379,
        77851191,
        89674344,
        109298398,
        120446946,
        135881169,
        153288144,
        174933579,
        194610813,
        220767821
    ],
    "hit_z": [
        0,
        0,
        0,
        0,
        0,
        0,
        0,
        0,
        0,
        0,
        0,
        0,
        0,
        0,
        0,
        0,
        0,
        0,
        0,
        0,
        0,
        0,
        0,
        0,
        0,
        0
    ],
    "manifest_toml_sha256": "0bc8dd956e2d53dfc75dae382811cbae5159e33b4ab25664d941105fcfb60c81",
    "git_dirty": true,
    "experiment": "rect5x5_dt0p04_l25",
    "overlap_raw": [
        1,
        0.9704879152038246,
        0.8865172215885785,
        0.7600033177781236,
        0.6060333905623189,
        0.4386298919185232,
        0.2683456073414604,
        0.10232439450681613,
        -0.05458119310452702,
        -0.19850320496761537,
        -0.3256843400775515,
        -0.43239370174014685,
        -0.5156832418606898,
        -0.5738271185379848,
        -0.6062950070762789,
        -0.6122331165471219,
        -0.5902424640064371,
        -0.5386130400159052,
        -0.45684019776249896,
        -0.34607776585093175,
        -0.21038785602072282,
        -0.05765887334515326,
        0.10159072624234528,
        0.25730414802661805,
        0.40232963548834355,
        0.5327225529352807
    ],
    "overlap_dropped": [
        0,
        0,
        0,
        8.538112375672358e-6,
        0,
        7.742061968459992e-6,
        9.799626426447712e-6,
        8.460381949794745e-7,
        2.2462221087906808e-5,
        6.346251048769438e-5,
        3.914079836583603e-5,
        0.000102633015533464,
        7.176555436246248e-5,
        -1.9253739963526112e-5,
        -8.886177669831543e-5,
        1.9841874763862436e-5,
        -6.904962951583983e-5,
        -0.0001263968986811548,
        -8.937438371477949e-5,
        -8.604203342084088e-5,
        -0.00013029146603837468,
        -0.00010011379925367706,
        -0.0002186130474371928,
        -0.0001742218539489126,
        -0.0001441342684737534,
        -0.0001717832692896084
    ],
    "rule": {
        "label": "xyz6_d1em06",
        "weight_period": 1,
        "family": "xyz+coeff",
        "tau_z": 0,
        "c_gate": 1.0e-16,
        "tau_xyz": 6,
        "tau_xy": 0,
        "rule_hash": "fd476ea734",
        "coeff_min": 1.0e-6
    },
    "n_kept": [
        1,
        17,
        442,
        1471,
        3424,
        6210,
        11698,
        20083,
        28965,
        39339,
        51812,
        69610,
        88276,
        111578,
        136654,
        166748,
        203736,
        245726,
        287534,
        327634,
        368040,
        408964,
        451132,
        498376,
        552230,
        605768
    ],
    "hit_xyz": [
        0,
        0,
        16609,
        399086,
        918140,
        1073762,
        2561038,
        5652956,
        7707572,
        8065953,
        11601140,
        22522144,
        28810656,
        32969947,
        42971036,
        54956286,
        66094273,
        78919725,
        90949152,
        110807742,
        122218144,
        137928891,
        155591584,
        177486676,
        197390004,
        223858866
    ],
    "git_commit": "unknown",
    "n_raw": [
        1,
        17,
        18363,
        422512,
        951030,
        1114848,
        2642790,
        5776700,
        7851144,
        8216373,
        11820658,
        22795354,
        29111418,
        33301945,
        43392326,
        55447514,
        66651345,
        79524349,
        91597476,
        111516586,
        122990796,
        138780083,
        156496836,
        178439974,
        198405254,
        224945250
    ],