{
    "created_at": "2026-06-11T09:30:36.760",
    "n_complete": 25,
    "drop_coeff_only": [
        0,
        0,
        350,
        1972,
        2606,
        4472,
        5952,
        7012,
        6412,
        9902,
        11436,
        13684,
        13084,
        12168,
        11952,
        16148,
        21660,
        22322,
        22156,
        19608,
        17420,
        15534,
        15536,
        16264,
        22096,
        25404
    ],
    "system": {
        "dt": 0.04,
        "P0_coeff": 1,
        "h": 3.04438,
        "P0_term_hex": "3000000",
        "name": "rect5x5_dt0p04_l25",
        "topology_repr": "[(1, 6), (1, 2), (2, 7), (2, 3), (3, 8), (3, 4), (4, 9), (4, 5), (5, 10), (6, 11), (6, 7), (7, 12), (7, 8), (8, 13), (8, 9), (9, 14), (9, 10), (10, 15), (11, 16), (11, 12), (12, 17), (12, 13), (13, 18), (13, 14), (14, 19), (14, 15), (15, 20), (16, 21), (16, 17), (17, 22), (17, 18), (18, 23), (18, 19), (19, 24), (19, 20), (20, 25), (21, 22), (22, 23), (23, 24), (24, 25)]",
        "P0_nqubits": 25,
        "n_layers": 25,
        "g": 0,
        "n_qubits": 25,
        "J": 1
    },
    "julia_version": "1.12.6",
    "n_dropped": [
        0,
        1,
        6841,
        72543,
        89219,
        314573,
        534383,
        652097,
        653453,
        988681,
        1327373,
        2343614,
        2432633,
        2438127,
        2587404,
        3574537,
        4401200,
        5232976,
        6076476,
        6556891,
        7279960,
        7358225,
        7592195,
        8003148,
        9343140,
        10148458
    ],
    "overlap_kept": [
        1,
        0.9704879152038246,
        0.8865193255644533,
        0.7600258625852173,
        0.6060440870681283,
        0.43829359971260345,
        0.2667615221253129,
        0.09784171636604094,
        -0.0639222325427408,
        -0.21417873752101604,
        -0.3482331488789594,
        -0.4612735853086196,
        -0.5485738690179071,
        -0.6052463147367424,
        -0.62591171402029,
        -0.6052004761767525,
        -0.5394766433533121,
        -0.42942707855755474,
        -0.28160402874486506,
        -0.10814556558934495,
        0.07546306106181372,
        0.2536553324054087,
        0.41321242562999133,
        0.543952793792072,
        0.6383826748975909,
        0.6910289099956296
    ],
    "hit_any_weight": [
        0,
        1,
        6491,
        70571,
        86613,
        310101,
        528431,
        645085,
        647041,
        978779,
        1315937,
        2329930,
        2419549,
        2425959,
        2575452,
        3558389,
        4379540,
        5210654,
        6054320,
        6537283,
        7262540,
        7342691,
        7576659,
        7986884,
        9321044,
        10123054
    ],
    "drop_weight_only": [
        0,
        1,
        171,
        947,
        2807,
        5441,
        9671,
        13521,
        26649,
        36481,
        51277,
        66201,
        80681,
        101977,
        131793,
        156077,
        184463,
        210373,
        240125,
        267653,
        291573,
        320829,
        342037,
        350015,
        344661,
        383795
    ],
    "hit_coeff": [
        0,
        0,
        6670,
        71596,
        86412,
        309132,
        524712,
        638576,
        626804,
        952200,
        1276096,
        2277413,
        2351952,
        2336150,
        2455611,
        3418460,
        4216737,
        5022603,
        5836351,
        6289238,
        6988387,
        7037396,
        7250158,
        7653133,
        8998479,
        9764663
    ],
    "drop_coeff_and_weight": [
        0,
        0,
        6320,
        69624,
        83806,
        304660,
        518760,
        631564,
        620392,
        942298,
        1264660,
        2263729,
        2338868,
        2323982,
        2443659,
        3402312,
        4195077,
        5000281,
        5814195,
        6269630,
        6970967,
        7021862,
        7234622,
        7636869,
        8976383,
        9739259
    ],
    "hit_z": [
        0,
        0,
        0,
        0,
        0,
        0,
        0,
        0,
        0,
        0,
        0,
        0,
        0,
        0,
        0,
        0,
        0,
        0,
        0,
        0,
        0,
        0,
        0,
        0,
        0,
        0
    ],
    "manifest_toml_sha256": "0bc8dd956e2d53dfc75dae382811cbae5159e33b4ab25664d941105fcfb60c81",
    "git_dirty": true,
    "experiment": "rect5x5_dt0p04_l25",
    "overlap_raw": [
        1,
        0.9704879152038246,
        0.8865193255644533,
        0.7600258625852173,
        0.6060440870681283,
        0.43830175235061186,
        0.2667615221253129,
        0.09784171636604094,
        -0.06391589184581593,
        -0.21417840445514016,
        -0.3482320675646022,
        -0.4612735853086196,
        -0.5485755186788526,
        -0.6052487677236857,
        -0.6259205511668875,
        -0.6052054043767915,
        -0.5395058924700831,
        -0.42942423714161987,
        -0.28158810164052045,
        -0.10814455650409861,
        0.07547018098842762,
        0.2536588013420304,
        0.41320254941713946,
        0.5439816410080747,
        0.6384286724557781,
        0.6910264029727715
    ],
    "overlap_dropped": [
        0,
        0,
        0,
        0,
        0,
        8.152638008433686e-6,
        0,
        0,
        6.340696924873121e-6,
        3.330658758900164e-7,
        1.0813143572412058e-6,
        0,
        -1.6496609454897199e-6,
        -2.4529869433989773e-6,
        -8.837146597502035e-6,
        -4.928200038896862e-6,
        -2.9249116770893523e-5,
        2.841415934862423e-6,
        1.592710434459211e-5,
        1.0090852463398091e-6,
        7.119926613892327e-6,
        3.468936621681681e-6,
        -9.876212851891318e-6,
        2.8847216002705536e-5,
        4.599755818715632e-5,
        -2.5070228580907566e-6
    ],
    "rule": {
        "label": "xyz5_d1em06",
        "weight_period": 1,
        "family": "xyz+coeff",
        "tau_z": 0,
        "c_gate": 1.0e-16,
        "tau_xyz": 5,
        "tau_xy": 0,
        "rule_hash": "4fc0e7f0a7",
        "coeff_min": 1.0e-6
    },
    "n_kept": [
        1,
        16,
        282,
        668,
        1172,
        2210,
        3494,
        4314,
        5718,
        6790,
        8638,
        10526,
        12274,
        13598,
        15630,
        18542,
        20458,
        23700,
        27214,
        31842,
        35194,
        37808,
        40134,
        43342,
        45774,
        48634
    ],
    "hit_xyz": [
        0,
        1,
        6491,
        70571,
        86613,
        310101,
        528431,
        645085,
        647041,
        978779,
        1315937,
        2329930,
        2419549,
        2425959,
        2575452,
        3558389,
        4379540,
        5210654,
        6054320,
        6537283,
        7262540,
        7342691,
        7576659,
        7986884,
        9321044,
        10123054
    ],
    "git_commit": "unknown",
    "n_raw": [
        1,
        17,
        7123,
        73211,
        90391,
        316783,
        537877,
        656411,
        659171,
        995471,
        1336011,
        2354140,
        2444907,
        2451725,
        2603034,
        3593079,
        4421658,
        5256676,
        6103690,
        6588733,
        7315154,
        7396033,
        7632329,
        8046490,
        9388914,
        10197092
    ],