{
    "created_at": "2026-06-11T02:10:35.731",
    "n_complete": 25,
    "drop_coeff_only": [
        0,
        0,
        4008,
        63682,
        141326,
        334350,
        648440,
        818940,
        1037201,
        1561319,
        1918999,
        2136360,
        2548646,
        2856916,
        3159804,
        3471014,
        3630525,
        3725912,
        3824986,
        3761768,
        3715794,
        3687248,
        3598082,
        3437481,
        3296573,
        3149742
    ],
    "system": {
        "dt": 0.04,
        "P0_coeff": 1,
        "h": 3.04438,
        "P0_term_hex": "c00",
        "name": "rect4x4_dt0p04_l25",
        "topology_repr": "[(1, 5), (1, 2), (2, 6), (2, 3), (3, 7), (3, 4), (4, 8), (5, 9), (5, 6), (6, 10), (6, 7), (7, 11), (7, 8), (8, 12), (9, 13), (9, 10), (10, 14), (10, 11), (11, 15), (11, 12), (12, 16), (13, 14), (14, 15), (15, 16)]",
        "P0_nqubits": 16,
        "n_layers": 25,
        "g": 0,
        "n_qubits": 16,
        "J": 1
    },
    "julia_version": "1.12.6",
    "n_dropped": [
        0,
        0,
        6546,
        144052,
        496218,
        1603644,
        3674270,
        5971598,
        8100650,
        14417059,
        21813281,
        26903374,
        35451043,
        45750876,
        56856902,
        70429313,
        82805119,
        94581956,
        108349865,
        120719381,
        132936699,
        146584785,
        159367251,
        169883731,
        181480414,
        192918605
    ],
    "overlap_kept": [
        1,
        0.9704879152038246,
        0.8865172215885787,
        0.7599937032521179,
        0.6059668588366832,
        0.4382526268368665,
        0.26707532475674683,
        0.09923356638324074,
        -0.06057754701728457,
        -0.20804985921788205,
        -0.33865578278612046,
        -0.4476729265279812,
        -0.531024156079719,
        -0.5858529122679795,
        -0.6103915689615677,
        -0.6043187453554472,
        -0.5687166797682025,
        -0.5052127597401365,
        -0.41766017564772395,
        -0.3126673038782819,
        -0.19636984437801672,
        -0.07372520777150063,
        0.04971550822294706,
        0.16723442656576976,
        0.2729203888498157,
        0.36115255915132977
    ],
    "hit_any_weight": [
        0,
        0,
        2538,
        80370,
        354892,
        1269294,
        3025830,
        5152658,
        7063449,
        12855740,
        19894282,
        24767014,
        32902397,
        42893960,
        53697098,
        66958299,
        79174594,
        90856044,
        104524879,
        116957613,
        129220905,
        142897537,
        155769169,
        166446250,
        178183841,
        189768863
    ],
    "drop_weight_only": [
        0,
        0,
        0,
        0,
        2,
        246,
        2472,
        12125,
        31848,
        68918,
        119528,
        215703,
        366753,
        573672,
        824811,
        1147581,
        1521970,
        1966023,
        2457584,
        3033733,
        3657778,
        4303199,
        4963336,
        5630573,
        6337781,
        7141652
    ],
    "hit_coeff": [
        0,
        0,
        6546,
        144052,
        496216,
        1603398,
        3671798,
        5959473,
        8068802,
        14348141,
        21693753,
        26687671,
        35084290,
        45177204,
        56032091,
        69281732,
        81283149,
        92615933,
        105892281,
        117685648,
        129278921,
        142281586,
        154403915,
        164253158,
        175142633,
        185776953
    ],
    "drop_coeff_and_weight": [
        0,
        0,
        2538,
        80370,
        354890,
        1269048,
        3023358,
        5140533,
        7031601,
        12786822,
        19774754,
        24551311,
        32535644,
        42320288,
        52872287,
        65810718,
        77652624,
        88890021,
        102067295,
        113923880,
        125563127,
        138594338,
        150805833,
        160815677,
        171846060,
        182627211
    ],
    "hit_z": [
        0,
        0,
        0,
        0,
        0,
        0,
        0,
        0,
        0,
        0,
        0,
        0,
        0,
        0,
        0,
        0,
        0,
        0,
        0,
        0,
        0,
        0,
        0,
        0,
        0,
        0
    ],
    "manifest_toml_sha256": "0bc8dd956e2d53dfc75dae382811cbae5159e33b4ab25664d941105fcfb60c81",
    "git_dirty": true,
    "experiment": "rect4x4_dt0p04_l25",
    "overlap_raw": [
        1,
        0.9704879152038246,
        0.8865172215885787,
        0.7599993998928697,
        0.6059661329907419,
        0.4382516558806535,
        0.267075401989154,
        0.09923538944078218,
        -0.060520358213810674,
        -0.20802307128374403,
        -0.33860638350347294,
        -0.44757787642512653,
        -0.5309356615752318,
        -0.5857891010315988,
        -0.6103786500662048,
        -0.6044080173791474,
        -0.5687195265864781,
        -0.5051679891867511,
        -0.41767846137880743,
        -0.3126659348409882,
        -0.19634070087312536,
        -0.07355298784172097,
        0.049859493888567884,
        0.16739651366950506,
        0.2730054351143613,
        0.36122399618927464
    ],
    "overlap_dropped": [
        0,
        0,
        0,
        5.696640751828397e-6,
        -7.25845941375926e-7,
        -9.70956212971839e-7,
        7.72324071742316e-8,
        1.8230575414486733e-6,
        5.718880347389581e-5,
        2.678793413801677e-5,
        4.939928264751991e-5,
        9.505010285465474e-5,
        8.84945044871869e-5,
        6.381123638082646e-5,
        1.2918895362839518e-5,
        -8.927202370024799e-5,
        -2.8468182755618674e-6,
        4.4770553385371794e-5,
        -1.82857310834906e-5,
        1.3690372937048788e-6,
        2.9143504891359737e-5,
        0.000172219929779661,
        0.00014398566562082404,
        0.0001620871037352924,
        8.504626454565787e-5,
        7.143703794486731e-5
    ],
    "rule": {
        "label": "xyz8_d1em06",
        "weight_period": 1,
        "family": "xyz+coeff",
        "tau_z": 0,
        "c_gate": 1.0e-16,
        "tau_xyz": 8,
        "tau_xy": 0,
        "rule_hash": "2bc3fc1ae5",
        "coeff_min": 1.0e-6
    },
    "n_kept": [
        1,
        17,
        390,
        1337,
        3975,
        9776,
        24344,
        48584,
        85370,
        141087,
        217458,
        317799,
        446933,
        607442,
        797133,
        1013619,
        1259125,
        1533124,
        1834521,
        2151946,
        2475397,
        2800233,
        3121101,
        3440418,
        3762902,
        4083665
    ],
    "hit_xyz": [
        0,
        0,
        2538,
        80370,
        354892,
        1269294,
        3025830,
        5152658,
        7063449,
        12855740,
        19894282,
        24767014,
        32902397,
        42893960,
        53697098,
        66958299,
        79174594,
        90856044,
        104524879,
        116957613,
        129220905,
        142897537,
        155769169,
        166446250,
        178183841,
        189768863
    ],
    "git_commit": "unknown",
    "n_raw": [
        1,
        17,
        6936,
        145389,
        500193,
        1613420,
        3698614,
        6020182,
        8186020,
        14558146,
        22030739,
        27221173,
        35897976,
        46358318,
        57654035,
        71442932,
        84064244,
        96115080,
        110184386,
        122871327,
        135412096,
        149385018,
        162488352,
        173324149,
        185243316,
        197002270
    ],