{
    "created_at": "2026-06-11T12:07:08.801",
    "n_complete": 25,
    "drop_coeff_only": [
        0,
        0,
        5112,
        1014089,
        5352221,
        15895879,
        33720157,
        61502514,
        96526205,
        132189561,
        161125375,
        176156913,
        175914420,
        162472603,
        140020111,
        113305729,
        86329509,
        61787682,
        41469628,
        26136382,
        15602720,
        8944213,
        5033742,
        2851111,
        1655566,
        1012340
    ],
    "system": {
        "dt": 0.04,
        "P0_coeff": 1,
        "h": 3.04438,
        "P0_term_hex": "c00",
        "name": "rect4x4_dt0p04_l25",
        "topology_repr": "[(1, 5), (1, 2), (2, 6), (2, 3), (3, 7), (3, 4), (4, 8), (5, 9), (5, 6), (6, 10), (6, 7), (7, 11), (7, 8), (8, 12), (9, 13), (9, 10), (10, 14), (10, 11), (11, 15), (11, 12), (12, 16), (13, 14), (14, 15), (15, 16)]",
        "P0_nqubits": 16,
        "n_layers": 25,
        "g": 0,
        "n_qubits": 16,
        "J": 1
    },
    "julia_version": "1.12.6",
    "n_dropped": [
        0,
        0,
        5112,
        1103511,
        6700260,
        23638916,
        60649984,
        135230022,
        254218271,
        408060583,
        578750176,
        729410276,
        838882319,
        900874202,
        922723384,
        919261081,
        903653098,
        884558591,
        866989301,
        853125690,
        843415462,
        837246778,
        833629044,
        831627512,
        830555760,
        829996767
    ],
    "overlap_kept": [
        1,
        0.9704879152038246,
        0.8865172215885787,
        0.7600057406033195,
        0.6059754486513222,
        0.43824986517262926,
        0.2670937590818686,
        0.0992526658090564,
        -0.06054674157116084,
        -0.20801329985530514,
        -0.3385539018080281,
        -0.44749745021539244,
        -0.5307700453502995,
        -0.585409620646448,
        -0.6096544172322932,
        -0.6027913171679357,
        -0.5651143069133948,
        -0.49817891185756197,
        -0.40519147450690385,
        -0.29119503825628335,
        -0.16283014142107724,
        -0.027692922463722087,
        0.1064412021637259,
        0.23224798847989708,
        0.3432305993680923,
        0.43391862034124834
    ],
    "hit_any_weight": [
        0,
        0,
        0,
        89422,
        1348039,
        7743037,
        26929827,
        73727508,
        157692066,
        275871022,
        417624801,
        553253363,
        662967899,
        738401599,
        782703273,
        805955352,
        817323589,
        822770909,
        825519673,
        826989308,
        827812742,
        828302565,
        828595302,
        828776401,
        828900194,
        828984427
    ],
    "drop_weight_only": [
        0,
        0,
        0,
        0,
        363,
        11819,
        99583,
        466627,
        1545485,
        4275955,
        9839356,
        19853026,
        36424214,
        60748680,
        93488997,
        135032424,
        183721612,
        236551095,
        291138725,
        345618556,
        398226692,
        447237516,
        491165260,
        529246558,
        561624307,
        588939138
    ],
    "hit_coeff": [
        0,
        0,
        5112,
        1103511,
        6699897,
        23627097,
        60550401,
        134763395,
        252672786,
        403784628,
        568910820,
        709557250,
        802458105,
        840125522,
        829234387,
        784228657,
        719931486,
        648007496,
        575850576,
        507507134,
        445188770,
        390009262,
        342463784,
        302380954,
        268931453,
        241057629
    ],
    "drop_coeff_and_weight": [
        0,
        0,
        0,
        89422,
        1347676,
        7731218,
        26830244,
        73260881,
        156146581,
        271595067,
        407785445,
        533400337,
        626543685,
        677652919,
        689214276,
        670922928,
        633601977,
        586219814,
        534380948,
        481370752,
        429586050,
        381065049,
        337430042,
        299529843,
        267275887,
        240045289
    ],
    "hit_z": [
        0,
        0,
        0,
        0,
        0,
        0,
        0,
        0,
        0,
        0,
        0,
        0,
        0,
        0,
        0,
        0,
        0,
        0,
        0,
        0,
        0,
        0,
        0,
        0,
        0,
        0
    ],
    "manifest_toml_sha256": "0bc8dd956e2d53dfc75dae382811cbae5159e33b4ab25664d941105fcfb60c81",
    "git_dirty": true,
    "experiment": "rect4x4_dt0p04_l25",
    "overlap_raw": [
        1,
        0.9704879152038246,
        0.8865172215885787,
        0.7600057376533653,
        0.6059754953171341,
        0.43824985651032294,
        0.2670938271462195,
        0.09925267619016398,
        -0.06054677445948384,
        -0.20801320971727483,
        -0.3385537446072481,
        -0.4474972803051191,
        -0.5307699637778329,
        -0.5854095368422453,
        -0.6096543362956791,
        -0.602791275604723,
        -0.565114325087922,
        -0.49817892753640336,
        -0.40519140381174773,
        -0.29119499174594105,
        -0.16283003915750482,
        -0.02769289921326008,
        0.10644119514329807,
        0.23224798447711875,
        0.3432306069949695,
        0.4339186060392871
    ],
    "overlap_dropped": [
        0,
        0,
        0,
        -2.9499541594381016e-9,
        4.66658119100115e-8,
        -8.662306320490043e-9,
        6.806435090092528e-8,
        1.0381107579550347e-8,
        -3.288832299600834e-8,
        9.013803031083249e-8,
        1.572007799957954e-7,
        1.6991027334201912e-7,
        8.157246659083483e-8,
        8.380420268379712e-8,
        8.09366140712027e-8,
        4.1563212666501534e-8,
        -1.817452725088816e-8,
        -1.5678841405705683e-8,
        7.069515612980396e-8,
        4.651034227627848e-8,
        1.0226357240725338e-7,
        2.325046200857541e-8,
        -7.020427831184569e-9,
        -4.0027783225580805e-9,
        7.62687719371249e-9,
        -1.4301961214532259e-8
    ],
    "rule": {
        "label": "xy7_d1em09",
        "weight_period": 1,
        "family": "xy+coeff",
        "tau_z": 0,
        "c_gate": 1.0e-16,
        "tau_xyz": 0,
        "tau_xy": 7,
        "rule_hash": "affc2777f8",
        "coeff_min": 1.0e-9
    },
    "n_kept": [
        1,
        17,
        1824,
        22436,
        97768,
        340121,
        986921,
        2486992,
        5488168,
        10956017,
        19604207,
        32986188,
        51672742,
        75082916,
        101924270,
        130146603,
        157548602,
        182188925,
        202528976,
        217868083,
        228403294,
        235062525,
        238973114,
        241155769,
        242351339,
        242994571
    ],
    "hit_xyz": [
        0,
        0,
        0,
        0,
        0,
        0,
        0,
        0,
        0,
        0,
        0,
        0,
        0,
        0,
        0,
        0,
        0,
        0,
        0,
        0,
        0,
        0,
        0,
        0,
        0,
        0
    ],
    "git_commit": "unknown",
    "n_raw": [
        1,
        17,
        6936,
        1125947,
        6798028,
        23979037,
        61636905,
        137717014,
        259706439,
        419016600,
        598354383,
        762396464,
        890555061,
        975957118,
        1024647654,
        1049407684,
        1061201700,
        1066747516,
        1069518277,
        1070993773,
        1071818756,
        1072309303,
        1072602158,
        1072783281,
        1072907099,
        1072991338
    ],