{
    "created_at": "2026-06-11T11:00:34.918",
    "n_complete": 25,
    "drop_coeff_only": [
        0,
        0,
        2628,
        222092,
        755248,
        1327689,
        1889694,
        2285303,
        2735910,
        3181215,
        3233556,
        3305265,
        3255677,
        3040092,
        2778717,
        2480612,
        2131554,
        1794327,
        1492767,
        1231653,
        1002791,
        798777,
        635495,
        501872,
        388727,
        302037
    ],
    "system": {
        "dt": 0.04,
        "P0_coeff": 1,
        "h": 3.04438,
        "P0_term_hex": "c00",
        "name": "rect4x4_dt0p04_l25",
        "topology_repr": "[(1, 5), (1, 2), (2, 6), (2, 3), (3, 7), (3, 4), (4, 8), (5, 9), (5, 6), (6, 10), (6, 7), (7, 11), (7, 8), (8, 12), (9, 13), (9, 10), (10, 14), (10, 11), (11, 15), (11, 12), (12, 16), (13, 14), (14, 15), (15, 16)]",
        "P0_nqubits": 16,
        "n_layers": 25,
        "g": 0,
        "n_qubits": 16,
        "J": 1
    },
    "julia_version": "1.12.6",
    "n_dropped": [
        0,
        0,
        5166,
        938325,
        4353673,
        9632703,
        18798643,
        29668501,
        43365668,
        64690591,
        83213151,
        102504932,
        126283334,
        147371781,
        166342343,
        185099904,
        201133535,
        215125433,
        226779228,
        237298872,
        245763275,
        252204371,
        258015412,
        262210652,
        265282319,
        267909695
    ],
    "overlap_kept": [
        1,
        0.9704879152038246,
        0.8865172215885787,
        0.7600057406033195,
        0.6059754485793841,
        0.4382499061828842,
        0.2670941747848075,
        0.09925436349643887,
        -0.060542312480043325,
        -0.20800670311663827,
        -0.3385530546060477,
        -0.44752331281431845,
        -0.5308666108042861,
        -0.5856709666595729,
        -0.6102964612661506,
        -0.6043020398354596,
        -0.5684939538529098,
        -0.5051677607726615,
        -0.41826840635560814,
        -0.31315621032976065,
        -0.1959687070263567,
        -0.07290643571564344,
        0.05015524195589776,
        0.1675733990487887,
        0.27359216742842335,
        0.3622044643140252
    ],
    "hit_any_weight": [
        0,
        0,
        2538,
        716233,
        3598425,
        8305014,
        16908949,
        27383198,
        40629758,
        61509376,
        79979595,
        99199667,
        123027657,
        144331689,
        163563626,
        182619292,
        199001981,
        213331106,
        225286461,
        236067219,
        244760484,
        251405594,
        257379917,
        261708780,
        264893592,
        267607658
    ],
    "drop_weight_only": [
        0,
        0,
        54,
        2217,
        25633,
        116819,
        359012,
        839813,
        1662495,
        2878456,
        4703499,
        7212426,
        10354212,
        14239409,
        18747576,
        23841621,
        29324231,
        35245307,
        41513091,
        47991296,
        54550568,
        60986766,
        67362695,
        73749001,
        80252206,
        86763366
    ],
    "hit_coeff": [
        0,
        0,
        5112,
        936108,
        4328040,
        9515884,
        18439631,
        28828688,
        41703173,
        61812135,
        78509652,
        95292506,
        115929122,
        133132372,
        147594767,
        161258283,
        171809304,
        179880126,
        185266137,
        189307576,
        191212707,
        191217605,
        190652717,
        188461651,
        185030113,
        181146329
    ],
    "drop_coeff_and_weight": [
        0,
        0,
        2484,
        714016,
        3572792,
        8188195,
        16549937,
        26543385,
        38967263,
        58630920,
        75276096,
        91987241,
        112673445,
        130092280,
        144816050,
        158777671,
        169677750,
        178085799,
        183773370,
        188075923,
        190209916,
        190418828,
        190017222,
        187959779,
        184641386,
        180844292
    ],
    "hit_z": [
        0,
        0,
        0,
        0,
        0,
        0,
        0,
        0,
        0,
        0,
        0,
        0,
        0,
        0,
        0,
        0,
        0,
        0,
        0,
        0,
        0,
        0,
        0,
        0,
        0,
        0
    ],
    "manifest_toml_sha256": "0bc8dd956e2d53dfc75dae382811cbae5159e33b4ab25664d941105fcfb60c81",
    "git_dirty": true,
    "experiment": "rect4x4_dt0p04_l25",
    "overlap_raw": [
        1,
        0.9704879152038246,
        0.8865172215885787,
        0.7600057376533653,
        0.6059754964696725,
        0.4382498976728958,
        0.26709421487966056,
        0.09925436842271426,
        -0.06054225831544302,
        -0.20800664902433968,
        -0.33855296167231397,
        -0.44752318699549815,
        -0.5308665353203886,
        -0.5856708485570794,
        -0.6102964127131564,
        -0.604302055165107,
        -0.5684939719932809,
        -0.5051677497123384,
        -0.4182684170329767,
        -0.31315621341800587,
        -0.1959687153175088,
        -0.07290643879665125,
        0.05015526623387511,
        0.16757342561461455,
        0.27359219816825,
        0.36220448191777876
    ],
    "overlap_dropped": [
        0,
        0,
        0,
        -2.949954159438101e-9,
        4.78902883560728e-8,
        -8.509988391256027e-9,
        4.009485305753498e-8,
        4.926275392065425e-9,
        5.4164600303602814e-8,
        5.40922985751662e-8,
        9.293373372669678e-8,
        1.258188203075843e-7,
        7.54838975053855e-8,
        1.1810249343858435e-7,
        4.855299417643195e-8,
        -1.5329647419073245e-8,
        -1.814037104321945e-8,
        1.1060323058529778e-8,
        -1.067736854972269e-8,
        -3.0882452161104563e-9,
        -8.291152123058922e-9,
        -3.08100781277973e-9,
        2.4277977351276084e-8,
        2.6565825847440835e-8,
        3.073982664300883e-8,
        1.7603753572331385e-8
    ],
    "rule": {
        "label": "xyz8_d1em09",
        "weight_period": 1,
        "family": "xyz+coeff",
        "tau_z": 0,
        "c_gate": 1.0e-16,
        "tau_xyz": 8,
        "tau_xy": 0,
        "rule_hash": "051065ea5b",
        "coeff_min": 1.0e-9
    },
    "n_kept": [
        1,
        17,
        1770,
        20210,
        68663,
        171633,
        350542,
        617212,
        960130,
        1396137,
        1883309,
        2431100,
        3022783,
        3622071,
        4215861,
        4791394,
        5325600,
        5798462,
        6211622,
        6565392,
        6856935,
        7100060,
        7296416,
        7454728,
        7581543,
        7683181
    ],
    "hit_xyz": [
        0,
        0,
        2538,
        716233,
        3598425,
        8305014,
        16908949,
        27383198,
        40629758,
        61509376,
        79979595,
        99199667,
        123027657,
        144331689,
        163563626,
        182619292,
        199001981,
        213331106,
        225286461,
        236067219,
        244760484,
        251405594,
        257379917,
        261708780,
        264893592,
        267607658
    ],
    "git_commit": "unknown",
    "n_raw": [
        1,
        17,
        6936,
        958535,
        4422336,
        9804336,
        19149185,
        30285713,
        44325798,
        66086728,
        85096460,
        104936032,
        129306117,
        150993852,
        170558204,
        189891298,
        206459135,
        220923895,
        232990850,
        243864264,
        252620210,
        259304431,
        265311828,
        269665380,
        272863862,
        275592876
    ],