{
    "created_at": "2026-06-11T04:17:18.527",
    "n_complete": 25,
    "drop_coeff_only": [
        0,
        0,
        168,
        1533,
        2889,
        3661,
        2779,
        3207,
        4327,
        5364,
        4978,
        4260,
        5002,
        6122,
        6223,
        5495,
        4869,
        4023,
        3389,
        3937,
        4369,
        4796,
        4369,
        3786,
        3337,
        2989
    ],
    "system": {
        "dt": 0.04,
        "P0_coeff": 1,
        "h": 3.04438,
        "P0_term_hex": "c00",
        "name": "rect4x4_dt0p04_l25",
        "topology_repr": "[(1, 5), (1, 2), (2, 6), (2, 3), (3, 7), (3, 4), (4, 8), (5, 9), (5, 6), (6, 10), (6, 7), (7, 11), (7, 8), (8, 12), (9, 13), (9, 10), (10, 14), (10, 11), (11, 15), (11, 12), (12, 16), (13, 14), (14, 15), (15, 16)]",
        "P0_nqubits": 16,
        "n_layers": 25,
        "g": 0,
        "n_qubits": 16,
        "J": 1
    },
    "julia_version": "1.12.6",
    "n_dropped": [
        0,
        1,
        2927,
        26539,
        79190,
        152617,
        152181,
        165971,
        239080,
        377987,
        415079,
        438022,
        506707,
        597873,
        742677,
        821667,
        870985,
        890686,
        917298,
        981828,
        1050894,
        1141447,
        1200678,
        1213066,
        1228459,
        1243432
    ],
    "overlap_kept": [
        1,
        0.9704879152038246,
        0.8865193255644536,
        0.7600282918774197,
        0.6060288155459088,
        0.43817412333941724,
        0.2663167105484225,
        0.09670844692399366,
        -0.06617280634489264,
        -0.21784750692054763,
        -0.35320241328037033,
        -0.46684047301445336,
        -0.5535850300619968,
        -0.6084657484384621,
        -0.6264453029214164,
        -0.6027396580965175,
        -0.5343255633895224,
        -0.42224684365054477,
        -0.27337605366262885,
        -0.10028996576774832,
        0.08104879519023353,
        0.2547324548767484,
        0.40772827068084994,
        0.5308260054033396,
        0.6178253877582796,
        0.6642430655010557
    ],
    "hit_any_weight": [
        0,
        1,
        2759,
        25006,
        76301,
        148956,
        149402,
        162764,
        234753,
        372623,
        410101,
        433762,
        501705,
        591751,
        736454,
        816172,
        866116,
        886663,
        913909,
        977891,
        1046525,
        1136651,
        1196309,
        1209280,
        1225122,
        1240443
    ],
    "drop_weight_only": [
        0,
        1,
        369,
        2012,
        4456,
        6430,
        13553,
        18567,
        28171,
        37796,
        48079,
        61946,
        74233,
        87952,
        103502,
        122697,
        140518,
        159144,
        175423,
        196019,
        212903,
        225456,
        239121,
        245009,
        248433,
        264499
    ],
    "hit_coeff": [
        0,
        0,
        2558,
        24527,
        74734,
        146187,
        138628,
        147404,
        210909,
        340191,
        367000,
        376076,
        432474,
        509921,
        639175,
        698970,
        730467,
        731542,
        741875,
        785809,
        837991,
        915991,
        961557,
        968057,
        980026,
        978933
    ],
    "drop_coeff_and_weight": [
        0,
        0,
        2390,
        22994,
        71845,
        142526,
        135849,
        144197,
        206582,
        334827,
        362022,
        371816,
        427472,
        503799,
        632952,
        693475,
        725598,
        727519,
        738486,
        781872,
        833622,
        911195,
        957188,
        964271,
        976689,
        975944
    ],
    "hit_z": [
        0,
        0,
        0,
        0,
        0,
        0,
        0,
        0,
        0,
        0,
        0,
        0,
        0,
        0,
        0,
        0,
        0,
        0,
        0,
        0,
        0,
        0,
        0,
        0,
        0,
        0
    ],
    "manifest_toml_sha256": "0bc8dd956e2d53dfc75dae382811cbae5159e33b4ab25664d941105fcfb60c81",
    "git_dirty": true,
    "experiment": "rect4x4_dt0p04_l25",
    "overlap_raw": [
        1,
        0.9704879152038246,
        0.8865193255644536,
        0.7600282918774197,
        0.6060288155459088,
        0.43817412333941724,
        0.26631683192866373,
        0.09670942886356204,
        -0.06617071383775609,
        -0.21784838489389816,
        -0.35320262190958346,
        -0.4668411507621037,
        -0.5535849324232762,
        -0.6084665323887586,
        -0.6264474309644926,
        -0.6027404293196922,
        -0.5343253424644497,
        -0.42224653957871533,
        -0.273375560156703,
        -0.10028872776010025,
        0.08104862202761941,
        0.25473224169853365,
        0.407728154622008,
        0.530826003196931,
        0.6178248738467814,
        0.6642416264696165
    ],
    "overlap_dropped": [
        0,
        0,
        0,
        0,
        0,
        0,
        1.2138024123566296e-7,
        9.819395683737461e-7,
        2.0925071365547116e-6,
        -8.77973350515913e-7,
        -2.0862921310017106e-7,
        -6.777476503256855e-7,
        9.76387206020705e-8,
        -7.839502964572276e-7,
        -2.1280430762111113e-6,
        -7.712231746588684e-7,
        2.2092507266393558e-7,
        3.040718294397682e-7,
        4.935059258501235e-7,
        1.2380076480576248e-6,
        -1.7316261411637725e-7,
        -2.1317821475181494e-7,
        -1.1605884190616162e-7,
        -2.2064085854660243e-9,
        -5.139114981797166e-7,
        -1.4390314392615383e-6
    ],
    "rule": {
        "label": "xyz5_d1em07",
        "weight_period": 1,
        "family": "xyz+coeff",
        "tau_z": 0,
        "c_gate": 1.0e-16,
        "tau_xyz": 5,
        "tau_xy": 0,
        "rule_hash": "d9edd07507",
        "coeff_min": 1.0e-7
    },
    "n_kept": [
        1,
        16,
        344,
        914,
        1786,
        2538,
        3472,
        4158,
        5215,
        6181,
        7454,
        8336,
        9332,
        10354,
        11959,
        13366,
        14448,
        15676,
        16815,
        17532,
        18408,
        19291,
        20218,
        20960,
        21699,
        22312
    ],
    "hit_xyz": [
        0,
        1,
        2759,
        25006,
        76301,
        148956,
        149402,
        162764,
        234753,
        372623,
        410101,
        433762,
        501705,
        591751,
        736454,
        816172,
        866116,
        886663,
        913909,
        977891,
        1046525,
        1136651,
        1196309,
        1209280,
        1225122,
        1240443
    ],
    "git_commit": "unknown",
    "n_raw": [
        1,
        17,
        3271,
        27453,
        80976,
        155155,
        155653,
        170129,
        244295,
        384168,
        422533,
        446358,
        516039,
        608227,
        754636,
        835033,
        885433,
        906362,
        934113,
        999360,
        1069302,
        1160738,
        1220896,
        1234026,
        1250158,
        1265744
    ],