{
    "created_at": "2026-06-30T13:44:23.405",
    "n_complete": 10,
    "drop_coeff_only": [
        0,
        0,
        7342,
        245935,
        697232,
        2313936,
        4038187,
        7855738,
        16377060,
        28173742,
        42446774,
        null,
        null,
        null,
        null,
        null,
        null,
        null,
        null,
        null,
        null,
        null,
        null,
        null,
        null,
        null
    ],
    "system": {
        "dt": 0.04,
        "P0_coeff": 1,
        "h": 3.04438,
        "P0_term_hex": "3000000",
        "name": "rect5x5_dt0p04_l25",
        "topology_repr": "[(1, 6), (1, 2), (2, 7), (2, 3), (3, 8), (3, 4), (4, 9), (4, 5), (5, 10), (6, 11), (6, 7), (7, 12), (7, 8), (8, 13), (8, 9), (9, 14), (9, 10), (10, 15), (11, 16), (11, 12), (12, 17), (12, 13), (13, 18), (13, 14), (14, 19), (14, 15), (15, 20), (16, 21), (16, 17), (17, 22), (17, 18), (18, 23), (18, 19), (19, 24), (19, 20), (20, 25), (21, 22), (22, 23), (23, 24), (24, 25)]",
        "P0_nqubits": 25,
        "n_layers": 25,
        "g": 0,
        "n_qubits": 25,
        "J": 1
    },
    "julia_version": "1.12.6",
    "n_dropped": [
        0,
        0,
        17489,
        1540762,
        10092453,
        38858528,
        101498855,
        279744123,
        755175588,
        1675903762,
        3379026894,
        null,
        null,
        null,
        null,
        null,
        null,
        null,
        null,
        null,
        null,
        null,
        null,
        null,
        null,
        null
    ],
    "overlap_kept": [
        1,
        0.9704879152038246,
        0.8865172215885785,
        0.7600116373479162,
        0.6060447728767213,
        0.438600278316664,
        0.2682371995275482,
        0.10196261274667313,
        -0.055824737949290014,
        -0.20191767009551329,
        -0.33351213814132413,
        null,
        null,
        null,
        null,
        null,
        null,
        null,
        null,
        null,
        null,
        null,
        null,
        null,
        null,
        null
    ],
    "hit_any_weight": [
        0,
        0,
        10147,
        1294827,
        9395221,
        36544592,
        97460668,
        271888385,
        738798528,
        1647730020,
        3336580120,
        null,
        null,
        null,
        null,
        null,
        null,
        null,
        null,
        null,
        null,
        null,
        null,
        null,
        null,
        null
    ],
    "drop_weight_only": [
        0,
        0,
        44,
        982,
        7474,
        28632,
        79431,
        201880,
        474351,
        982030,
        1918549,
        null,
        null,
        null,
        null,
        null,
        null,
        null,
        null,
        null,
        null,
        null,
        null,
        null,
        null,
        null
    ],
    "hit_coeff": [
        0,
        0,
        17445,
        1539780,
        10084979,
        38829896,
        101419424,
        279542243,
        754701237,
        1674921732,
        3377108345,
        null,
        null,
        null,
        null,
        null,
        null,
        null,
        null,
        null,
        null,
        null,
        null,
        null,
        null,
        null
    ],
    "drop_coeff_and_weight": [
        0,
        0,
        10103,
        1293845,
        9387747,
        36515960,
        97381237,
        271686505,
        738324177,
        1646747990,
        3334661571,
        null,
        null,
        null,
        null,
        null,
        null,
        null,
        null,
        null,
        null,
        null,
        null,
        null,
        null,
        null
    ],
    "hit_z": [
        0,
        0,
        0,
        0,
        0,
        0,
        0,
        0,
        0,
        0,
        0,
        null,
        null,
        null,
        null,
        null,
        null,
        null,
        null,
        null,
        null,
        null,
        null,
        null,
        null,
        null
    ],
    "manifest_toml_sha256": "0bc8dd956e2d53dfc75dae382811cbae5159e33b4ab25664d941105fcfb60c81",
    "git_dirty": true,
    "experiment": "rect5x5_dt0p04_l25",
    "overlap_raw": [
        1,
        0.9704879152038246,
        0.8865172215885785,
        0.7600115696244308,
        0.606045874466557,
        0.43860352013250165,
        0.2682568503061936,
        0.10195940602243259,
        -0.055820358314937715,
        -0.20184457284846988,
        -0.3334797438307662,
        null,
        null,
        null,
        null,
        null,
        null,
        null,
        null,
        null,
        null,
        null,
        null,
        null,
        null,
        null
    ],
    "overlap_dropped": [
        0,
        0,
        0,
        -6.772348534780471e-8,
        1.1015898356841543e-6,
        3.2418158376708202e-6,
        1.9650778645380916e-5,
        -3.2067242405450695e-6,
        4.379634352300921e-6,
        7.309724704341853e-5,
        3.2394310557959484e-5,
        null,
        null,
        null,
        null,
        null,
        null,
        null,
        null,
        null,
        null,
        null,
        null,
        null,
        null,
        null
    ],
    "rule": {
        "label": "xy4_d1em07",
        "weight_period": 1,
        "family": "xy+coeff",
        "tau_z": 0,
        "c_gate": 1.0e-16,
        "tau_xyz": 0,
        "tau_xy": 4,
        "rule_hash": "3304ff802a",
        "coeff_min": 1.0e-7
    },
    "n_kept": [
        1,
        17,
        874,
        4096,
        12188,
        31630,
        73741,
        157630,
        308955,
        582379,
        1049283,
        null,
        null,
        null,
        null,
        null,
        null,
        null,
        null,
        null,
        null,
        null,
        null,
        null,
        null,
        null
    ],
    "hit_xyz": [
        0,
        0,
        0,
        0,
        0,
        0,
        0,
        0,
        0,
        0,
        0,
        null,
        null,
        null,
        null,
        null,
        null,
        null,
        null,
        null,
        null,
        null,
        null,
        null,
        null,
        null
    ],
    "git_commit": "unknown",
    "n_raw": [
        1,
        17,
        18363,
        1544858,
        10104641,
        38890158,
        101572596,
        279901753,
        755484543,
        1676486141,
        3380076177,
        null,
        null,
        null,
        null,
        null,
        null,
        null,
        null,
        null,
        null,
        null,
        null,
        null,
        null,
        null
    ],
    "weight_second_moment_raw": [
        1,
        1.0014855488533987,
        1.0125751141247017,
        1.0459133068385544,
        1.1130814140740628,
        1.219454201084096,
        1.361655779265956,
        1.5284806707574616,
        1.7045402638261733,
        1.8749076170906402,
        2.0291079808368084,
        null,
        null,
        null,
        null,
        null,
        null,
        null,
        null,
        null,
        null,
        null,
        null,
        null,
        null,
        null
    ],
    "hit_multiple_weight": [
        0,
        0,
        0,
        0,
        0,
        0,
        0,
        0,
        0,
        0,
        0,
        null,
        null,
        null,
        null,
        null,
        null,
        null,
        null,
        null,
        null,
        null,
        null,
        null,
        null,
        null
    ],