{
    "created_at": "2026-06-11T12:52:50.258",
    "n_complete": 14,
    "drop_coeff_only": [
        0,
        0,
        7080,
        155391,
        372519,
        1037990,
        2278249,
        3121862,
        4369132,
        7463568,
        9984041,
        11769873,
        15609729,
        19136806,
        23151490,
        null,
        null,
        null,
        null,
        null,
        null,
        null,
        null,
        null,
        null,
        null
    ],
    "system": {
        "dt": 0.04,
        "P0_coeff": 1,
        "h": 3.04438,
        "P0_term_hex": "3000000",
        "name": "rect5x5_dt0p04_l25",
        "topology_repr": "[(1, 6), (1, 2), (2, 7), (2, 3), (3, 8), (3, 4), (4, 9), (4, 5), (5, 10), (6, 11), (6, 7), (7, 12), (7, 8), (8, 13), (8, 9), (9, 14), (9, 10), (10, 15), (11, 16), (11, 12), (12, 17), (12, 13), (13, 18), (13, 14), (14, 19), (14, 15), (15, 20), (16, 21), (16, 17), (17, 22), (17, 18), (18, 23), (18, 19), (19, 24), (19, 20), (20, 25), (21, 22), (22, 23), (23, 24), (24, 25)]",
        "P0_nqubits": 25,
        "n_layers": 25,
        "g": 0,
        "n_qubits": 25,
        "J": 1
    },
    "julia_version": "1.12.6",
    "n_dropped": [
        0,
        0,
        17909,
        585301,
        2628475,
        12128917,
        30947027,
        67288419,
        104695389,
        218986572,
        409388710,
        563252450,
        806801728,
        1184405822,
        1748055966,
        null,
        null,
        null,
        null,
        null,
        null,
        null,
        null,
        null,
        null,
        null
    ],
    "overlap_kept": [
        1,
        0.9704879152038246,
        0.8865172215885785,
        0.7599947796657479,
        0.6060332929246676,
        0.43861721048891433,
        0.2682770295080259,
        0.10226673097064437,
        -0.0545560757328722,
        -0.1979935868983287,
        -0.3242904215320718,
        -0.4296229868672317,
        -0.5109163621780437,
        -0.5666263252641631,
        -0.5954365293871267,
        null,
        null,
        null,
        null,
        null,
        null,
        null,
        null,
        null,
        null,
        null
    ],
    "hit_any_weight": [
        0,
        0,
        10829,
        429910,
        2255956,
        11090927,
        28668778,
        64166557,
        100326257,
        211523004,
        399404669,
        551482577,
        791191999,
        1165269016,
        1724904476,
        null,
        null,
        null,
        null,
        null,
        null,
        null,
        null,
        null,
        null,
        null
    ],
    "drop_weight_only": [
        0,
        0,
        0,
        0,
        4,
        536,
        5771,
        30978,
        90644,
        211204,
        400284,
        788225,
        1407850,
        2350051,
        3566476,
        null,
        null,
        null,
        null,
        null,
        null,
        null,
        null,
        null,
        null,
        null
    ],
    "hit_coeff": [
        0,
        0,
        17909,
        585301,
        2628471,
        12128381,
        30941256,
        67257441,
        104604745,
        218775368,
        408988426,
        562464225,
        805393878,
        1182055771,
        1744489490,
        null,
        null,
        null,
        null,
        null,
        null,
        null,
        null,
        null,
        null,
        null
    ],
    "drop_coeff_and_weight": [
        0,
        0,
        10829,
        429910,
        2255952,
        11090391,
        28663007,
        64135579,
        100235613,
        211311800,
        399004385,
        550694352,
        789784149,
        1162918965,
        1721338000,
        null,
        null,
        null,
        null,
        null,
        null,
        null,
        null,
        null,
        null,
        null
    ],
    "hit_z": [
        0,
        0,
        0,
        0,
        0,
        0,
        0,
        0,
        0,
        0,
        0,
        0,
        0,
        0,
        0,
        null,
        null,
        null,
        null,
        null,
        null,
        null,
        null,
        null,
        null,
        null
    ],
    "manifest_toml_sha256": "0bc8dd956e2d53dfc75dae382811cbae5159e33b4ab25664d941105fcfb60c81",
    "git_dirty": true,
    "experiment": "rect5x5_dt0p04_l25",
    "overlap_raw": [
        1,
        0.9704879152038246,
        0.8865172215885785,
        0.7600033177781236,
        0.6060322059391158,
        0.43861573509816143,
        0.26828540960739905,
        0.10228073759006771,
        -0.05440649566469598,
        -0.19793811471843964,
        -0.32412220175467055,
        -0.42926641911654445,
        -0.5106192074422621,
        -0.5663804713902136,
        -0.5953739188337159,
        null,
        null,
        null,
        null,
        null,
        null,
        null,
        null,
        null,
        null,
        null
    ],
    "overlap_dropped": [
        0,
        0,
        0,
        8.538112375672358e-6,
        -1.086985551801037e-6,
        -1.4753907528850107e-6,
        8.380099373172207e-6,
        1.4006619423346155e-5,
        0.0001495800681762277,
        5.5472179889061966e-5,
        0.00016821977740130622,
        0.00035656775068727055,
        0.0002971547357816612,
        0.00024585387394948936,
        6.261055341073778e-5,
        null,
        null,
        null,
        null,
        null,
        null,
        null,
        null,
        null,
        null,
        null
    ],
    "rule": {
        "label": "xyz8_d1em06",
        "weight_period": 1,
        "family": "xyz+coeff",
        "tau_z": 0,
        "c_gate": 1.0e-16,
        "tau_xyz": 8,
        "tau_xy": 0,
        "rule_hash": "2bc3fc1ae5",
        "coeff_min": 1.0e-6
    },
    "n_kept": [
        1,
        17,
        454,
        1767,
        5806,
        16038,
        44242,
        96378,
        183362,
        331182,
        553348,
        868784,
        1301781,
        1885850,
        2628890,
        null,
        null,
        null,
        null,
        null,
        null,
        null,
        null,
        null,
        null,
        null
    ],
    "hit_xyz": [
        0,
        0,
        10829,
        429910,
        2255956,
        11090927,
        28668778,
        64166557,
        100326257,
        211523004,
        399404669,
        551482577,
        791191999,
        1165269016,
        1724904476,
        null,
        null,
        null,
        null,
        null,
        null,
        null,
        null,
        null,
        null,
        null
    ],
    "git_commit": "unknown",
    "n_raw": [
        1,
        17,
        18363,
        587068,
        2634281,
        12144955,
        30991269,
        67384797,
        104878751,
        219317754,
        409942058,
        564121234,
        808103509,
        1186291672,
        1750684856,
        null,
        null,
        null,
        null,
        null,
        null,
        null,
        null,
        null,
        null,
        null
    ],
    "weight_second_moment_raw": [
        1,
        1.0014855488533987,
        1.0125751141247017,
        1.045913306240141,
        1.1130814239426932,
        1.2194554583979513,
        1.3616807749653277,
        1.5287051333429174,
        1.7057518609259208,
        1.8794508699814587,
        2.042039777511109,
        2.1931279562372774,
        2.3386293220602217,
        2.4875842810876834,
        2.648264964353254,
        null,
        null,
        null,
        null,
        null,
        null,
        null,
        null,
        null,
        null,
        null
    ],