{
    "created_at": "2026-06-11T13:19:31.403",
    "n_complete": 25,
    "drop_coeff_only": [
        0,
        0,
        5112,
        1097555,
        6378579,
        20927915,
        48301303,
        94643996,
        157377087,
        224983898,
        284897429,
        319038783,
        322918662,
        300418748,
        259942120,
        210524654,
        159398861,
        112223187,
        73248860,
        44447147,
        25369879,
        13928278,
        7590088,
        4234218,
        2473606,
        1533468
    ],
    "system": {
        "dt": 0.04,
        "P0_coeff": 1,
        "h": 3.04438,
        "P0_term_hex": "c00",
        "name": "rect4x4_dt0p04_l25",
        "topology_repr": "[(1, 5), (1, 2), (2, 6), (2, 3), (3, 7), (3, 4), (4, 8), (5, 9), (5, 6), (6, 10), (6, 7), (7, 11), (7, 8), (8, 12), (9, 13), (9, 10), (10, 14), (10, 11), (11, 15), (11, 12), (12, 16), (13, 14), (14, 15), (15, 16)]",
        "P0_nqubits": 16,
        "n_layers": 25,
        "g": 0,
        "n_qubits": 16,
        "J": 1
    },
    "julia_version": "1.12.6",
    "n_dropped": [
        0,
        0,
        5112,
        1103511,
        6699897,
        23627823,
        60574842,
        135480875,
        257226626,
        419418701,
        598484113,
        749658073,
        845917110,
        882738038,
        875553915,
        841487812,
        796627658,
        752068069,
        714216957,
        685979073,
        667170291,
        655869197,
        649611071,
        646302053,
        644575135,
        643657428
    ],
    "overlap_kept": [
        1,
        0.9704879152038246,
        0.8865172215885787,
        0.7600057406033195,
        0.6059754486513222,
        0.4382498651796871,
        0.267093759692454,
        0.09925267372659984,
        -0.06054670183361274,
        -0.2080132855565126,
        -0.33855574296945884,
        -0.44751312693364415,
        -0.5308467438958094,
        -0.5856861827711491,
        -0.6104527665790056,
        -0.6047109954957867,
        -0.569072697495628,
        -0.505330825495683,
        -0.4167072022883013,
        -0.3079829741131408,
        -0.1853492032459564,
        -0.05598318594439202,
        0.07250766340806143,
        0.1926532204105852,
        0.29764780074170255,
        0.38183382203304006
    ],
    "hit_any_weight": [
        0,
        0,
        0,
        5956,
        321318,
        2699908,
        12273539,
        40836879,
        99849539,
        194434803,
        313586684,
        430619290,
        522998448,
        582319290,
        615611795,
        630963158,
        637228797,
        639844882,
        640968097,
        641531926,
        641800412,
        641940919,
        642020983,
        642067835,
        642101529,
        642123960
    ],
    "drop_weight_only": [
        0,
        0,
        0,
        0,
        0,
        590,
        16548,
        138096,
        649405,
        2231631,
        6070252,
        13920670,
        28360631,
        51085000,
        82656297,
        123271328,
        171170790,
        223096469,
        275869938,
        326981375,
        374490250,
        416821296,
        452778390,
        482176034,
        505814268,
        524876295
    ],
    "hit_coeff": [
        0,
        0,
        5112,
        1103511,
        6699897,
        23627233,
        60558294,
        135342779,
        256577221,
        417187070,
        592413861,
        735737403,
        817556479,
        831653038,
        792897618,
        718216484,
        625456868,
        528971600,
        438347019,
        358997698,
        292680041,
        239047901,
        196832681,
        164126019,
        138760867,
        118781133
    ],
    "drop_coeff_and_weight": [
        0,
        0,
        0,
        5956,
        321318,
        2699318,
        12256991,
        40698783,
        99200134,
        192203172,
        307516432,
        416698620,
        494637817,
        531234290,
        532955498,
        507691830,
        466058007,
        416748413,
        365098159,
        314550551,
        267310162,
        225119623,
        189242593,
        159891801,
        136287261,
        117247665
    ],
    "hit_z": [
        0,
        0,
        0,
        0,
        0,
        0,
        0,
        0,
        0,
        0,
        0,
        0,
        0,
        0,
        0,
        0,
        0,
        0,
        0,
        0,
        0,
        0,
        0,
        0,
        0,
        0
    ],
    "manifest_toml_sha256": "0bc8dd956e2d53dfc75dae382811cbae5159e33b4ab25664d941105fcfb60c81",
    "git_dirty": true,
    "experiment": "rect4x4_dt0p04_l25",
    "overlap_raw": [
        1,
        0.9704879152038246,
        0.8865172215885787,
        0.7600057376533653,
        0.6059754953171341,
        0.4382498565173808,
        0.2670938277567386,
        0.0992526843800882,
        -0.060546729910306664,
        -0.20801319296096918,
        -0.33855556207506377,
        -0.4475129319259496,
        -0.5308465088940749,
        -0.5856858973594062,
        -0.6104526382988494,
        -0.6047108958809689,
        -0.5690727152837796,
        -0.5053308689305438,
        -0.4167071498382223,
        -0.3079829928506142,
        -0.18534922977042623,
        -0.05598318362602645,
        0.0725076224134937,
        0.19265322521805903,
        0.29764779933457847,
        0.38183381770964253
    ],
    "overlap_dropped": [
        0,
        0,
        0,
        -2.9499541594381016e-9,
        4.66658119100115e-8,
        -8.662306320490043e-9,
        6.806428457486201e-8,
        1.065348837197498e-8,
        -2.8076693924612958e-8,
        9.259554342243521e-8,
        1.8089439504782455e-7,
        1.9500769454505275e-7,
        2.3500173454377156e-7,
        2.854117428667403e-7,
        1.2828015611857666e-7,
        9.961481768210918e-8,
        -1.778815156265124e-8,
        -4.343486076640452e-8,
        5.245007900897616e-8,
        -1.8737473407969263e-8,
        -2.652446980869267e-8,
        2.3183655701382955e-9,
        -4.099456772840521e-8,
        4.80747384119588e-9,
        -1.4071240811138526e-9,
        -4.323397542155254e-9
    ],
    "rule": {
        "label": "xy8_d1em09",
        "weight_period": 1,
        "family": "xy+coeff",
        "tau_z": 0,
        "c_gate": 1.0e-16,
        "tau_xyz": 0,
        "tau_xy": 8,
        "rule_hash": "add3f637cc",
        "coeff_min": 1.0e-9
    },
    "n_kept": [
        1,
        17,
        1824,
        22436,
        98131,
        351378,
        1077545,
        2885718,
        6785794,
        14439824,
        27336380,
        48622417,
        79824870,
        120519034,
        168449335,
        220219095,
        271900849,
        319189977,
        358185036,
        386990923,
        406069501,
        417511476,
        423849747,
        427205646,
        428966265,
        429906403
    ],
    "hit_xyz": [
        0,
        0,
        0,
        0,
        0,
        0,
        0,
        0,
        0,
        0,
        0,
        0,
        0,
        0,
        0,
        0,
        0,
        0,
        0,
        0,
        0,
        0,
        0,
        0,
        0,
        0
    ],
    "git_commit": "unknown",
    "n_raw": [
        1,
        17,
        6936,
        1125947,
        6798028,
        23979201,
        61652387,
        138366593,
        264012420,
        433858525,
        625820493,
        798280490,
        925741980,
        1003257072,
        1044003250,
        1061706907,
        1068528507,
        1071258046,
        1072401993,
        1072969996,
        1073239792,
        1073380673,
        1073460818,
        1073507699,
        1073541400,
        1073563831
    ],