{
    "created_at": "2026-06-30T16:13:32.798",
    "n_complete": 25,
    "drop_coeff_only": [
        0,
        0,
        498,
        33915,
        109227,
        107900,
        189152,
        208574,
        230454,
        300333,
        360910,
        357597,
        355122,
        397580,
        411944,
        425156,
        452976,
        479851,
        468195,
        464806,
        455224,
        438102,
        445846,
        439771,
        441114,
        427709
    ],
    "system": {
        "dt": 0.04,
        "P0_coeff": 1,
        "h": 3.04438,
        "P0_term_hex": "3000000",
        "name": "rect5x5_dt0p04_l25",
        "topology_repr": "[(1, 6), (1, 2), (2, 7), (2, 3), (3, 8), (3, 4), (4, 9), (4, 5), (5, 10), (6, 11), (6, 7), (7, 12), (7, 8), (8, 13), (8, 9), (9, 14), (9, 10), (10, 15), (11, 16), (11, 12), (12, 17), (12, 13), (13, 18), (13, 14), (14, 19), (14, 15), (15, 20), (16, 21), (16, 17), (17, 22), (17, 18), (18, 23), (18, 19), (19, 24), (19, 20), (20, 25), (21, 22), (22, 23), (23, 24), (24, 25)]",
        "P0_nqubits": 25,
        "n_layers": 25,
        "g": 0,
        "n_qubits": 25,
        "J": 1
    },
    "julia_version": "1.12.6",
    "n_dropped": [
        0,
        0,
        17107,
        886840,
        4733766,
        7220461,
        12563526,
        22604350,
        34759966,
        45382670,
        61185556,
        78713737,
        101594825,
        122677769,
        147617117,
        179770184,
        213011204,
        242811276,
        271936398,
        307251666,
        339130663,
        376311173,
        408535466,
        443063547,
        484046144,
        519054120
    ],
    "overlap_kept": [
        1,
        0.9704879152038246,
        0.8865172215885785,
        0.7600116370128301,
        0.6060463727429136,
        0.43862867754405915,
        0.2683673288581147,
        0.10236607640765367,
        -0.05455402291652303,
        -0.19846629792806744,
        -0.3255589965827974,
        -0.43219396744497535,
        -0.5154934484107412,
        -0.5737771951204879,
        -0.606288588424883,
        -0.6123173463715372,
        -0.5904982556266274,
        -0.539062370614155,
        -0.45709533346276326,
        -0.3460651848840316,
        -0.2107136664469062,
        -0.058830426633625074,
        0.10001651097420945,
        0.2563264944455665,
        0.4023570000400683,
        0.532854738415434
    ],
    "hit_any_weight": [
        0,
        0,
        16609,
        852925,
        4624539,
        7112561,
        12374374,
        22395776,
        34529512,
        45082337,
        60824646,
        78356140,
        101239703,
        122280189,
        147205173,
        179345028,
        212558228,
        242331425,
        271468203,
        306786860,
        338675439,
        375873071,
        408089620,
        442623776,
        483605030,
        518626411
    ],
    "drop_weight_only": [
        0,
        0,
        1412,
        22192,
        77093,
        209428,
        439764,
        794704,
        1307055,
        2016449,
        2870687,
        4023070,
        5331546,
        7099732,
        9071222,
        11408906,
        14035170,
        16788660,
        19838754,
        23303064,
        27043706,
        31041310,
        35262178,
        39885046,
        44806766,
        49523658
    ],
    "hit_coeff": [
        0,
        0,
        15695,
        864648,
        4656673,
        7011033,
        12123762,
        21809646,
        33452911,
        43366221,
        58314869,
        74690667,
        96263279,
        115578037,
        138545895,
        168361278,
        198976034,
        226022616,
        252097644,
        283948602,
        312086957,
        345269863,
        373273288,
        403178501,
        439239378,
        469530462
    ],
    "drop_coeff_and_weight": [
        0,
        0,
        15197,
        830733,
        4547446,
        6903133,
        11934610,
        21601072,
        33222457,
        43065888,
        57953959,
        74333070,
        95908157,
        115180457,
        138133951,
        167936122,
        198523058,
        225542765,
        251629449,
        283483796,
        311631733,
        344831761,
        372827442,
        402738730,
        438798264,
        469102753
    ],
    "hit_z": [
        0,
        0,
        0,
        0,
        0,
        0,
        0,
        0,
        0,
        0,
        0,
        0,
        0,
        0,
        0,
        0,
        0,
        0,
        0,
        0,
        0,
        0,
        0,
        0,
        0,
        0
    ],
    "manifest_toml_sha256": "0bc8dd956e2d53dfc75dae382811cbae5159e33b4ab25664d941105fcfb60c81",
    "git_dirty": true,
    "experiment": "rect5x5_dt0p04_l25",
    "overlap_raw": [
        1,
        0.9704879152038246,
        0.8865172215885785,
        0.7600116295322564,
        0.6060464195549154,
        0.4386287173108458,
        0.2683673726931374,
        0.10236622593787843,
        -0.05455396974855067,
        -0.19846626252435895,
        -0.3255588372662071,
        -0.4321938603957758,
        -0.5154934324439573,
        -0.5737771171928883,
        -0.6062885797227818,
        -0.6123176254363702,
        -0.5904984035594844,
        -0.5390624686354574,
        -0.45709543032502514,
        -0.34606527328533854,
        -0.2107137929048428,
        -0.05883050491912654,
        0.10001648307137274,
        0.25632638522735124,
        0.4023568505281033,
        0.5328547606862348
    ],
    "overlap_dropped": [
        0,
        0,
        0,
        -7.48057366247444e-9,
        4.681200182461411e-8,
        3.976678663962035e-8,
        4.383502267587624e-8,
        1.4953022475592567e-7,
        5.316797236502874e-8,
        3.5403708501242874e-8,
        1.5931659032893036e-7,
        1.0704919956425534e-7,
        1.5966783848211326e-8,
        7.792759959506838e-8,
        8.702101115286e-9,
        -2.790648330462044e-7,
        -1.479328570088992e-7,
        -9.802130243425877e-8,
        -9.686226185788123e-8,
        -8.84013069230394e-8,
        -1.2645793659580233e-7,
        -7.828550146178385e-8,
        -2.790283670980204e-8,
        -1.0921821522445749e-7,
        -1.4951196494876435e-7,
        2.2270800826660346e-8
    ],
    "rule": {
        "label": "xyz6_d1em09",
        "weight_period": 1,
        "family": "xyz+coeff",
        "tau_z": 0,
        "c_gate": 1.0e-16,
        "tau_xyz": 6,
        "tau_xy": 0,
        "rule_hash": "fe0fabd002",
        "coeff_min": 1.0e-9
    },
    "n_kept": [
        1,
        17,
        1256,
        10696,
        26064,
        46996,
        74290,
        113924,
        160694,
        207546,
        267826,
        332168,
        395870,
        468648,
        548964,
        636064,
        723956,
        810226,
        898310,
        978276,
        1059784,
        1141738,
        1218840,
        1304096,
        1385076,
        1461752
    ],
    "hit_xyz": [
        0,
        0,
        16609,
        852925,
        4624539,
        7112561,
        12374374,
        22395776,
        34529512,
        45082337,
        60824646,
        78356140,
        101239703,
        122280189,
        147205173,
        179345028,
        212558228,
        242331425,
        271468203,
        306786860,
        338675439,
        375873071,
        408089620,
        442623776,
        483605030,
        518626411
    ],
    "git_commit": "unknown",