{
    "created_at": "2026-06-30T16:48:31.125",
    "n_complete": 25,
    "drop_coeff_only": [
        0,
        0,
        0,
        0,
        0,
        0,
        0,
        0,
        0,
        0,
        0,
        0,
        0,
        0,
        0,
        0,
        0,
        0,
        0,
        0,
        0,
        0,
        0,
        0,
        0,
        0
    ],
    "system": {
        "dt": 0.04,
        "P0_coeff": 1,
        "h": 3.04438,
        "P0_term_hex": "3000000",
        "name": "rect5x5_dt0p04_l25",
        "topology_repr": "[(1, 6), (1, 2), (2, 7), (2, 3), (3, 8), (3, 4), (4, 9), (4, 5), (5, 10), (6, 11), (6, 7), (7, 12), (7, 8), (8, 13), (8, 9), (9, 14), (9, 10), (10, 15), (11, 16), (11, 12), (12, 17), (12, 13), (13, 18), (13, 14), (14, 19), (14, 15), (15, 20), (16, 21), (16, 17), (17, 22), (17, 18), (18, 23), (18, 19), (19, 24), (19, 20), (20, 25), (21, 22), (22, 23), (23, 24), (24, 25)]",
        "P0_nqubits": 25,
        "n_layers": 25,
        "g": 0,
        "n_qubits": 25,
        "J": 1
    },
    "julia_version": "1.12.6",
    "n_dropped": [
        0,
        5,
        2827,
        29023,
        77245,
        102946,
        120066,
        136205,
        151172,
        164279,
        177723,
        185264,
        194751,
        201410,
        211095,
        224135,
        226721,
        242729,
        251619,
        257529,
        265865,
        269975,
        272911,
        273025,
        278514,
        282541
    ],
    "overlap_kept": [
        1,
        0.9704879152038246,
        0.8865193255644533,
        0.7600511836299886,
        0.6062037007558542,
        0.43873899209517875,
        0.26736731557766247,
        0.09783968507963364,
        -0.0658075435160471,
        -0.2186092622221516,
        -0.35343260092482987,
        -0.46196033396398406,
        -0.5373090226322625,
        -0.5766935452630725,
        -0.582515569882183,
        -0.561175419690085,
        -0.5202276889146707,
        -0.4654509901162334,
        -0.39944169378384253,
        -0.3224607578661729,
        -0.23497404610127773,
        -0.14036238553464167,
        -0.04617334422938807,
        0.036914677658391674,
        0.09800438176750204,
        0.12936543849946014
    ],
    "hit_any_weight": [
        0,
        5,
        2827,
        29023,
        77245,
        102946,
        120066,
        136205,
        151172,
        164279,
        177723,
        185264,
        194751,
        201410,
        211095,
        224135,
        226721,
        242729,
        251619,
        257529,
        265865,
        269975,
        272911,
        273025,
        278514,
        282541
    ],
    "drop_weight_only": [
        0,
        5,
        2827,
        29023,
        77245,
        102946,
        120066,
        136205,
        151172,
        164279,
        177723,
        185264,
        194751,
        201410,
        211095,
        224135,
        226721,
        242729,
        251619,
        257529,
        265865,
        269975,
        272911,
        273025,
        278514,
        282541
    ],
    "hit_coeff": [
        0,
        0,
        0,
        0,
        0,
        0,
        0,
        0,
        0,
        0,
        0,
        0,
        0,
        0,
        0,
        0,
        0,
        0,
        0,
        0,
        0,
        0,
        0,
        0,
        0,
        0
    ],
    "drop_coeff_and_weight": [
        0,
        0,
        0,
        0,
        0,
        0,
        0,
        0,
        0,
        0,
        0,
        0,
        0,
        0,
        0,
        0,
        0,
        0,
        0,
        0,
        0,
        0,
        0,
        0,
        0,
        0
    ],
    "hit_z": [
        0,
        0,
        0,
        0,
        0,
        0,
        0,
        0,
        0,
        0,
        0,
        0,
        0,
        0,
        0,
        0,
        0,
        0,
        0,
        0,
        0,
        0,
        0,
        0,
        0,
        0
    ],
    "manifest_toml_sha256": "0bc8dd956e2d53dfc75dae382811cbae5159e33b4ab25664d941105fcfb60c81",
    "git_dirty": true,
    "experiment": "rect5x5_dt0p04_l25",
    "overlap_raw": [
        1,
        0.9704879152038246,
        0.8865193255644533,
        0.7600511836299886,
        0.6062037007558542,
        0.43873899209517875,
        0.26736731557766247,
        0.09783968507963364,
        -0.0658075435160471,
        -0.2186092622221516,
        -0.35343260092482987,
        -0.46196033396398406,
        -0.5373090226322625,
        -0.5766935452630725,
        -0.582515569882183,
        -0.561175419690085,
        -0.5202276889146707,
        -0.4654509901162334,
        -0.39944169378384253,
        -0.3224607578661729,
        -0.23497404610127773,
        -0.14036238553464167,
        -0.04617334422938807,
        0.036914677658391674,
        0.09800438176750204,
        0.12936543849946014
    ],
    "overlap_dropped": [
        0,
        0,
        0,
        0,
        0,
        0,
        0,
        0,
        0,
        0,
        0,
        0,
        0,
        0,
        0,
        0,
        0,
        0,
        0,
        0,
        0,
        0,
        0,
        0,
        0,
        0
    ],
    "rule": {
        "label": "xyz4_d0",
        "weight_period": 1,
        "family": "xyz",
        "tau_z": 0,
        "c_gate": 1.0e-16,
        "tau_xyz": 4,
        "tau_xy": 0,
        "rule_hash": "5cdc1d8f79",
        "coeff_min": 0
    },
    "n_kept": [
        1,
        12,
        204,
        734,
        1762,
        2906,
        3066,
        3662,
        3798,
        4085,
        4310,
        4574,
        4825,
        4923,
        5010,
        5099,
        5205,
        5305,
        5398,
        5426,
        5470,
        5518,
        5622,
        5654,
        5668,
        5686
    ],
    "hit_xyz": [
        0,
        5,
        2827,
        29023,
        77245,
        102946,
        120066,
        136205,
        151172,
        164279,
        177723,
        185264,
        194751,
        201410,
        211095,
        224135,
        226721,
        242729,
        251619,
        257529,
        265865,
        269975,
        272911,
        273025,
        278514,
        282541
    ],
    "git_commit": "unknown",
    "n_raw": [
        1,
        17,
        3031,
        29757,
        79007,
        105852,
        123132,
        139867,
        154970,
        168364,
        182033,
        189838,
        199576,
        206333,
        216105,
        229234,
        231926,
        248034,
        257017,
        262955,
        271335,
        275493,
        278533,
        278679,
        284182,
        288227
    ],
    "weight_second_moment_raw": [
        1,
        1.0014855488533987,
        1.0125745345773982,
        1.0458850901198025,
        1.1127798761336052,
        1.2177987450865166,
        1.3555272522498105,
        1.5111475847127844,
        1.6644324193585711,
        1.7956285172433488,
        1.8910736106631745,
        1.9466532307519298,
        1.9681001603131605,
        1.9682599474777447,
        1.9624149267900646,
        1.963302959626994,
        1.9774404877225877,
        2.003804273902726,
        2.0350752428001133,
        2.060803062024931,
        2.0712499509343347,
        2.0604801423738612,
        2.027594622172133,
        1.9758448526173542,
        1.9103710971265249,
        1.8359325799912196
    ],
    "hit_multiple_weight": [
        0,
        0,
        0,
        0,
        0,
        0,
        0,
        0,
        0,
        0,
        0,
        0,
        0,
        0,
        0,
        0,
        0,
        0,
        0,
        0,
        0,
        0,
        0,
        0,
        0,
        0
    ],