{
    "created_at": "2026-06-11T06:56:43.927",
    "n_complete": 25,
    "drop_coeff_only": [
        0,
        0,
        5568,
        615467,
        3786650,
        11769532,
        32773088,
        72639763,
        143280129,
        255387262,
        403893770,
        568503979,
        714615465,
        817111735,
        865199602,
        862056333,
        814820896,
        731978998,
        624991150,
        509562392,
        398282935,
        298636958,
        213548694,
        144372222,
        92822067,
        58407243
    ],
    "system": {
        "dt": 0.04,
        "P0_coeff": 1,
        "h": 3.04438,
        "P0_term_hex": "c00",
        "name": "rect4x4_dt0p04_l25",
        "topology_repr": "[(1, 5), (1, 2), (2, 6), (2, 3), (3, 7), (3, 4), (4, 8), (5, 9), (5, 6), (6, 10), (6, 7), (7, 11), (7, 8), (8, 12), (9, 13), (9, 10), (10, 14), (10, 11), (11, 15), (11, 12), (12, 16), (13, 14), (14, 15), (15, 16)]",
        "P0_nqubits": 16,
        "n_layers": 25,
        "g": 0,
        "n_qubits": 16,
        "J": 1
    },
    "julia_version": "1.12.6",
    "n_dropped": [
        0,
        0,
        5568,
        615467,
        3786650,
        11769532,
        32773088,
        72639763,
        143280129,
        255387262,
        403893770,
        568503979,
        714615465,
        817111735,
        865199602,
        862056333,
        814820896,
        731978998,
        624991150,
        509562392,
        398282935,
        298636958,
        213548694,
        144372222,
        92822067,
        58407243
    ],
    "overlap_kept": [
        1,
        0.9704879152038246,
        0.8865172215885787,
        0.760005792525193,
        0.6059753559285549,
        0.4382491692078469,
        0.26709384181387824,
        0.0992521202563054,
        -0.06054759799649666,
        -0.20801306908532638,
        -0.3385564875220234,
        -0.4475108403567485,
        -0.5308320737093314,
        -0.5856314092664681,
        -0.6103031483470612,
        -0.6043835078742916,
        -0.5684830928155682,
        -0.5044597799662088,
        -0.4157026309125376,
        -0.30725084255269064,
        -0.18558967871636536,
        -0.05812962155857506,
        0.06743673350829306,
        0.1837637014773034,
        0.28436334052094625,
        0.36399248604542145
    ],
    "hit_any_weight": [
        0,
        0,
        0,
        0,
        0,
        0,
        0,
        0,
        0,
        0,
        0,
        0,
        0,
        0,
        0,
        0,
        0,
        0,
        0,
        0,
        0,
        0,
        0,
        0,
        0,
        0
    ],
    "drop_weight_only": [
        0,
        0,
        0,
        0,
        0,
        0,
        0,
        0,
        0,
        0,
        0,
        0,
        0,
        0,
        0,
        0,
        0,
        0,
        0,
        0,
        0,
        0,
        0,
        0,
        0,
        0
    ],
    "hit_coeff": [
        0,
        0,
        5568,
        615467,
        3786650,
        11769532,
        32773088,
        72639763,
        143280129,
        255387262,
        403893770,
        568503979,
        714615465,
        817111735,
        865199602,
        862056333,
        814820896,
        731978998,
        624991150,
        509562392,
        398282935,
        298636958,
        213548694,
        144372222,
        92822067,
        58407243
    ],
    "drop_coeff_and_weight": [
        0,
        0,
        0,
        0,
        0,
        0,
        0,
        0,
        0,
        0,
        0,
        0,
        0,
        0,
        0,
        0,
        0,
        0,
        0,
        0,
        0,
        0,
        0,
        0,
        0,
        0
    ],
    "hit_z": [
        0,
        0,
        0,
        0,
        0,
        0,
        0,
        0,
        0,
        0,
        0,
        0,
        0,
        0,
        0,
        0,
        0,
        0,
        0,
        0,
        0,
        0,
        0,
        0,
        0,
        0
    ],
    "manifest_toml_sha256": "0bc8dd956e2d53dfc75dae382811cbae5159e33b4ab25664d941105fcfb60c81",
    "git_dirty": true,
    "experiment": "rect4x4_dt0p04_l25",
    "overlap_raw": [
        1,
        0.9704879152038246,
        0.8865172215885787,
        0.7600057514434938,
        0.605975439606601,
        0.4382497698063012,
        0.2670938171402631,
        0.09925243804811949,
        -0.06054696971536864,
        -0.20801289941750742,
        -0.3385553392579733,
        -0.447508907004045,
        -0.5308291452264294,
        -0.5856290855258285,
        -0.6103003500354472,
        -0.6043813789441177,
        -0.5684821106797573,
        -0.5044606609571813,
        -0.4157031645276637,
        -0.3072504710796631,
        -0.18558974960613092,
        -0.05813015643282191,
        0.06743661676309974,
        0.1837638370109144,
        0.28436311390656943,
        0.3639922955122709
    ],
    "overlap_dropped": [
        0,
        0,
        0,
        -4.108169920544728e-8,
        8.367804611018489e-8,
        6.005984542797496e-7,
        -2.46736151276995e-8,
        3.17791814087821e-7,
        6.282811280197504e-7,
        1.6966781896510652e-7,
        1.1482640500884683e-6,
        1.933352703509312e-6,
        2.928482901994361e-6,
        2.3237406395765897e-6,
        2.798311613942007e-6,
        2.128930173982376e-6,
        9.821358108740656e-7,
        -8.809909724921039e-7,
        -5.336151260858068e-7,
        3.714730275854121e-7,
        -7.088976556689345e-8,
        -5.348742468494842e-7,
        -1.1674519331182706e-7,
        1.355336110091889e-7,
        -2.2661437679439883e-7,
        -1.9053315052778492e-7
    ],
    "rule": {
        "label": "coeff_d1em08",
        "weight_period": 1,
        "family": "coeff",
        "tau_z": 0,
        "c_gate": 1.0e-16,
        "tau_xyz": 0,
        "tau_xy": 0,
        "rule_hash": "268971f835",
        "coeff_min": 1.0e-8
    },
    "n_kept": [
        1,
        17,
        1368,
        9001,
        36563,
        117236,
        345894,
        919411,
        2229160,
        5027685,
        10436990,
        20774564,
        39038308,
        68216832,
        110672782,
        167981025,
        242059341,
        335791754,
        446685029,
        563402933,
        675150538,
        774980588,
        860146099,
        929351251,
        980911777,
        1015330748
    ],
    "hit_xyz": [
        0,
        0,
        0,
        0,
        0,
        0,
        0,
        0,
        0,
        0,
        0,
        0,
        0,
        0,
        0,
        0,
        0,
        0,
        0,
        0,
        0,
        0,
        0,
        0,
        0,
        0
    ],
    "git_commit": "unknown",
    "n_raw": [
        1,
        17,
        6936,
        624468,
        3823213,
        11886768,
        33118982,
        73559174,
        145509289,
        260414947,
        414330760,
        589278543,
        753653773,
        885328567,
        975872384,
        1030037358,
        1056880237,
        1067770752,
        1071676179,
        1072965325,
        1073433473,
        1073617546,
        1073694793,
        1073723473,
        1073733844,
        1073737991
    ],