{
    "created_at": "2026-06-30T16:13:07.213",
    "n_complete": 25,
    "drop_coeff_only": [
        0,
        0,
        0,
        232,
        12,
        832,
        524,
        512,
        400,
        512,
        528,
        916,
        584,
        568,
        504,
        348,
        564,
        1160,
        808,
        612,
        488,
        440,
        396,
        420,
        416,
        684
    ],
    "system": {
        "dt": 0.04,
        "P0_coeff": 1,
        "h": 3.04438,
        "P0_term_hex": "3000000",
        "name": "rect5x5_dt0p04_l25",
        "topology_repr": "[(1, 6), (1, 2), (2, 7), (2, 3), (3, 8), (3, 4), (4, 9), (4, 5), (5, 10), (6, 11), (6, 7), (7, 12), (7, 8), (8, 13), (8, 9), (9, 14), (9, 10), (10, 15), (11, 16), (11, 12), (12, 17), (12, 13), (13, 18), (13, 14), (14, 19), (14, 15), (15, 20), (16, 21), (16, 17), (17, 22), (17, 18), (18, 23), (18, 19), (19, 24), (19, 20), (20, 25), (21, 22), (22, 23), (23, 24), (24, 25)]",
        "P0_nqubits": 25,
        "n_layers": 25,
        "g": 0,
        "n_qubits": 25,
        "J": 1
    },
    "julia_version": "1.12.6",
    "n_dropped": [
        0,
        5,
        2827,
        29255,
        29061,
        92501,
        95282,
        97101,
        98809,
        125105,
        143901,
        156745,
        156853,
        157629,
        158045,
        157889,
        172918,
        212598,
        222524,
        223721,
        225285,
        225261,
        224393,
        225857,
        227069,
        240993
    ],
    "overlap_kept": [
        1,
        0.9704879152038246,
        0.8865193255644533,
        0.7600511836299886,
        0.6062036964389267,
        0.4387389607475347,
        0.2673672928924358,
        0.09783968149803932,
        -0.06580753454963689,
        -0.2186092504993277,
        -0.3534326007154395,
        -0.46196037633054654,
        -0.5373090616648162,
        -0.5766935653072104,
        -0.582515572855739,
        -0.5611754226240556,
        -0.520227687750592,
        -0.4654509686739768,
        -0.39944162281026824,
        -0.322460679214267,
        -0.23497399627680393,
        -0.1403623822939821,
        -0.046173376730713894,
        0.03691463924364191,
        0.09800437594379775,
        0.12936549226250696
    ],
    "hit_any_weight": [
        0,
        5,
        2827,
        29023,
        29049,
        91669,
        94758,
        96589,
        98409,
        124593,
        143373,
        155829,
        156269,
        157061,
        157541,
        157541,
        172354,
        211438,
        221716,
        223109,
        224797,
        224821,
        223997,
        225437,
        226653,
        240309
    ],
    "drop_weight_only": [
        0,
        5,
        1799,
        5335,
        9133,
        14391,
        17603,
        22447,
        27813,
        32365,
        38333,
        45185,
        50325,
        57333,
        65797,
        70653,
        72525,
        73183,
        78029,
        84397,
        92465,
        95045,
        104521,
        120461,
        121753,
        127397
    ],
    "hit_coeff": [
        0,
        0,
        1028,
        23920,
        19928,
        78110,
        77679,
        74654,
        70996,
        92740,
        105568,
        111560,
        106528,
        100296,
        92248,
        87236,
        100393,
        139415,
        144495,
        139324,
        132820,
        130216,
        119872,
        105396,
        105316,
        113596
    ],
    "drop_coeff_and_weight": [
        0,
        0,
        1028,
        23688,
        19916,
        77278,
        77155,
        74142,
        70596,
        92228,
        105040,
        110644,
        105944,
        99728,
        91744,
        86888,
        99829,
        138255,
        143687,
        138712,
        132332,
        129776,
        119476,
        104976,
        104900,
        112912
    ],
    "hit_z": [
        0,
        0,
        0,
        0,
        0,
        0,
        0,
        0,
        0,
        0,
        0,
        0,
        0,
        0,
        0,
        0,
        0,
        0,
        0,
        0,
        0,
        0,
        0,
        0,
        0,
        0
    ],
    "manifest_toml_sha256": "0bc8dd956e2d53dfc75dae382811cbae5159e33b4ab25664d941105fcfb60c81",
    "git_dirty": true,
    "experiment": "rect5x5_dt0p04_l25",
    "overlap_raw": [
        1,
        0.9704879152038246,
        0.8865193255644533,
        0.7600511836299886,
        0.6062036964389267,
        0.4387389847206282,
        0.2673672928924358,
        0.09783967877319129,
        -0.06580753454963689,
        -0.21860925153523056,
        -0.35343259584907705,
        -0.46196034327963814,
        -0.5373090616648162,
        -0.57669356794799,
        -0.5825155762620159,
        -0.5611754174895238,
        -0.5202276892393476,
        -0.46545098092089987,
        -0.3994416462704153,
        -0.322460679214267,
        -0.23497399528474136,
        -0.14036237901225904,
        -0.046173376730713894,
        0.03691463924364191,
        0.09800437339891147,
        0.12936547551936114
    ],
    "overlap_dropped": [
        0,
        0,
        0,
        0,
        0,
        2.3973093501260856e-8,
        0,
        -2.7248480256240167e-9,
        0,
        -1.0359028697021048e-9,
        4.866362476849294e-9,
        3.305090840402555e-8,
        0,
        -2.6407795641733534e-9,
        -3.406276972278963e-9,
        5.134531749838503e-9,
        -1.4887555829677525e-9,
        -1.2246923104281908e-8,
        -2.346014703130515e-8,
        0,
        9.920625787899776e-10,
        3.2817230531205826e-9,
        0,
        0,
        -2.5448862852593044e-9,
        -1.6743145817256523e-8
    ],
    "rule": {
        "label": "xyz4_d1em09",
        "weight_period": 1,
        "family": "xyz+coeff",
        "tau_z": 0,
        "c_gate": 1.0e-16,
        "tau_xyz": 4,
        "tau_xy": 0,
        "rule_hash": "2e52b16d0c",
        "coeff_min": 1.0e-9
    },
    "n_kept": [
        1,
        12,
        204,
        502,
        722,
        846,
        1154,
        1250,
        1394,
        1514,
        1842,
        2006,
        2338,
        2454,
        2518,
        2674,
        2870,
        2914,
        3318,
        3514,
        3642,
        3690,
        3734,
        3726,
        3850,
        3994
    ],
    "hit_xyz": [
        0,
        5,
        2827,
        29023,
        29049,
        91669,
        94758,
        96589,
        98409,
        124593,
        143373,
        155829,
        156269,
        157061,
        157541,
        157541,
        172354,
        211438,
        221716,
        223109,
        224797,
        224821,
        223997,
        225437,
        226653,
        240309
    ],
    "git_commit": "unknown",
    "n_raw": [
        1,
        17,
        3031,
        29757,
        29783,
        93347,
        96436,
        98351,
        100203,
        126619,
        145743,
        158751,
        159191,
        160083,
        160563,
        160563,
        175788,
        215512,
        225842,
        227235,
        228927,
        228951,
        228127,
        229583,
        230919,
        244987
    ],