{
    "created_at": "2026-06-11T00:52:32.542",
    "n_complete": 25,
    "drop_coeff_only": [
        0,
        1,
        3132,
        28694,
        146230,
        448274,
        873215,
        2895961,
        4712302,
        10212793,
        19517196,
        35428056,
        52302804,
        85569269,
        115566376,
        160362088,
        219859452,
        279039973,
        360768576,
        435940481,
        499016703,
        563779170,
        629191459,
        679497637,
        729596627,
        772295831
    ],
    "system": {
        "dt": 0.04,
        "P0_coeff": 1,
        "h": 3.04438,
        "P0_term_hex": "c00",
        "name": "rect4x4_dt0p04_l25",
        "topology_repr": "[(1, 5), (1, 2), (2, 6), (2, 3), (3, 7), (3, 4), (4, 8), (5, 9), (5, 6), (6, 10), (6, 7), (7, 11), (7, 8), (8, 12), (9, 13), (9, 10), (10, 14), (10, 11), (11, 15), (11, 12), (12, 16), (13, 14), (14, 15), (15, 16)]",
        "P0_nqubits": 16,
        "n_layers": 25,
        "g": 0,
        "n_qubits": 16,
        "J": 1
    },
    "julia_version": "1.12.6",
    "n_dropped": [
        0,
        1,
        3132,
        28694,
        146230,
        448274,
        873215,
        2895961,
        4712302,
        10212793,
        19517196,
        35428056,
        52302804,
        85569269,
        115566376,
        160362088,
        219859452,
        279039973,
        360768576,
        435940481,
        499016703,
        563779170,
        629191459,
        679497637,
        729596627,
        772295831
    ],
    "overlap_kept": [
        1,
        0.9704879152038246,
        0.8865193255644536,
        0.7599969684040517,
        0.6058380517237509,
        0.438015414703902,
        0.26702790384755587,
        0.09913952909404375,
        -0.06098610021566478,
        -0.20868432073028592,
        -0.3391315921299248,
        -0.4481170600798625,
        -0.5316802990856426,
        -0.5865932457770726,
        -0.6114797136127451,
        -0.6057185277124575,
        -0.5697970999708074,
        -0.5050308633128465,
        -0.4147782514589056,
        -0.3052453395756109,
        -0.18209029421532508,
        -0.05324718207090921,
        0.0724142072970665,
        0.18821673103302736,
        0.28988975377877757,
        0.36993876729750924
    ],
    "hit_any_weight": [
        0,
        0,
        0,
        0,
        0,
        0,
        0,
        0,
        0,
        0,
        0,
        0,
        0,
        0,
        0,
        0,
        0,
        0,
        0,
        0,
        0,
        0,
        0,
        0,
        0,
        0
    ],
    "drop_weight_only": [
        0,
        0,
        0,
        0,
        0,
        0,
        0,
        0,
        0,
        0,
        0,
        0,
        0,
        0,
        0,
        0,
        0,
        0,
        0,
        0,
        0,
        0,
        0,
        0,
        0,
        0
    ],
    "hit_coeff": [
        0,
        1,
        3132,
        28694,
        146230,
        448274,
        873215,
        2895961,
        4712302,
        10212793,
        19517196,
        35428056,
        52302804,
        85569269,
        115566376,
        160362088,
        219859452,
        279039973,
        360768576,
        435940481,
        499016703,
        563779170,
        629191459,
        679497637,
        729596627,
        772295831
    ],
    "drop_coeff_and_weight": [
        0,
        0,
        0,
        0,
        0,
        0,
        0,
        0,
        0,
        0,
        0,
        0,
        0,
        0,
        0,
        0,
        0,
        0,
        0,
        0,
        0,
        0,
        0,
        0,
        0,
        0
    ],
    "hit_z": [
        0,
        0,
        0,
        0,
        0,
        0,
        0,
        0,
        0,
        0,
        0,
        0,
        0,
        0,
        0,
        0,
        0,
        0,
        0,
        0,
        0,
        0,
        0,
        0,
        0,
        0
    ],
    "manifest_toml_sha256": "0bc8dd956e2d53dfc75dae382811cbae5159e33b4ab25664d941105fcfb60c81",
    "git_dirty": true,
    "experiment": "rect4x4_dt0p04_l25",
    "overlap_raw": [
        1,
        0.9704879152038246,
        0.8865193255644536,
        0.7599969684040517,
        0.6058843758648814,
        0.4381437951797388,
        0.26703620784691484,
        0.09918302509228664,
        -0.060878533263375924,
        -0.208402456065732,
        -0.3390119357698205,
        -0.44814970644153546,
        -0.5315483842547315,
        -0.5862976551083249,
        -0.6109834123989871,
        -0.6052540275894556,
        -0.5690775531680542,
        -0.5047137792018364,
        -0.4152743956089466,
        -0.30568433747891044,
        -0.1829039999515978,
        -0.054401713444912986,
        0.0710514579389483,
        0.18768871877539506,
        0.2893663947311778,
        0.3696018630284688
    ],
    "overlap_dropped": [
        0,
        0,
        0,
        0,
        4.632414113044228e-5,
        0.0001283804758367748,
        8.303999358948385e-6,
        4.349599824289534e-5,
        0.00010756695228885822,
        0.0002818646645539347,
        0.00011965636010425031,
        -3.264636167291906e-5,
        0.00013191483091117744,
        0.00029559066874771344,
        0.000496301213757971,
        0.00046450012300195163,
        0.0007195468027531703,
        0.0003170841110101903,
        -0.000496144150040962,
        -0.0004389979032995506,
        -0.0008137057362727449,
        -0.0011545313740037753,
        -0.0013627493581181997,
        -0.000528012257632302,
        -0.0005233590475997541,
        -0.0003369042690404503
    ],
    "rule": {
        "label": "coeff_d1em05",
        "weight_period": 1,
        "family": "coeff",
        "tau_z": 0,
        "c_gate": 1.0e-16,
        "tau_xyz": 0,
        "tau_xy": 0,
        "rule_hash": "902eead889",
        "coeff_min": 1.0e-5
    },
    "n_kept": [
        1,
        16,
        139,
        450,
        1169,
        2901,
        6651,
        14415,
        28608,
        54339,
        98485,
        170675,
        294107,
        486975,
        768229,
        1140249,
        1623414,
        2258905,
        3142239,
        4330074,
        5812311,
        7545887,
        9506118,
        11755458,
        14448779,
        17725207
    ],
    "hit_xyz": [
        0,
        0,
        0,
        0,
        0,
        0,
        0,
        0,
        0,
        0,
        0,
        0,
        0,
        0,
        0,
        0,
        0,
        0,
        0,
        0,
        0,
        0,
        0,
        0,
        0,
        0
    ],
    "git_commit": "unknown",
    "n_raw": [
        1,
        17,
        3271,
        29144,
        147399,
        451175,
        879866,
        2910376,
        4740910,
        10267132,
        19615681,
        35598731,
        52596911,
        86056244,
        116334605,
        161502337,
        221482866,
        281298878,
        363910815,
        440270555,
        504829014,
        571325057,
        638697577,
        691253095,
        744045406,
        790021038
    ],
    "weight_second_moment_raw": [
        1,
        1.001485548853399,
        1.0125748370617091,
        1.045906101705094,
        1.1130212582105425,
        1.2191626774013404,
        1.360664376243912,
        1.5259214319036865,
        1.6993760264106492,
        1.8667819336631242,
        2.019668059970384,
        2.15743834831339,
        2.2866051728886507,
        2.4177368630556773,
        2.561431374418852,
        2.7248431697000157,
        2.9098756947556317,
        3.1135129434901425,
        3.3297794336838074,
        3.55239158266729,
        3.7770247826270094,
        4.002244648049384,
        4.228945333239292,
        4.4587812377741365,
        4.692495251039523,
        4.928855079864545
    ],