{
    "created_at": "2026-06-11T02:28:09.107",
    "n_complete": 25,
    "drop_coeff_only": [
        0,
        0,
        3478,
        48065,
        81429,
        164108,
        434984,
        552336,
        873606,
        1394217,
        1654238,
        2126744,
        2736485,
        3467025,
        4056414,
        4833373,
        5407518,
        5878596,
        6437212,
        6967382,
        7229682,
        7399831,
        7515095,
        7604308,
        7551330,
        7428872
    ],
    "system": {
        "dt": 0.04,
        "P0_coeff": 1,
        "h": 3.04438,
        "P0_term_hex": "c00",
        "name": "rect4x4_dt0p04_l25",
        "topology_repr": "[(1, 5), (1, 2), (2, 6), (2, 3), (3, 7), (3, 4), (4, 8), (5, 9), (5, 6), (6, 10), (6, 7), (7, 11), (7, 8), (8, 12), (9, 13), (9, 10), (10, 14), (10, 11), (11, 15), (11, 12), (12, 16), (13, 14), (14, 15), (15, 16)]",
        "P0_nqubits": 16,
        "n_layers": 25,
        "g": 0,
        "n_qubits": 16,
        "J": 1
    },
    "julia_version": "1.12.6",
    "n_dropped": [
        0,
        0,
        6550,
        144189,
        497308,
        1620981,
        4644146,
        8746082,
        16777937,
        30344393,
        48109973,
        69029770,
        104192546,
        148502546,
        191744272,
        251744591,
        309629708,
        378491620,
        442502693,
        510569229,
        571120595,
        626930186,
        678277976,
        719799866,
        762227818,
        795350159
    ],
    "overlap_kept": [
        1,
        0.9704879152038246,
        0.8865172215885787,
        0.7599937032521179,
        0.6059667087368606,
        0.438247168793854,
        0.26701643741452363,
        0.09890930978577028,
        -0.06177041136879564,
        -0.2117675680248757,
        -0.34798830588181345,
        -0.4673097466626972,
        -0.5675239398080048,
        -0.6480908425604343,
        -0.7090099776352529,
        -0.7498539564680203,
        -0.7716038286169485,
        -0.7755916116904941,
        -0.7619665084979145,
        -0.7307571977146412,
        -0.6829415689254168,
        -0.6196786461699864,
        -0.5420621780662235,
        -0.45195881534731636,
        -0.3521951757631152,
        -0.24711750708655092
    ],
    "hit_any_weight": [
        0,
        0,
        3072,
        96124,
        415879,
        1456873,
        4209162,
        8193746,
        15904331,
        28950176,
        46455735,
        66903026,
        101456061,
        145035521,
        187687858,
        246911218,
        304222190,
        372613024,
        436065481,
        503601847,
        563890913,
        619530355,
        670762881,
        712195558,
        754676488,
        787921287
    ],
    "drop_weight_only": [
        0,
        0,
        4,
        137,
        954,
        3453,
        8490,
        20046,
        41994,
        79537,
        139036,
        226312,
        349486,
        515358,
        745703,
        1041835,
        1418739,
        1878953,
        2431697,
        3065250,
        3786735,
        4600868,
        5498912,
        6484006,
        7529805,
        8623534
    ],
    "hit_coeff": [
        0,
        0,
        6546,
        144052,
        496354,
        1617528,
        4635656,
        8726036,
        16735943,
        30264856,
        47970937,
        68803458,
        103843060,
        147987188,
        190998569,
        250702756,
        308210969,
        376612667,
        440070996,
        507503979,
        567333860,
        622329318,
        672779064,
        713315860,
        754698013,
        786726625
    ],
    "drop_coeff_and_weight": [
        0,
        0,
        3068,
        95987,
        414925,
        1453420,
        4200672,
        8173700,
        15862337,
        28870639,
        46316699,
        66676714,
        101106575,
        144520163,
        186942155,
        245869383,
        302803451,
        370734071,
        433633784,
        500536597,
        560104178,
        614929487,
        665263969,
        705711552,
        747146683,
        779297753
    ],
    "hit_z": [
        0,
        0,
        0,
        0,
        0,
        0,
        0,
        0,
        0,
        0,
        0,
        0,
        0,
        0,
        0,
        0,
        0,
        0,
        0,
        0,
        0,
        0,
        0,
        0,
        0,
        0
    ],
    "manifest_toml_sha256": "0bc8dd956e2d53dfc75dae382811cbae5159e33b4ab25664d941105fcfb60c81",
    "git_dirty": true,
    "experiment": "rect4x4_dt0p04_l25",
    "overlap_raw": [
        1,
        0.9704879152038246,
        0.8865172215885787,
        0.7599993998928697,
        0.6059659829479899,
        0.43824632531284813,
        0.26701760334661856,
        0.09891518113199395,
        -0.06175182794749476,
        -0.2117256032255268,
        -0.3479032467204058,
        -0.4671659528412627,
        -0.5674198995580367,
        -0.6481244709566503,
        -0.7089426250205522,
        -0.7497964234794372,
        -0.7715410114526292,
        -0.7755705678649786,
        -0.7619350330537347,
        -0.7307096475625607,
        -0.6828475211624786,
        -0.6195851800287723,
        -0.5420350457519832,
        -0.45180990578103847,
        -0.3520043634432486,
        -0.24686329547812108
    ],
    "overlap_dropped": [
        0,
        0,
        0,
        5.696640751828397e-6,
        -7.257888707993922e-7,
        -8.434810058900858e-7,
        1.1659320949072202e-6,
        5.871346223665185e-6,
        1.8583421300875393e-5,
        4.196479934891054e-5,
        8.505916140763896e-5,
        0.00014379382143446965,
        0.00010404024996801487,
        -3.3628396216007544e-5,
        6.735261470067282e-5,
        5.7532988583130813e-5,
        6.281716431930545e-5,
        2.1043825515481228e-5,
        3.147544417977129e-5,
        4.7550152080489204e-5,
        9.40477629381964e-5,
        9.346614121409104e-5,
        2.7132314240215697e-5,
        0.0001489095662778981,
        0.00019081231986660632,
        0.00025421160842983354
    ],
    "rule": {
        "label": "xy4_d1em06",
        "weight_period": 1,
        "family": "xy+coeff",
        "tau_z": 0,
        "c_gate": 1.0e-16,
        "tau_xyz": 0,
        "tau_xy": 4,
        "rule_hash": "34da84079e",
        "coeff_min": 1.0e-6
    },
    "n_kept": [
        1,
        17,
        386,
        1200,
        2885,
        6035,
        13155,
        24145,
        41717,
        68980,
        105729,
        159947,
        230115,
        320897,
        433600,
        571185,
        732768,
        915559,
        1120851,
        1352328,
        1599563,
        1864502,
        2143859,
        2433403,
        2729934,
        3027512
    ],
    "hit_xyz": [
        0,
        0,
        0,
        0,
        0,
        0,
        0,
        0,
        0,
        0,
        0,
        0,
        0,
        0,
        0,
        0,
        0,
        0,
        0,
        0,
        0,
        0,
        0,
        0,
        0,
        0
    ],
    "git_commit": "unknown",
    "n_raw": [
        1,
        17,
        6936,
        145389,
        500193,
        1627016,
        4657301,
        8770227,
        16819654,
        30413373,
        48215702,
        69189717,
        104422661,
        148823443,
        192177872,
        252315776,
        310362476,
        379407179,
        443623544,
        511921557,
        572720158,
        628794688,
        680421835,
        722233269,
        764957752,
        798377671
    ],