{
    "created_at": "2026-06-11T03:34:41.388",
    "n_complete": 25,
    "drop_coeff_only": [
        0,
        0,
        6546,
        144052,
        496216,
        1618669,
        4631288,
        9959206,
        20223354,
        35861378,
        59331858,
        94627303,
        134496134,
        176184416,
        219498707,
        260319154,
        300829123,
        330471512,
        355173712,
        366881939,
        373327494,
        370620436,
        363938849,
        353076330,
        339022642,
        322820938
    ],
    "system": {
        "dt": 0.04,
        "P0_coeff": 1,
        "h": 3.04438,
        "P0_term_hex": "c00",
        "name": "rect4x4_dt0p04_l25",
        "topology_repr": "[(1, 5), (1, 2), (2, 6), (2, 3), (3, 7), (3, 4), (4, 8), (5, 9), (5, 6), (6, 10), (6, 7), (7, 11), (7, 8), (8, 12), (9, 13), (9, 10), (10, 14), (10, 11), (11, 15), (11, 12), (12, 16), (13, 14), (14, 15), (15, 16)]",
        "P0_nqubits": 16,
        "n_layers": 25,
        "g": 0,
        "n_qubits": 16,
        "J": 1
    },
    "julia_version": "1.12.6",
    "n_dropped": [
        0,
        0,
        6546,
        144052,
        496216,
        1619945,
        4696996,
        10576692,
        22520309,
        42426165,
        77456457,
        135231047,
        208371858,
        294042966,
        396705855,
        499952837,
        621209223,
        716555729,
        811880013,
        873185874,
        924988115,
        950307720,
        965239268,
        967214189,
        962518981,
        952414878
    ],
    "overlap_kept": [
        1,
        0.9704879152038246,
        0.8865172215885787,
        0.7599937032521179,
        0.6059668588366832,
        0.4382526268368665,
        0.2670753773291673,
        0.09923347952940421,
        -0.060578886531420344,
        -0.2080561312476702,
        -0.3386669678020495,
        -0.4476850457987289,
        -0.5310819868675161,
        -0.5859071940070038,
        -0.6105973248622221,
        -0.6049040599300283,
        -0.5692398496998861,
        -0.5054249723869839,
        -0.41681664372448474,
        -0.30810524719388316,
        -0.18549576435630888,
        -0.0562821733488884,
        0.07201119256096586,
        0.1922181765249956,
        0.2975894343848124,
        0.38216320285664207
    ],
    "hit_any_weight": [
        0,
        0,
        0,
        0,
        0,
        1276,
        65708,
        617486,
        2296955,
        6564787,
        18124599,
        40603744,
        73875724,
        117858550,
        177207148,
        239633683,
        320380100,
        386084217,
        456706301,
        506303935,
        551660621,
        579687284,
        601300419,
        614137859,
        623496339,
        629593940
    ],
    "drop_weight_only": [
        0,
        0,
        0,
        0,
        0,
        0,
        0,
        2,
        180,
        2006,
        9719,
        34399,
        96764,
        229146,
        466464,
        847247,
        1420901,
        2303323,
        3583226,
        5358383,
        7649673,
        10509961,
        14020952,
        18336033,
        23519352,
        29514637
    ],
    "hit_coeff": [
        0,
        0,
        6546,
        144052,
        496216,
        1619945,
        4696996,
        10576690,
        22520129,
        42424159,
        77446738,
        135196648,
        208275094,
        293813820,
        396239391,
        499105590,
        619788322,
        714252406,
        808296787,
        867827491,
        917338442,
        939797759,
        951218316,
        948878156,
        938999629,
        922900241
    ],
    "drop_coeff_and_weight": [
        0,
        0,
        0,
        0,
        0,
        1276,
        65708,
        617484,
        2296775,
        6562781,
        18114880,
        40569345,
        73778960,
        117629404,
        176740684,
        238786436,
        318959199,
        383780894,
        453123075,
        500945552,
        544010948,
        569177323,
        587279467,
        595801826,
        599976987,
        600079303
    ],
    "hit_z": [
        0,
        0,
        0,
        0,
        0,
        0,
        0,
        0,
        0,
        0,
        0,
        0,
        0,
        0,
        0,
        0,
        0,
        0,
        0,
        0,
        0,
        0,
        0,
        0,
        0,
        0
    ],
    "manifest_toml_sha256": "0bc8dd956e2d53dfc75dae382811cbae5159e33b4ab25664d941105fcfb60c81",
    "git_dirty": true,
    "experiment": "rect4x4_dt0p04_l25",
    "overlap_raw": [
        1,
        0.9704879152038246,
        0.8865172215885787,
        0.7599993998928697,
        0.6059661329907419,
        0.4382516558806535,
        0.2670754543673212,
        0.09923499320492779,
        -0.06052491918860291,
        -0.2080278808399463,
        -0.33860648224284645,
        -0.44759744842292704,
        -0.5309749207557952,
        -0.5858489017030403,
        -0.6106037135390422,
        -0.6049265994868553,
        -0.5692358830447972,
        -0.5053195906106491,
        -0.4168303742699884,
        -0.3080794246179971,
        -0.18543624573001163,
        -0.05623971315564477,
        0.07204267973326971,
        0.19227668904480624,
        0.29766463995069,
        0.38227713062615026
    ],
    "overlap_dropped": [
        0,
        0,
        0,
        5.696640751828397e-6,
        -7.25845941375926e-7,
        -9.70956212971839e-7,
        7.703815389038295e-8,
        1.5136755235758003e-6,
        5.3967342817435626e-5,
        2.8250407723884422e-5,
        6.048555920309465e-5,
        8.759737580188544e-5,
        0.00010706611172087777,
        5.829230396347102e-5,
        -6.3886768200733654e-6,
        -2.2539556827040472e-5,
        3.966655088808377e-6,
        0.00010538177633479322,
        -1.3730545503661328e-5,
        2.5822575886055773e-5,
        5.951862629725381e-5,
        4.246019324362876e-5,
        3.1487172303851246e-5,
        5.8512519810654107e-5,
        7.520556587759764e-5,
        0.00011392776950820827
    ],
    "rule": {
        "label": "xy8_d1em06",
        "weight_period": 1,
        "family": "xy+coeff",
        "tau_z": 0,
        "c_gate": 1.0e-16,
        "tau_xyz": 0,
        "tau_xy": 8,
        "rule_hash": "6ca9e9ecf7",
        "coeff_min": 1.0e-6
    },
    "n_kept": [
        1,
        17,
        390,
        1337,
        3977,
        10022,
        27159,
        64759,
        139463,
        282808,
        540482,
        984840,
        1757250,
        2974921,
        4721213,
        7112403,
        10349183,
        14783952,
        20749735,
        28422012,
        37761879,
        48642765,
        61017831,
        74961603,
        90564725,
        107717766
    ],
    "hit_xyz": [
        0,
        0,
        0,
        0,
        0,
        0,
        0,
        0,
        0,
        0,
        0,
        0,
        0,
        0,
        0,
        0,
        0,
        0,
        0,
        0,
        0,
        0,
        0,
        0,
        0,
        0
    ],
    "git_commit": "unknown",
    "n_raw": [
        1,
        17,
        6936,
        145389,
        500193,
        1629967,
        4724155,
        10641451,
        22659772,
        42708973,
        77996939,
        136215887,
        210129108,
        297017887,
        401427068,
        507065240,
        631558406,
        731339681,
        832629748,
        901607886,
        962749994,
        998950485,
        1026257099,
        1042175792,
        1053083706,
        1060132644
    ],