{
    "created_at": "2026-06-11T07:29:25.886",
    "n_complete": 25,
    "drop_coeff_only": [
        0,
        0,
        1379,
        54092,
        147370,
        202769,
        306353,
        337122,
        431220,
        503701,
        533788,
        556048,
        566171,
        571961,
        545677,
        534766,
        519372,
        469962,
        431126,
        387009,
        345578,
        307397,
        278334,
        249522,
        221602,
        192283
    ],
    "system": {
        "dt": 0.04,
        "P0_coeff": 1,
        "h": 3.04438,
        "P0_term_hex": "c00",
        "name": "rect4x4_dt0p04_l25",
        "topology_repr": "[(1, 5), (1, 2), (2, 6), (2, 3), (3, 7), (3, 4), (4, 8), (5, 9), (5, 6), (6, 10), (6, 7), (7, 11), (7, 8), (8, 12), (9, 13), (9, 10), (10, 14), (10, 11), (11, 15), (11, 12), (12, 16), (13, 14), (14, 15), (15, 16)]",
        "P0_nqubits": 16,
        "n_layers": 25,
        "g": 0,
        "n_qubits": 16,
        "J": 1
    },
    "julia_version": "1.12.6",
    "n_dropped": [
        0,
        0,
        5639,
        457878,
        1369999,
        2474304,
        5384111,
        7012662,
        10311943,
        15653471,
        20140025,
        24791669,
        28910181,
        35417063,
        40539296,
        46551228,
        53309592,
        57442149,
        62498274,
        66561382,
        70488805,
        74046540,
        78007358,
        81410272,
        84455505,
        87057456
    ],
    "overlap_kept": [
        1,
        0.9704879152038246,
        0.8865172215885787,
        0.760005792525193,
        0.6059762418825435,
        0.43825466159879,
        0.2671100373387212,
        0.0992796646117952,
        -0.060540038180814514,
        -0.20809950472652258,
        -0.33883386400534277,
        -0.44805956597860597,
        -0.5316818435074885,
        -0.5868449600776406,
        -0.6122363161269975,
        -0.6080359430749356,
        -0.5756360525943647,
        -0.5172307230371999,
        -0.4354751060731928,
        -0.3334775646246851,
        -0.21519935349685887,
        -0.08598843069100728,
        0.04719208180530529,
        0.17609291080492845,
        0.29200165652205423,
        0.3868074550065419
    ],
    "hit_any_weight": [
        0,
        0,
        4260,
        403786,
        1222629,
        2271535,
        5077758,
        6675540,
        9880723,
        15149770,
        19606237,
        24235621,
        28344010,
        34845102,
        39993619,
        46016462,
        52790220,
        56972187,
        62067148,
        66174373,
        70143227,
        73739143,
        77729024,
        81160750,
        84233903,
        86865173
    ],
    "drop_weight_only": [
        0,
        0,
        71,
        1839,
        13100,
        43142,
        105259,
        222279,
        387678,
        624159,
        948681,
        1395222,
        1917737,
        2592263,
        3348417,
        4181707,
        5081224,
        6060000,
        7130081,
        8290839,
        9470378,
        10662812,
        11866748,
        13117732,
        14401119,
        15764977
    ],
    "hit_coeff": [
        0,
        0,
        5568,
        456039,
        1356899,
        2431162,
        5278852,
        6790383,
        9924265,
        15029312,
        19191344,
        23396447,
        26992444,
        32824800,
        37190879,
        42369521,
        48228368,
        51382149,
        55368193,
        58270543,
        61018427,
        63383728,
        66140610,
        68292540,
        70054386,
        71292479
    ],
    "drop_coeff_and_weight": [
        0,
        0,
        4189,
        401947,
        1209529,
        2228393,
        4972499,
        6453261,
        9493045,
        14525611,
        18657556,
        22840399,
        26426273,
        32252839,
        36645202,
        41834755,
        47708996,
        50912187,
        54937067,
        57883534,
        60672849,
        63076331,
        65862276,
        68043018,
        69832784,
        71100196
    ],
    "hit_z": [
        0,
        0,
        0,
        0,
        0,
        0,
        0,
        0,
        0,
        0,
        0,
        0,
        0,
        0,
        0,
        0,
        0,
        0,
        0,
        0,
        0,
        0,
        0,
        0,
        0,
        0
    ],
    "manifest_toml_sha256": "0bc8dd956e2d53dfc75dae382811cbae5159e33b4ab25664d941105fcfb60c81",
    "git_dirty": true,
    "experiment": "rect4x4_dt0p04_l25",
    "overlap_raw": [
        1,
        0.9704879152038246,
        0.8865172215885787,
        0.760005792525193,
        0.6059762669963252,
        0.4382549845021144,
        0.26711027742035465,
        0.09927971747533255,
        -0.06053948253203986,
        -0.2080992820945377,
        -0.3388337428738985,
        -0.4480590715279134,
        -0.5316812126432705,
        -0.5868452604916116,
        -0.6122361262345,
        -0.6080358554984504,
        -0.5756363590506292,
        -0.5172310423907609,
        -0.43547527426908006,
        -0.3334776913700059,
        -0.21519939639165586,
        -0.08598830402961469,
        0.04719207678895304,
        0.1760928886558016,
        0.2920016195114404,
        0.3868074696762946
    ],
    "overlap_dropped": [
        0,
        0,
        0,
        0,
        2.5113781718039437e-8,
        3.229033244046105e-7,
        2.400816334752689e-7,
        5.286353735457484e-8,
        5.55648774652105e-7,
        2.226319848775383e-7,
        1.2113144427012407e-7,
        4.944506925666099e-7,
        6.308642180246139e-7,
        -3.0041397097179844e-7,
        1.8989249750474936e-7,
        8.757648518449646e-8,
        -3.0645626444214644e-7,
        -3.193535610729938e-7,
        -1.6819588725456177e-7,
        -1.2674532076698316e-7,
        -4.289479698272894e-8,
        1.266613925927922e-7,
        -5.01635224876145e-9,
        -2.2149126843132912e-8,
        -3.701061382734543e-8,
        1.466975270093899e-8
    ],
    "rule": {
        "label": "xyz7_d1em08",
        "weight_period": 1,
        "family": "xyz+coeff",
        "tau_z": 0,
        "c_gate": 1.0e-16,
        "tau_xyz": 7,
        "tau_xy": 0,
        "rule_hash": "ed9b93607a",
        "coeff_min": 1.0e-8
    },
    "n_kept": [
        1,
        17,
        1297,
        7096,
        19860,
        42451,
        77054,
        121024,
        176604,
        246860,
        325259,
        405417,
        498181,
        597309,
        694073,
        791336,
        886924,
        980702,
        1070423,
        1154118,
        1226974,
        1291957,
        1349630,
        1402473,
        1451270,
        1494558
    ],
    "hit_xyz": [
        0,
        0,
        4260,
        403786,
        1222629,
        2271535,
        5077758,
        6675540,
        9880723,
        15149770,
        19606237,
        24235621,
        28344010,
        34845102,
        39993619,
        46016462,
        52790220,
        56972187,
        62067148,
        66174373,
        70143227,
        73739143,
        77729024,
        81160750,
        84233903,
        86865173
    ],
    "git_commit": "unknown",
    "n_raw": [
        1,
        17,
        6936,
        464974,
        1389859,
        2516755,
        5461165,
        7133686,
        10488547,
        15900331,
        20465284,
        25197086,
        29408362,
        36014372,
        41233369,
        47342564,
        54196516,
        58422851,
        63568697,
        67715500,
        71715779,
        75338497,
        79356988,
        82812745,
        85906775,
        88552014
    ],