{
    "created_at": "2026-06-11T02:33:51.544",
    "n_complete": 25,
    "drop_coeff_only": [
        0,
        0,
        6034,
        102633,
        237456,
        555034,
        1395271,
        1995599,
        3532469,
        5900860,
        7537136,
        10126059,
        13534723,
        17444756,
        20313927,
        23020316,
        25460214,
        27614865,
        29239583,
        30599692,
        31005337,
        31115208,
        30631857,
        30099898,
        29307521,
        28426208
    ],
    "system": {
        "dt": 0.04,
        "P0_coeff": 1,
        "h": 3.04438,
        "P0_term_hex": "c00",
        "name": "rect4x4_dt0p04_l25",
        "topology_repr": "[(1, 5), (1, 2), (2, 6), (2, 3), (3, 7), (3, 4), (4, 8), (5, 9), (5, 6), (6, 10), (6, 7), (7, 11), (7, 8), (8, 12), (9, 13), (9, 10), (10, 14), (10, 11), (11, 15), (11, 12), (12, 16), (13, 14), (14, 15), (15, 16)]",
        "P0_nqubits": 16,
        "n_layers": 25,
        "g": 0,
        "n_qubits": 16,
        "J": 1
    },
    "julia_version": "1.12.6",
    "n_dropped": [
        0,
        0,
        6546,
        144053,
        496305,
        1620824,
        4702127,
        10608100,
        22466460,
        44473660,
        69502952,
        111842018,
        167063583,
        231342528,
        298224880,
        377294892,
        458928845,
        539199904,
        611396531,
        681950311,
        741533095,
        793015769,
        833690765,
        869871900,
        899060223,
        926476600
    ],
    "overlap_kept": [
        1,
        0.9704879152038246,
        0.8865172215885787,
        0.7599937032521179,
        0.6059668604941275,
        0.43825271721428877,
        0.2670769033449462,
        0.09924279597437519,
        -0.06056681934910665,
        -0.20803758612717202,
        -0.33868127150674077,
        -0.4479301088812572,
        -0.5321124888250809,
        -0.5889019346104428,
        -0.6166681590722324,
        -0.6152161244638309,
        -0.5859795537211547,
        -0.5296978221019085,
        -0.44849957635781357,
        -0.34835815809866777,
        -0.23667406831732987,
        -0.12062266364574577,
        -0.008407820995142166,
        0.09209857658385412,
        0.1756562673193785,
        0.2392374691651773
    ],
    "hit_any_weight": [
        0,
        0,
        512,
        41420,
        258849,
        1065790,
        3306856,
        8612501,
        18933991,
        38572800,
        61965816,
        101715959,
        153528860,
        213897772,
        277910953,
        354274576,
        433468631,
        511585039,
        582156948,
        651350619,
        710527758,
        761900561,
        803058908,
        839772002,
        869752702,
        898050392
    ],
    "drop_weight_only": [
        0,
        0,
        0,
        1,
        89,
        833,
        4389,
        14026,
        35063,
        78215,
        158480,
        286054,
        469734,
        738104,
        1105145,
        1610848,
        2295791,
        3173552,
        4253882,
        5536892,
        7039395,
        8784191,
        10761419,
        12951354,
        15318593,
        17843343
    ],
    "hit_coeff": [
        0,
        0,
        6546,
        144052,
        496216,
        1619991,
        4697738,
        10594074,
        22431397,
        44395445,
        69344472,
        111555964,
        166593849,
        230604424,
        297119735,
        375684044,
        456633054,
        536026352,
        607142649,
        676413419,
        734493700,
        784231578,
        822929346,
        856920546,
        883741630,
        908633257
    ],
    "drop_coeff_and_weight": [
        0,
        0,
        512,
        41419,
        258760,
        1064957,
        3302467,
        8598475,
        18898928,
        38494585,
        61807336,
        101429905,
        153059126,
        213159668,
        276805808,
        352663728,
        431172840,
        508411487,
        577903066,
        645813727,
        703488363,
        753116370,
        792297489,
        826820648,
        854434109,
        880207049
    ],
    "hit_z": [
        0,
        0,
        0,
        0,
        0,
        0,
        0,
        0,
        0,
        0,
        0,
        0,
        0,
        0,
        0,
        0,
        0,
        0,
        0,
        0,
        0,
        0,
        0,
        0,
        0,
        0
    ],
    "manifest_toml_sha256": "0bc8dd956e2d53dfc75dae382811cbae5159e33b4ab25664d941105fcfb60c81",
    "git_dirty": true,
    "experiment": "rect4x4_dt0p04_l25",
    "overlap_raw": [
        1,
        0.9704879152038246,
        0.8865172215885787,
        0.7599993998928697,
        0.6059661346481862,
        0.4382517457176668,
        0.26707694177210173,
        0.09924405197825859,
        -0.060497719334317794,
        -0.2079884300623091,
        -0.3385909631197329,
        -0.4478444220731218,
        -0.5321017236899974,
        -0.5888818167073878,
        -0.6166656494106726,
        -0.6152905459090497,
        -0.5860160106052505,
        -0.5297341117288114,
        -0.4485504833745782,
        -0.3483971743500738,
        -0.23676110469332137,
        -0.12077536698389843,
        -0.008583340661346636,
        0.09194716279578735,
        0.17552951701398317,
        0.2390140902496377
    ],
    "overlap_dropped": [
        0,
        0,
        0,
        5.696640751828397e-6,
        -7.25845941375926e-7,
        -9.714966220057795e-7,
        3.842715550409083e-8,
        1.2560038833991225e-6,
        6.910001478885386e-5,
        4.915606486290672e-5,
        9.030838700785243e-5,
        8.568680813539372e-5,
        1.0765135083478452e-5,
        2.011790305503814e-5,
        2.5096615598331436e-6,
        -7.442144521886186e-5,
        -3.645688409583098e-5,
        -3.628962690282842e-5,
        -5.0907016764613134e-5,
        -3.9016251405989147e-5,
        -8.703637599150854e-5,
        -0.00015270333815266488,
        -0.00017551966620446888,
        -0.00015141378806677122,
        -0.00012675030539533006,
        -0.00022337891553958494
    ],
    "rule": {
        "label": "xy5_d1em06",
        "weight_period": 1,
        "family": "xy+coeff",
        "tau_z": 0,
        "c_gate": 1.0e-16,
        "tau_xyz": 0,
        "tau_xy": 5,
        "rule_hash": "8d41b94b80",
        "coeff_min": 1.0e-6
    },
    "n_kept": [
        1,
        17,
        390,
        1336,
        3888,
        9143,
        22004,
        45569,
        85722,
        150631,
        246494,
        388140,
        589651,
        866028,
        1231289,
        1686555,
        2244220,
        2903239,
        3673603,
        4555343,
        5548603,
        6647718,
        7837954,
        9087547,
        10385406,
        11703571
    ],
    "hit_xyz": [
        0,
        0,
        0,
        0,
        0,
        0,
        0,
        0,
        0,
        0,
        0,
        0,
        0,
        0,
        0,
        0,
        0,
        0,
        0,
        0,
        0,
        0,
        0,
        0,
        0,
        0
    ],
    "git_commit": "unknown",
    "n_raw": [
        1,
        17,
        6936,
        145389,
        500193,
        1629967,
        4724131,
        10653669,
        22552182,
        44624291,
        69749446,
        112230158,
        167653234,
        232208556,
        299456169,
        378981447,
        461173065,
        542103143,
        615070134,
        686505654,
        747081698,
        799663487,
        841528719,
        878959447,
        909445629,
        938180171
    ],