{
    "created_at": "2026-06-30T12:58:03.193",
    "n_complete": 25,
    "drop_coeff_only": [
        0,
        0,
        240,
        2550,
        5536,
        7660,
        6168,
        6764,
        11128,
        13768,
        13476,
        11902,
        14338,
        19254,
        21910,
        19796,
        18304,
        16116,
        13952,
        16084,
        20680,
        23484,
        24004,
        21632,
        18976,
        17504
    ],
    "system": {
        "dt": 0.04,
        "P0_coeff": 1,
        "h": 3.04438,
        "P0_term_hex": "3000000",
        "name": "rect5x5_dt0p04_l25",
        "topology_repr": "[(1, 6), (1, 2), (2, 7), (2, 3), (3, 8), (3, 4), (4, 9), (4, 5), (5, 10), (6, 11), (6, 7), (7, 12), (7, 8), (8, 13), (8, 9), (9, 14), (9, 10), (10, 15), (11, 16), (11, 12), (12, 17), (12, 13), (13, 18), (13, 14), (14, 19), (14, 15), (15, 20), (16, 21), (16, 17), (17, 22), (17, 18), (18, 23), (18, 19), (19, 24), (19, 20), (20, 25), (21, 22), (22, 23), (23, 24), (24, 25)]",
        "P0_nqubits": 25,
        "n_layers": 25,
        "g": 0,
        "n_qubits": 25,
        "J": 1
    },
    "julia_version": "1.12.6",
    "n_dropped": [
        0,
        1,
        6731,
        76917,
        313621,
        643408,
        649705,
        680937,
        1221970,
        2283981,
        2476139,
        2643837,
        3068419,
        3997267,
        5479169,
        6280682,
        6970037,
        7255314,
        7496425,
        8434118,
        9238958,
        10516917,
        11891234,
        12273817,
        12607916,
        12803389
    ],
    "overlap_kept": [
        1,
        0.9704879152038246,
        0.8865193255644533,
        0.760030071087521,
        0.6060514725856,
        0.43830012981795086,
        0.266759036941096,
        0.09783996648974258,
        -0.06390895941164913,
        -0.2141609491488159,
        -0.34823201083328426,
        -0.461288731084412,
        -0.5485940774899861,
        -0.6052520840066699,
        -0.6258929908930129,
        -0.6051665920782895,
        -0.5394890051771549,
        -0.42947865489507103,
        -0.28165713759827943,
        -0.10818535299715733,
        0.07545610759798664,
        0.2536598587162637,
        0.4131709914974233,
        0.5438941305150442,
        0.6383590184304393,
        0.691038844084017
    ],
    "hit_any_weight": [
        0,
        1,
        6491,
        74367,
        308085,
        635748,
        643537,
        674173,
        1210842,
        2270213,
        2462663,
        2631935,
        3054081,
        3978013,
        5457259,
        6260886,
        6951733,
        7239198,
        7482473,
        8418034,
        9218278,
        10493433,
        11867230,
        12252185,
        12588940,
        12785885
    ],
    "drop_weight_only": [
        0,
        1,
        503,
        3233,
        7955,
        11833,
        27921,
        38863,
        64163,
        90603,
        120391,
        163477,
        200805,
        245045,
        299621,
        364239,
        430305,
        507533,
        568203,
        646911,
        721791,
        767501,
        825767,
        848923,
        867009,
        935453
    ],
    "hit_coeff": [
        0,
        0,
        6228,
        73684,
        305666,
        631575,
        621784,
        642074,
        1157807,
        2193378,
        2355748,
        2480360,
        2867614,
        3752222,
        5179548,
        5916443,
        6539732,
        6747781,
        6928222,
        7787207,
        8517167,
        9749416,
        11065467,
        11424894,
        11740907,
        11867936
    ],
    "drop_coeff_and_weight": [
        0,
        0,
        5988,
        71134,
        300130,
        623915,
        615616,
        635310,
        1146679,
        2179610,
        2342272,
        2468458,
        2853276,
        3732968,
        5157638,
        5896647,
        6521428,
        6731665,
        6914270,
        7771123,
        8496487,
        9725932,
        11041463,
        11403262,
        11721931,
        11850432
    ],
    "hit_z": [
        0,
        0,
        0,
        0,
        0,
        0,
        0,
        0,
        0,
        0,
        0,
        0,
        0,
        0,
        0,
        0,
        0,
        0,
        0,
        0,
        0,
        0,
        0,
        0,
        0,
        0
    ],
    "manifest_toml_sha256": "0bc8dd956e2d53dfc75dae382811cbae5159e33b4ab25664d941105fcfb60c81",
    "git_dirty": true,
    "experiment": "rect5x5_dt0p04_l25",
    "overlap_raw": [
        1,
        0.9704879152038246,
        0.8865193255644533,
        0.760030071087521,
        0.6060514725856,
        0.43830012981795086,
        0.2667592778294496,
        0.09784157911445553,
        -0.06390465039982114,
        -0.2141618904820291,
        -0.34823251491273083,
        -0.4612903942598993,
        -0.5485936398830294,
        -0.6052533684246548,
        -0.6258973483052498,
        -0.6051687893153676,
        -0.5394888739289356,
        -0.4294782155928117,
        -0.28165595370490054,
        -0.10818203839738669,
        0.07545553976906678,
        0.25365860656502853,
        0.41317052762768636,
        0.5438940665289312,
        0.6383574095904956,
        0.6910343625959984
    ],
    "overlap_dropped": [
        0,
        0,
        0,
        0,
        0,
        0,
        2.4088835360712446e-7,
        1.6126247129440782e-6,
        4.309011827995548e-6,
        -9.413332132188226e-7,
        -5.040794465504774e-7,
        -1.6631754873423035e-6,
        4.376069566780979e-7,
        -1.2844179849453156e-6,
        -4.357412236925509e-6,
        -2.1972370781070768e-6,
        1.312482193061076e-7,
        4.3930225934965955e-7,
        1.1838933788657737e-6,
        3.314599770645696e-6,
        -5.678289198626743e-7,
        -1.2521512351509032e-6,
        -4.638697369668816e-7,
        -6.39861129928707e-8,
        -1.60883994366141e-6,
        -4.48148801854927e-6
    ],
    "rule": {
        "label": "xyz5_d1em07",
        "weight_period": 1,
        "family": "xyz+coeff",
        "tau_z": 0,
        "c_gate": 1.0e-16,
        "tau_xyz": 5,
        "tau_xy": 0,
        "rule_hash": "d9edd07507",
        "coeff_min": 1.0e-7
    },
    "n_kept": [
        1,
        16,
        392,
        1156,
        2490,
        3666,
        5286,
        6638,
        8866,
        10986,
        13746,
        15808,
        18260,
        21180,
        25560,
        29778,
        32942,
        36474,
        40602,
        43210,
        46550,
        50706,
        54966,
        58650,
        62298,
        65366
    ],
    "hit_xyz": [
        0,
        1,
        6491,
        74367,
        308085,
        635748,
        643537,
        674173,
        1210842,
        2270213,
        2462663,
        2631935,
        3054081,
        3978013,
        5457259,
        6260886,
        6951733,
        7239198,
        7482473,
        8418034,
        9218278,
        10493433,
        11867230,
        12252185,
        12588940,
        12785885
    ],
    "git_commit": "unknown",
    "n_raw": [
        1,
        17,
        7123,
        78073,
        316111,
        647074,
        654991,
        687575,
        1230836,
        2294967,
        2489885,
        2659645,
        3086679,
        4018447,
        5504729,
        6310460,
        7002979,
        7291788,
        7537027,
        8477328,
        9285508,
        10567623,
        11946200,
        12332467,
        12670214,
        12868755
    ],