{
    "created_at": "2026-06-11T07:27:09.805",
    "n_complete": 25,
    "drop_coeff_only": [
        0,
        0,
        483,
        11170,
        30205,
        42491,
        38498,
        53526,
        59945,
        60248,
        67678,
        74267,
        71340,
        67380,
        66140,
        64190,
        61034,
        60241,
        57072,
        54083,
        48697,
        45321,
        40356,
        36740,
        33323,
        29802
    ],
    "system": {
        "dt": 0.04,
        "P0_coeff": 1,
        "h": 3.04438,
        "P0_term_hex": "c00",
        "name": "rect4x4_dt0p04_l25",
        "topology_repr": "[(1, 5), (1, 2), (2, 6), (2, 3), (3, 7), (3, 4), (4, 8), (5, 9), (5, 6), (6, 10), (6, 7), (7, 11), (7, 8), (8, 12), (9, 13), (9, 10), (10, 14), (10, 11), (11, 15), (11, 12), (12, 16), (13, 14), (14, 15), (15, 16)]",
        "P0_nqubits": 16,
        "n_layers": 25,
        "g": 0,
        "n_qubits": 16,
        "J": 1
    },
    "julia_version": "1.12.6",
    "n_dropped": [
        0,
        0,
        6093,
        141506,
        491408,
        1079967,
        1175458,
        1792342,
        2799252,
        3688836,
        4461355,
        5316861,
        6094363,
        6955442,
        8004000,
        8756160,
        9783151,
        11080735,
        11900647,
        12746992,
        13350439,
        14049682,
        14662298,
        15283098,
        15795208,
        16154895
    ],
    "overlap_kept": [
        1,
        0.9704879152038246,
        0.8865172215885787,
        0.760005792525193,
        0.6059765648109376,
        0.43825873116088476,
        0.26712824208083596,
        0.09932201632778159,
        -0.060492932518161735,
        -0.20811941241231705,
        -0.33902906258429283,
        -0.44855826331862075,
        -0.5326937504729347,
        -0.5887189458647604,
        -0.6151802638707188,
        -0.6112599348851504,
        -0.5762508758290554,
        -0.5098100105849378,
        -0.413040378946564,
        -0.28977005606674383,
        -0.14721905204412652,
        0.00442539752057498,
        0.15350485958415674,
        0.2890728036586988,
        0.40308118755776695,
        0.4916819408306705
    ],
    "hit_any_weight": [
        0,
        0,
        5610,
        130336,
        461203,
        1037476,
        1136960,
        1738816,
        2739307,
        3628588,
        4393677,
        5242594,
        6023023,
        6888062,
        7937860,
        8691970,
        9722117,
        11020494,
        11843575,
        12692909,
        13301742,
        14004361,
        14621942,
        15246358,
        15761885,
        16125093
    ],
    "drop_weight_only": [
        0,
        0,
        525,
        4017,
        13786,
        32954,
        68379,
        119600,
        182094,
        261625,
        363560,
        483021,
        615739,
        779333,
        964161,
        1172225,
        1388977,
        1598729,
        1825724,
        2093300,
        2357082,
        2633609,
        2889612,
        3159378,
        3434370,
        3702395
    ],
    "hit_coeff": [
        0,
        0,
        5568,
        137489,
        477622,
        1047013,
        1107079,
        1672742,
        2617158,
        3427211,
        4097795,
        4833840,
        5478624,
        6176109,
        7039839,
        7583935,
        8394174,
        9482006,
        10074923,
        10653692,
        10993357,
        11416073,
        11772686,
        12123720,
        12360838,
        12452500
    ],
    "drop_coeff_and_weight": [
        0,
        0,
        5085,
        126319,
        447417,
        1004522,
        1068581,
        1619216,
        2557213,
        3366963,
        4030117,
        4759573,
        5407284,
        6108729,
        6973699,
        7519745,
        8333140,
        9421765,
        10017851,
        10599609,
        10944660,
        11370752,
        11732330,
        12086980,
        12327515,
        12422698
    ],
    "hit_z": [
        0,
        0,
        0,
        0,
        0,
        0,
        0,
        0,
        0,
        0,
        0,
        0,
        0,
        0,
        0,
        0,
        0,
        0,
        0,
        0,
        0,
        0,
        0,
        0,
        0,
        0
    ],
    "manifest_toml_sha256": "0bc8dd956e2d53dfc75dae382811cbae5159e33b4ab25664d941105fcfb60c81",
    "git_dirty": true,
    "experiment": "rect4x4_dt0p04_l25",
    "overlap_raw": [
        1,
        0.9704879152038246,
        0.8865172215885787,
        0.760005792525193,
        0.6059766423112888,
        0.4382589426872591,
        0.26712840782214264,
        0.09932209366810418,
        -0.060492526539871014,
        -0.20811940840455365,
        -0.3390289596422647,
        -0.44855796161091765,
        -0.5326937267354269,
        -0.5887193474809695,
        -0.6151802269472937,
        -0.6112597833961393,
        -0.5762510463833153,
        -0.5098101502524025,
        -0.4130403520363758,
        -0.2897705358873094,
        -0.1472193535514271,
        0.004425206863998062,
        0.1535046249467294,
        0.2890727131563649,
        0.40308117492145124,
        0.49168185393978714
    ],
    "overlap_dropped": [
        0,
        0,
        0,
        0,
        7.7500351121082e-8,
        2.115263743404303e-7,
        1.6574130669173176e-7,
        7.73403225906109e-8,
        4.0597829072175024e-7,
        4.007763396793624e-9,
        1.0294202814010667e-7,
        3.0170770311391884e-7,
        2.373750774246279e-8,
        -4.016162091601178e-7,
        3.6923425135414806e-8,
        1.5148901113180119e-7,
        -1.7055425980429592e-7,
        -1.3966746465239162e-7,
        2.6910188205131032e-8,
        -4.798205655592861e-7,
        -3.0150730055961265e-7,
        -1.9065657691839328e-7,
        -2.346374273566838e-7,
        -9.050233387762914e-8,
        -1.2636315707849545e-8,
        -8.689088335652496e-8
    ],
    "rule": {
        "label": "xyz6_d1em08",
        "weight_period": 1,
        "family": "xyz+coeff",
        "tau_z": 0,
        "c_gate": 1.0e-16,
        "tau_xyz": 6,
        "tau_xy": 0,
        "rule_hash": "eaec933d28",
        "coeff_min": 1.0e-8
    },
    "n_kept": [
        1,
        17,
        843,
        3862,
        9041,
        15898,
        23722,
        32131,
        44094,
        57851,
        68819,
        81599,
        96587,
        110476,
        123914,
        137376,
        149847,
        162677,
        175239,
        187002,
        197240,
        207156,
        216524,
        224770,
        231969,
        238612
    ],
    "hit_xyz": [
        0,
        0,
        5610,
        130336,
        461203,
        1037476,
        1136960,
        1738816,
        2739307,
        3628588,
        4393677,
        5242594,
        6023023,
        6888062,
        7937860,
        8691970,
        9722117,
        11020494,
        11843575,
        12692909,
        13301742,
        14004361,
        14621942,
        15246358,
        15761885,
        16125093
    ],
    "git_commit": "unknown",
    "n_raw": [
        1,
        17,
        6936,
        145368,
        500449,
        1095865,
        1199180,
        1824473,
        2843346,
        3746687,
        4530174,
        5398460,
        6190950,
        7065918,
        8127914,
        8893536,
        9932998,
        11243412,
        12075886,
        12933994,
        13547679,
        14256838,
        14878822,
        15507868,
        16027177,
        16393507
    ],