{
    "created_at": "2026-06-11T11:36:25.720",
    "n_complete": 25,
    "drop_coeff_only": [
        0,
        0,
        4611,
        417495,
        1598045,
        4059254,
        7236606,
        11120430,
        16355691,
        20681903,
        24215224,
        26262556,
        26364751,
        24867821,
        22103044,
        18757749,
        15249922,
        11906336,
        8956351,
        6506067,
        4569115,
        3116857,
        2073220,
        1351599,
        872357,
        563757
    ],
    "system": {
        "dt": 0.04,
        "P0_coeff": 1,
        "h": 3.04438,
        "P0_term_hex": "c00",
        "name": "rect4x4_dt0p04_l25",
        "topology_repr": "[(1, 5), (1, 2), (2, 6), (2, 3), (3, 7), (3, 4), (4, 8), (5, 9), (5, 6), (6, 10), (6, 7), (7, 11), (7, 8), (8, 12), (9, 13), (9, 10), (10, 14), (10, 11), (11, 15), (11, 12), (12, 16), (13, 14), (14, 15), (15, 16)]",
        "P0_nqubits": 16,
        "n_layers": 25,
        "g": 0,
        "n_qubits": 16,
        "J": 1
    },
    "julia_version": "1.12.6",
    "n_dropped": [
        0,
        0,
        5123,
        1106451,
        6716687,
        22059023,
        50762132,
        103708004,
        183646830,
        292376849,
        421745755,
        554976509,
        678847186,
        781989753,
        862431727,
        920105745,
        956650582,
        979606869,
        993302255,
        1001941616,
        1007533844,
        1011294203,
        1013994526,
        1016042481,
        1017634056,
        1018959344
    ],
    "overlap_kept": [
        1,
        0.9704879152038246,
        0.8865172215885787,
        0.7600057406288143,
        0.6059754519899785,
        0.4382499581346496,
        0.26709483654332833,
        0.09925902549128211,
        -0.06052449850247271,
        -0.2079685491931869,
        -0.33853814012117744,
        -0.4477469656628007,
        -0.5318904612826609,
        -0.5885470878806263,
        -0.6165449270104939,
        -0.6156074553754995,
        -0.5861705692130859,
        -0.5296480641840279,
        -0.4490066131923826,
        -0.3492278667053348,
        -0.2372261566307205,
        -0.12111370233190417,
        -0.00907825230154286,
        0.09168748904293716,
        0.17565237614913926,
        0.2391379256984195
    ],
    "hit_any_weight": [
        0,
        0,
        512,
        688956,
        5118642,
        17999769,
        43525526,
        92587574,
        167291139,
        271694946,
        397530531,
        528713953,
        652482435,
        757121932,
        840328683,
        901347996,
        941400660,
        967700533,
        984345904,
        995435549,
        1002964729,
        1008177346,
        1011921306,
        1014690882,
        1016761699,
        1018395587
    ],
    "drop_weight_only": [
        0,
        0,
        11,
        2942,
        28223,
        126343,
        409360,
        1062627,
        2452695,
        5008680,
        9302310,
        15958039,
        25645216,
        38885398,
        55921376,
        76879055,
        101419727,
        128817163,
        158478634,
        189684225,
        221808463,
        254119338,
        285854801,
        316476313,
        345567908,
        372972609
    ],
    "hit_coeff": [
        0,
        0,
        5112,
        1103509,
        6688464,
        21932680,
        50352772,
        102645377,
        181194135,
        287368169,
        412443445,
        539018470,
        653201970,
        743104355,
        806510351,
        843226690,
        855230855,
        850789706,
        834823621,
        812257391,
        785725381,
        757174865,
        728139725,
        699566168,
        672066148,
        645986735
    ],
    "drop_coeff_and_weight": [
        0,
        0,
        501,
        686014,
        5090419,
        17873426,
        43116166,
        91524947,
        164838444,
        266686266,
        388228221,
        512755914,
        626837219,
        718236534,
        784407307,
        824468941,
        839980933,
        838883370,
        825867270,
        805751324,
        781156266,
        754058008,
        726066505,
        698214569,
        671193791,
        645422978
    ],
    "hit_z": [
        0,
        0,
        0,
        0,
        0,
        0,
        0,
        0,
        0,
        0,
        0,
        0,
        0,
        0,
        0,
        0,
        0,
        0,
        0,
        0,
        0,
        0,
        0,
        0,
        0,
        0
    ],
    "manifest_toml_sha256": "0bc8dd956e2d53dfc75dae382811cbae5159e33b4ab25664d941105fcfb60c81",
    "git_dirty": true,
    "experiment": "rect4x4_dt0p04_l25",
    "overlap_raw": [
        1,
        0.9704879152038246,
        0.8865172215885787,
        0.7600057376788601,
        0.6059754986561476,
        0.4382499497687146,
        0.26709489135376907,
        0.09925902773292333,
        -0.06052450837121273,
        -0.2079683884743065,
        -0.33853785229438554,
        -0.4477468080851881,
        -0.5318901894924332,
        -0.5885469454447568,
        -0.6165449958888447,
        -0.6156073964935858,
        -0.5861705894444033,
        -0.5296481236127297,
        -0.4490066933345062,
        -0.3492279288739404,
        -0.23722623445569624,
        -0.12111377848059784,
        -0.009078294197614988,
        0.09168745974649269,
        0.1756523643187329,
        0.23913791001094659
    ],
    "overlap_dropped": [
        0,
        0,
        0,
        -2.9499541594381016e-9,
        4.666616915525374e-8,
        -8.365934987700065e-9,
        5.4810440748526444e-8,
        2.24164122083625e-9,
        -9.868740022325008e-9,
        1.6071888041312382e-7,
        2.878267919183274e-7,
        1.5757761261615967e-7,
        2.717902278236034e-7,
        1.424358694155394e-7,
        -6.887835078988791e-8,
        5.888191380915683e-8,
        -2.0231317384832406e-8,
        -5.94287018210009e-8,
        -8.014212362174721e-8,
        -6.216860560986763e-8,
        -7.78249757412698e-8,
        -7.614869367253545e-8,
        -4.189607212800358e-8,
        -2.9296444472087883e-8,
        -1.1830406351826437e-8,
        -1.5687472915094177e-8
    ],
    "rule": {
        "label": "xy5_d1em09",
        "weight_period": 1,
        "family": "xy+coeff",
        "tau_z": 0,
        "c_gate": 1.0e-16,
        "tau_xyz": 0,
        "tau_xy": 5,
        "rule_hash": "d4bf35f6a1",
        "coeff_min": 1.0e-9
    },
    "n_kept": [
        1,
        17,
        1813,
        19494,
        68362,
        189051,
        442299,
        922642,
        1751171,
        3051557,
        4901177,
        7365324,
        10458196,
        14066549,
        18013601,
        22007532,
        25808905,
        29268880,
        32257627,
        34725040,
        36666227,
        38120464,
        39164776,
        39886716,
        40366070,
        40674759
    ],
    "hit_xyz": [
        0,
        0,
        0,
        0,
        0,
        0,
        0,
        0,
        0,
        0,
        0,
        0,
        0,
        0,
        0,
        0,
        0,
        0,
        0,
        0,
        0,
        0,
        0,
        0,
        0,
        0
    ],
    "git_commit": "unknown",
    "n_raw": [
        1,
        17,
        6936,
        1125945,
        6785049,
        22248074,
        51204431,
        104630646,
        185398001,
        295428406,
        426646932,
        562341833,
        689305382,
        796056302,
        880445328,
        942113277,
        982459487,
        1008875749,
        1025559882,
        1036666656,
        1044200071,
        1049414667,
        1053159302,
        1055929197,
        1058000126,
        1059634103
    ],