{
    "created_at": "2026-06-11T07:26:23.297",
    "n_complete": 25,
    "drop_coeff_only": [
        0,
        0,
        0,
        177,
        125,
        5,
        459,
        286,
        289,
        206,
        153,
        138,
        396,
        300,
        214,
        182,
        152,
        158,
        93,
        261,
        251,
        227,
        273,
        273,
        196,
        129
    ],
    "system": {
        "dt": 0.04,
        "P0_coeff": 1,
        "h": 3.04438,
        "P0_term_hex": "c00",
        "name": "rect4x4_dt0p04_l25",
        "topology_repr": "[(1, 5), (1, 2), (2, 6), (2, 3), (3, 7), (3, 4), (4, 8), (5, 9), (5, 6), (6, 10), (6, 7), (7, 11), (7, 8), (8, 12), (9, 13), (9, 10), (10, 14), (10, 11), (11, 15), (11, 12), (12, 16), (13, 14), (14, 15), (15, 16)]",
        "P0_nqubits": 16,
        "n_layers": 25,
        "g": 0,
        "n_qubits": 16,
        "J": 1
    },
    "julia_version": "1.12.6",
    "n_dropped": [
        0,
        5,
        1551,
        10719,
        10667,
        10547,
        26609,
        26596,
        26749,
        26668,
        27205,
        31608,
        38530,
        38618,
        38544,
        38512,
        38482,
        38678,
        38865,
        43735,
        45061,
        45119,
        47545,
        50389,
        50348,
        50289
    ],
    "overlap_kept": [
        1,
        0.9704879152038246,
        0.8865193255644536,
        0.7600493999657157,
        0.6061858784865017,
        0.43865214124905233,
        0.26708520645924216,
        0.0971488718413424,
        -0.0671646609776986,
        -0.22081275213767268,
        -0.3564095962190175,
        -0.46522825728489803,
        -0.5399325496524061,
        -0.5774205692717084,
        -0.5800824501978815,
        -0.5546847897594642,
        -0.509451907210292,
        -0.45093422734251576,
        -0.3823600125095805,
        -0.304310415943293,
        -0.21723415376692554,
        -0.12427624527500163,
        -0.03271311944505005,
        0.04694896782925451,
        0.10388101780333772,
        0.13044224763958023
    ],
    "hit_any_weight": [
        0,
        5,
        1551,
        10542,
        10542,
        10542,
        26150,
        26310,
        26460,
        26462,
        27052,
        31470,
        38134,
        38318,
        38330,
        38330,
        38330,
        38520,
        38772,
        43474,
        44810,
        44892,
        47272,
        50116,
        50152,
        50160
    ],
    "drop_weight_only": [
        0,
        5,
        885,
        1820,
        3122,
        4598,
        6248,
        7204,
        8675,
        9629,
        10791,
        12553,
        13383,
        15279,
        16761,
        17333,
        17773,
        19031,
        20245,
        20987,
        23154,
        22012,
        25488,
        27159,
        27921,
        29293
    ],
    "hit_coeff": [
        0,
        0,
        666,
        8899,
        7545,
        5949,
        20361,
        19392,
        18074,
        17039,
        16414,
        19055,
        25147,
        23339,
        21783,
        21179,
        20709,
        19647,
        18620,
        22748,
        21907,
        23107,
        22057,
        23230,
        22427,
        20996
    ],
    "drop_coeff_and_weight": [
        0,
        0,
        666,
        8722,
        7420,
        5944,
        19902,
        19106,
        17785,
        16833,
        16261,
        18917,
        24751,
        23039,
        21569,
        20997,
        20557,
        19489,
        18527,
        22487,
        21656,
        22880,
        21784,
        22957,
        22231,
        20867
    ],
    "hit_z": [
        0,
        0,
        0,
        0,
        0,
        0,
        0,
        0,
        0,
        0,
        0,
        0,
        0,
        0,
        0,
        0,
        0,
        0,
        0,
        0,
        0,
        0,
        0,
        0,
        0,
        0
    ],
    "manifest_toml_sha256": "0bc8dd956e2d53dfc75dae382811cbae5159e33b4ab25664d941105fcfb60c81",
    "git_dirty": true,
    "experiment": "rect4x4_dt0p04_l25",
    "overlap_raw": [
        1,
        0.9704879152038246,
        0.8865193255644536,
        0.7600493999657157,
        0.6061858784865017,
        0.43865214124905233,
        0.26708537530759785,
        0.0971489739582027,
        -0.06716455351712082,
        -0.22081275213767268,
        -0.3564095962190175,
        -0.4652282606987705,
        -0.5399325185292695,
        -0.5774205417699576,
        -0.580082434093267,
        -0.5546847897594642,
        -0.509451907210292,
        -0.4509342152664442,
        -0.3823600125095805,
        -0.304310441609523,
        -0.21723417500326508,
        -0.1242762792775563,
        -0.03271319336545345,
        0.04694884609714337,
        0.1038810204204868,
        0.13044224073339272
    ],
    "overlap_dropped": [
        0,
        0,
        0,
        0,
        0,
        0,
        1.688483556683695e-7,
        1.0211686029758656e-7,
        1.074605777862661e-7,
        0,
        0,
        -3.413872476635087e-9,
        3.1123136666569094e-8,
        2.750175073672227e-8,
        1.610461454771076e-8,
        0,
        0,
        1.2076071511586709e-8,
        0,
        -2.5666229992156124e-8,
        -2.123633954269492e-8,
        -3.400255466963523e-8,
        -7.39204033956437e-8,
        -1.217321111420576e-7,
        2.617149084604102e-9,
        -6.906187500135257e-9
    ],
    "rule": {
        "label": "xyz4_d1em08",
        "weight_period": 1,
        "family": "xyz+coeff",
        "tau_z": 0,
        "c_gate": 1.0e-16,
        "tau_xyz": 4,
        "tau_xy": 0,
        "rule_hash": "1657f531af",
        "coeff_min": 1.0e-8
    },
    "n_kept": [
        1,
        12,
        184,
        382,
        434,
        554,
        558,
        731,
        749,
        832,
        905,
        992,
        1076,
        1182,
        1268,
        1300,
        1330,
        1349,
        1416,
        1434,
        1456,
        1488,
        1548,
        1590,
        1669,
        1737
    ],
    "hit_xyz": [
        0,
        5,
        1551,
        10542,
        10542,
        10542,
        26150,
        26310,
        26460,
        26462,
        27052,
        31470,
        38134,
        38318,
        38330,
        38330,
        38330,
        38520,
        38772,
        43474,
        44810,
        44892,
        47272,
        50116,
        50152,
        50160
    ],
    "git_commit": "unknown",
    "n_raw": [
        1,
        17,
        1735,
        11101,
        11101,
        11101,
        27167,
        27327,
        27498,
        27500,
        28110,
        32600,
        39606,
        39800,
        39812,
        39812,
        39812,
        40027,
        40281,
        45169,
        46517,
        46607,
        49093,
        51979,
        52017,
        52026
    ],
    "weight_second_moment_raw": [
        1,
        1.001485548853399,
        1.0125742587540665,
        1.0458781888051405,
        1.1127263408280559,
        1.2175668190062632,
        1.3548358093793273,
        1.5095780026497847,
        1.661569297465656,
        1.7913261929953816,
        1.8857712966691285,
        1.9416197675967248,
        1.965490877104506,
        1.9709006436617391,
        1.9732904145321524,
        1.9848345644222403,
        2.0107749716466308,
        2.0484268347342547,
        2.0889973738593164,
        2.121338339674203,
        2.1360942740600253,
        2.128643548865213,
        2.099794545477766,
        2.0542110377036416,
        1.9975836793116377,
        1.9341058145963559
    ],