{
    "created_at": "2026-06-30T15:12:50.878",
    "n_complete": 22,
    "drop_coeff_only": [
        0,
        0,
        2175,
        128856,
        421716,
        639015,
        1112835,
        1336094,
        1934515,
        2579447,
        2959491,
        3458802,
        3988634,
        4528035,
        4875070,
        5309329,
        5968799,
        6151078,
        6295117,
        6741247,
        6908646,
        6914049,
        7063355,
        null,
        null,
        null
    ],
    "system": {
        "dt": 0.04,
        "P0_coeff": 1,
        "h": 3.04438,
        "P0_term_hex": "3000000",
        "name": "rect5x5_dt0p04_l25",
        "topology_repr": "[(1, 6), (1, 2), (2, 7), (2, 3), (3, 8), (3, 4), (4, 9), (4, 5), (5, 10), (6, 11), (6, 7), (7, 12), (7, 8), (8, 13), (8, 9), (9, 14), (9, 10), (10, 15), (11, 16), (11, 12), (12, 17), (12, 13), (13, 18), (13, 14), (14, 19), (14, 15), (15, 20), (16, 21), (16, 17), (17, 22), (17, 18), (18, 23), (18, 19), (19, 24), (19, 20), (20, 25), (21, 22), (22, 23), (23, 24), (24, 25)]",
        "P0_nqubits": 25,
        "n_layers": 25,
        "g": 0,
        "n_qubits": 25,
        "J": 1
    },
    "julia_version": "1.12.6",
    "n_dropped": [
        0,
        0,
        16584,
        2520909,
        8551816,
        17996160,
        50717655,
        74489702,
        121849543,
        227672953,
        330370831,
        461321189,
        598675419,
        818856140,
        1045514684,
        1316829317,
        1680903437,
        2029915133,
        2402101032,
        2819173235,
        3263714840,
        3720335408,
        4217207446,
        null,
        null,
        null
    ],
    "overlap_kept": [
        1,
        0.9704879152038246,
        0.8865172215885785,
        0.7600116423691159,
        0.6060456749444149,
        0.43862178362432985,
        0.2683415585416514,
        0.10231449048744812,
        -0.05458546188377767,
        -0.19833145189061252,
        -0.3250420514922427,
        -0.4310395928558759,
        -0.5133430202804299,
        -0.5701394719776609,
        -0.6010163797959666,
        -0.6068035838342531,
        -0.5890881242469475,
        -0.549469737552065,
        -0.4889576905043392,
        -0.40804138082252694,
        -0.307500290788911,
        -0.1895235107309912,
        -0.058492138387746695,
        null,
        null,
        null
    ],
    "hit_any_weight": [
        0,
        0,
        14409,
        2392053,
        8130100,
        17357145,
        49604820,
        73153608,
        119915028,
        225093506,
        327411340,
        457862387,
        594686785,
        814328105,
        1040639614,
        1311519988,
        1674934638,
        2023764055,
        2395805915,
        2812431988,
        3256806194,
        3713421359,
        4210144091,
        null,
        null,
        null
    ],
    "drop_weight_only": [
        0,
        0,
        110,
        3586,
        30030,
        113126,
        306012,
        721342,
        1368183,
        2425183,
        3974427,
        6343803,
        9291996,
        13498342,
        18646300,
        24741972,
        31700047,
        39905599,
        49401603,
        60242605,
        72107687,
        84992087,
        98376067,
        null,
        null,
        null
    ],
    "hit_coeff": [
        0,
        0,
        16474,
        2517323,
        8521786,
        17883034,
        50411643,
        73768360,
        120481360,
        225247770,
        326396404,
        454977386,
        589383423,
        805357798,
        1026868384,
        1292087345,
        1649203390,
        1990009534,
        2352699429,
        2758930630,
        3191607153,
        3635343321,
        4118831379,
        null,
        null,
        null
    ],
    "drop_coeff_and_weight": [
        0,
        0,
        14299,
        2388467,
        8100070,
        17244019,
        49298808,
        72432266,
        118546845,
        222668323,
        323436913,
        451518584,
        585394789,
        800829763,
        1021993314,
        1286778016,
        1643234591,
        1983858456,
        2346404312,
        2752189383,
        3184698507,
        3628429272,
        4111768024,
        null,
        null,
        null
    ],
    "hit_z": [
        0,
        0,
        0,
        0,
        0,
        0,
        0,
        0,
        0,
        0,
        0,
        0,
        0,
        0,
        0,
        0,
        0,
        0,
        0,
        0,
        0,
        0,
        0,
        null,
        null,
        null
    ],
    "manifest_toml_sha256": "0bc8dd956e2d53dfc75dae382811cbae5159e33b4ab25664d941105fcfb60c81",
    "git_dirty": true,
    "experiment": "rect5x5_dt0p04_l25",
    "overlap_raw": [
        1,
        0.9704879152038246,
        0.8865172215885785,
        0.7600116423691159,
        0.6060457692083705,
        0.43862254114935956,
        0.2683421147476469,
        0.10231469748998764,
        -0.05458354437136717,
        -0.19833085496681008,
        -0.32504151211099275,
        -0.4310379712116758,
        -0.5133398650835759,
        -0.5701402039423442,
        -0.6010151413748868,
        -0.606803325041923,
        -0.5890905715011656,
        -0.5494712675546564,
        -0.4889594475971713,
        -0.4080432141829957,
        -0.307500886515143,
        -0.18952158440171182,
        -0.058490797504008506,
        null,
        null,
        null
    ],
    "overlap_dropped": [
        0,
        0,
        0,
        0,
        9.426395568549794e-8,
        7.57525029711551e-7,
        5.56205995485801e-7,
        2.070025395271622e-7,
        1.9175124105002362e-6,
        5.969238024379256e-7,
        5.393812499315816e-7,
        1.6216442000804153e-6,
        3.155196854009296e-6,
        -7.319646833491762e-7,
        1.2384210797911692e-6,
        2.587923301136168e-7,
        -2.4472542181133614e-6,
        -1.5300025913447618e-6,
        -1.7570928321418093e-6,
        -1.8333604687520175e-6,
        -5.957262320231434e-7,
        1.9263292793764457e-6,
        1.3408837381864345e-6,
        null,
        null,
        null
    ],
    "rule": {
        "label": "xyz7_d1em08",
        "weight_period": 1,
        "family": "xyz+coeff",
        "tau_z": 0,
        "c_gate": 1.0e-16,
        "tau_xyz": 7,
        "tau_xy": 0,
        "rule_hash": "ed9b93607a",
        "coeff_min": 1.0e-8
    },
    "n_kept": [
        1,
        17,
        1779,
        11250,
        35158,
        83882,
        167820,
        286356,
        454053,
        689642,
        986259,
        1319457,
        1740193,
        2247579,
        2797038,
        3411960,
        4098520,
        4847134,
        5635734,
        6487350,
        7353722,
        8215768,
        9126836,
        null,
        null,
        null
    ],
    "hit_xyz": [
        0,
        0,
        14409,
        2392053,
        8130100,
        17357145,
        49604820,
        73153608,
        119915028,
        225093506,
        327411340,
        457862387,
        594686785,
        814328105,
        1040639614,
        1311519988,
        1674934638,
        2023764055,
        2395805915,
        2812431988,
        3256806194,
        3713421359,
        4210144091,
        null,
        null,
        null
    ],
    "git_commit": "unknown",
    "n_raw": [
        1,
        17,
        18363,
        2532159,
        8586974,
        18080042,
        50885475,
        74776058,
        122303596,
        228362595,
        331357090,
        462640646,
        600415612,
        821103719,
        1048311722,
        1320241277,
        1685001957,
        2034762267,
        2407736766,
        2825660585,
        3271068562,
        3728551176,
        4226334282,
        null,
        null,
        null
    ],