{
    "created_at": "2026-06-30T13:20:40.203",
    "n_complete": 15,
    "drop_coeff_only": [
        0,
        0,
        6616,
        274851,
        1037083,
        2240782,
        3813035,
        6049088,
        9002625,
        11864689,
        15941446,
        20754229,
        26017325,
        31327374,
        36347954,
        42438138,
        null,
        null,
        null,
        null,
        null,
        null,
        null,
        null,
        null,
        null
    ],
    "system": {
        "dt": 0.04,
        "P0_coeff": 1,
        "h": 3.04438,
        "P0_term_hex": "3000000",
        "name": "rect5x5_dt0p04_l25",
        "topology_repr": "[(1, 6), (1, 2), (2, 7), (2, 3), (3, 8), (3, 4), (4, 9), (4, 5), (5, 10), (6, 11), (6, 7), (7, 12), (7, 8), (8, 13), (8, 9), (9, 14), (9, 10), (10, 15), (11, 16), (11, 12), (12, 17), (12, 13), (13, 18), (13, 14), (14, 19), (14, 15), (15, 20), (16, 21), (16, 17), (17, 22), (17, 18), (18, 23), (18, 19), (19, 24), (19, 20), (20, 25), (21, 22), (22, 23), (23, 24), (24, 25)]",
        "P0_nqubits": 25,
        "n_layers": 25,
        "g": 0,
        "n_qubits": 25,
        "J": 1
    },
    "julia_version": "1.12.6",
    "n_dropped": [
        0,
        0,
        17445,
        1539784,
        10034563,
        30079019,
        71666439,
        140499489,
        302029648,
        502069615,
        775253162,
        1245384855,
        1940356362,
        2881387223,
        3825691734,
        5027868742,
        null,
        null,
        null,
        null,
        null,
        null,
        null,
        null,
        null,
        null
    ],
    "overlap_kept": [
        1,
        0.9704879152038246,
        0.8865172215885785,
        0.7600116407532057,
        0.6060451408970114,
        0.43860789837111336,
        0.2683041297916614,
        0.10231659578155022,
        -0.05446055263807323,
        -0.19789928991053687,
        -0.3239708246415795,
        -0.4291215044678292,
        -0.5104293006185754,
        -0.5659974414544972,
        -0.5951209579174681,
        -0.5978683382343684,
        null,
        null,
        null,
        null,
        null,
        null,
        null,
        null,
        null,
        null
    ],
    "hit_any_weight": [
        0,
        0,
        10829,
        1264933,
        8997480,
        27838237,
        67853404,
        134450401,
        293027023,
        490204926,
        759311716,
        1224630626,
        1914339037,
        2850059849,
        3789343780,
        4985430604,
        null,
        null,
        null,
        null,
        null,
        null,
        null,
        null,
        null,
        null
    ],
    "drop_weight_only": [
        0,
        0,
        0,
        4,
        788,
        12594,
        68408,
        224450,
        531726,
        1178025,
        2327174,
        4203343,
        7115965,
        11479059,
        17220197,
        24598285,
        null,
        null,
        null,
        null,
        null,
        null,
        null,
        null,
        null,
        null
    ],
    "hit_coeff": [
        0,
        0,
        17445,
        1539780,
        10033775,
        30066425,
        71598031,
        140275039,
        301497922,
        500891590,
        772925988,
        1241181512,
        1933240397,
        2869908164,
        3808471537,
        5003270457,
        null,
        null,
        null,
        null,
        null,
        null,
        null,
        null,
        null,
        null
    ],
    "drop_coeff_and_weight": [
        0,
        0,
        10829,
        1264929,
        8996692,
        27825643,
        67784996,
        134225951,
        292495297,
        489026901,
        756984542,
        1220427283,
        1907223072,
        2838580790,
        3772123583,
        4960832319,
        null,
        null,
        null,
        null,
        null,
        null,
        null,
        null,
        null,
        null
    ],
    "hit_z": [
        0,
        0,
        0,
        0,
        0,
        0,
        0,
        0,
        0,
        0,
        0,
        0,
        0,
        0,
        0,
        0,
        null,
        null,
        null,
        null,
        null,
        null,
        null,
        null,
        null,
        null
    ],
    "manifest_toml_sha256": "0bc8dd956e2d53dfc75dae382811cbae5159e33b4ab25664d941105fcfb60c81",
    "git_dirty": true,
    "experiment": "rect5x5_dt0p04_l25",
    "overlap_raw": [
        1,
        0.9704879152038246,
        0.8865172215885785,
        0.7600115730297203,
        0.6060462424868471,
        0.4386110345797936,
        0.2683225830117389,
        0.10231715961356895,
        -0.054451591639818546,
        -0.1978638067588752,
        -0.32394025796488635,
        -0.42909562361704273,
        -0.5103729069430218,
        -0.5659315903340529,
        -0.5951063306848984,
        -0.5978354927209037,
        null,
        null,
        null,
        null,
        null,
        null,
        null,
        null,
        null,
        null
    ],
    "overlap_dropped": [
        0,
        0,
        0,
        -6.772348534780471e-8,
        1.1015898356841543e-6,
        3.1362086802652216e-6,
        1.8453220077496867e-5,
        5.638320187212843e-7,
        8.960998254685691e-6,
        3.548315166169347e-5,
        3.056667669313794e-5,
        2.588085078647323e-5,
        5.6393675553591834e-5,
        6.585112044416243e-5,
        1.4627232569746502e-5,
        3.284551346463665e-5,
        null,
        null,
        null,
        null,
        null,
        null,
        null,
        null,
        null,
        null
    ],
    "rule": {
        "label": "xyz8_d1em07",
        "weight_period": 1,
        "family": "xyz+coeff",
        "tau_z": 0,
        "c_gate": 1.0e-16,
        "tau_xyz": 8,
        "tau_xy": 0,
        "rule_hash": "00e4fb7ccf",
        "coeff_min": 1.0e-7
    },
    "n_kept": [
        1,
        17,
        918,
        5074,
        19894,
        59744,
        146874,
        315708,
        597696,
        1020392,
        1631789,
        2512323,
        3712425,
        5246545,
        7080684,
        9341184,
        null,
        null,
        null,
        null,
        null,
        null,
        null,
        null,
        null,
        null
    ],
    "hit_xyz": [
        0,
        0,
        10829,
        1264933,
        8997480,
        27838237,
        67853404,
        134450401,
        293027023,
        490204926,
        759311716,
        1224630626,
        1914339037,
        2850059849,
        3789343780,
        4985430604,
        null,
        null,
        null,
        null,
        null,
        null,
        null,
        null,
        null,
        null
    ],
    "git_commit": "unknown",
    "n_raw": [
        1,
        17,
        18363,
        1544858,
        10054457,
        30138763,
        71813313,
        140815197,
        302627344,
        503090007,
        776884951,
        1247897178,
        1944068787,
        2886633768,
        3832772418,
        5037209926,
        null,
        null,
        null,
        null,
        null,
        null,
        null,
        null,
        null,
        null
    ],
    "weight_second_moment_raw": [
        1,
        1.0014855488533987,
        1.0125751141247017,
        1.0459133068332618,
        1.1130814275801593,
        1.2194554757303817,
        1.3616808338127737,
        1.5287052399862158,
        1.7057521219846237,
        1.8794515556798277,
        2.042041185763059,
        2.193130415180264,
        2.3386334737970924,
        2.4875913593184253,
        2.6482763463711954,
        2.825038420383208,
        null,
        null,
        null,
        null,
        null,
        null,
        null,
        null,
        null,
        null
    ],