{
    "created_at": "2026-06-11T00:51:27.661",
    "n_complete": 25,
    "drop_coeff_only": [
        0,
        0,
        134,
        118,
        8,
        518,
        356,
        296,
        272,
        252,
        236,
        360,
        952,
        852,
        640,
        572,
        656,
        624,
        520,
        460,
        436,
        688,
        1152,
        1044,
        992,
        796
    ],
    "system": {
        "dt": 0.04,
        "P0_coeff": 1,
        "h": 3.04438,
        "P0_term_hex": "3000000",
        "name": "rect5x5_dt0p04_l25",
        "topology_repr": "[(1, 6), (1, 2), (2, 7), (2, 3), (3, 8), (3, 4), (4, 9), (4, 5), (5, 10), (6, 11), (6, 7), (7, 12), (7, 8), (8, 13), (8, 9), (9, 14), (9, 10), (10, 15), (11, 16), (11, 12), (12, 17), (12, 13), (13, 18), (13, 14), (14, 19), (14, 15), (15, 20), (16, 21), (16, 17), (17, 22), (17, 18), (18, 23), (18, 19), (19, 24), (19, 20), (20, 25), (21, 22), (22, 23), (23, 24), (24, 25)]",
        "P0_nqubits": 25,
        "n_layers": 25,
        "g": 0,
        "n_qubits": 25,
        "J": 1
    },
    "julia_version": "1.12.6",
    "n_dropped": [
        0,
        5,
        2961,
        5485,
        5375,
        29567,
        29405,
        29345,
        29321,
        29301,
        29285,
        64817,
        98477,
        98393,
        98181,
        98113,
        98565,
        98533,
        99165,
        99105,
        101929,
        144337,
        155713,
        155605,
        156145,
        156957
    ],
    "overlap_kept": [
        1,
        0.9704879152038246,
        0.8865193255644533,
        0.7600469751276849,
        0.60616007403138,
        0.4385316347483472,
        0.2672170760607286,
        0.09779124274375874,
        -0.06579740449664123,
        -0.2186108097846715,
        -0.35358591938220574,
        -0.46212010489837124,
        -0.5372662421848953,
        -0.5762456402597349,
        -0.5820064806163492,
        -0.5608364179538293,
        -0.5202208178972485,
        -0.46584011561994426,
        -0.40005658441830033,
        -0.3229706625723532,
        -0.23509147885912435,
        -0.13997748190032847,
        -0.04543153890384923,
        0.03762625854717912,
        0.098220262533011,
        0.1291335224688964
    ],
    "hit_any_weight": [
        0,
        5,
        2827,
        5367,
        5367,
        29049,
        29049,
        29049,
        29049,
        29049,
        29049,
        64457,
        97525,
        97541,
        97541,
        97541,
        97909,
        97909,
        98645,
        98645,
        101493,
        143649,
        154561,
        154561,
        155153,
        156161
    ],
    "drop_weight_only": [
        0,
        4,
        65,
        265,
        605,
        751,
        1231,
        1851,
        2561,
        3377,
        4069,
        5097,
        6365,
        6509,
        7357,
        7529,
        8197,
        8309,
        7609,
        8495,
        9637,
        9449,
        10517,
        11529,
        11951,
        14475
    ],
    "hit_coeff": [
        0,
        1,
        2896,
        5220,
        4770,
        28816,
        28174,
        27494,
        26760,
        25924,
        25216,
        59720,
        92112,
        91884,
        90824,
        90584,
        90368,
        90224,
        91556,
        90610,
        92292,
        134888,
        145196,
        144076,
        144194,
        142482
    ],
    "drop_coeff_and_weight": [
        0,
        1,
        2762,
        5102,
        4762,
        28298,
        27818,
        27198,
        26488,
        25672,
        24980,
        59360,
        91160,
        91032,
        90184,
        90012,
        89712,
        89600,
        91036,
        90150,
        91856,
        134200,
        144044,
        143032,
        143202,
        141686
    ],
    "hit_z": [
        0,
        0,
        0,
        0,
        0,
        0,
        0,
        0,
        0,
        0,
        0,
        0,
        0,
        0,
        0,
        0,
        0,
        0,
        0,
        0,
        0,
        0,
        0,
        0,
        0,
        0
    ],
    "manifest_toml_sha256": "0bc8dd956e2d53dfc75dae382811cbae5159e33b4ab25664d941105fcfb60c81",
    "git_dirty": true,
    "experiment": "rect5x5_dt0p04_l25",
    "overlap_raw": [
        1,
        0.9704879152038246,
        0.8865193255644533,
        0.7600469751276849,
        0.60616007403138,
        0.4386776077536964,
        0.2672170760607286,
        0.09779124274375874,
        -0.06579740449664123,
        -0.2186108097846715,
        -0.3534921610313889,
        -0.46213039058352146,
        -0.5373595630451309,
        -0.5764895499735647,
        -0.5820064806163492,
        -0.5608364179538293,
        -0.5202081630707754,
        -0.4658021511397866,
        -0.40005658441830033,
        -0.3229706625723532,
        -0.2351347130964032,
        -0.14007619803967794,
        -0.04554045519973391,
        0.03767678168376114,
        0.09858061213812985,
        0.12964594282418762
    ],
    "overlap_dropped": [
        0,
        0,
        0,
        0,
        0,
        0.0001459730053491972,
        0,
        0,
        0,
        0,
        9.375835081684184e-5,
        -1.0285685150223978e-5,
        -9.332086023560704e-5,
        -0.00024390971382986845,
        0,
        0,
        1.2654826473019431e-5,
        3.7964480157659046e-5,
        0,
        0,
        -4.3234237278831105e-5,
        -9.871613934948168e-5,
        -0.00010891629588467498,
        5.052313658202236e-5,
        0.0003603496051188602,
        0.0005124203552912255
    ],
    "rule": {
        "label": "xyz4_d1em05",
        "weight_period": 1,
        "family": "xyz+coeff",
        "tau_z": 0,
        "c_gate": 1.0e-16,
        "tau_xyz": 4,
        "tau_xy": 0,
        "rule_hash": "71c2fe2289",
        "coeff_min": 1.0e-5
    },
    "n_kept": [
        1,
        12,
        70,
        106,
        216,
        216,
        378,
        438,
        462,
        482,
        498,
        678,
        722,
        826,
        1038,
        1106,
        1106,
        1138,
        1274,
        1334,
        1502,
        1606,
        1734,
        1842,
        1962,
        2174
    ],
    "hit_xyz": [
        0,
        5,
        2827,
        5367,
        5367,
        29049,
        29049,
        29049,
        29049,
        29049,
        29049,
        64457,
        97525,
        97541,
        97541,
        97541,
        97909,
        97909,
        98645,
        98645,
        101493,
        143649,
        154561,
        154561,
        155153,
        156161
    ],
    "git_commit": "unknown",
    "n_raw": [
        1,
        17,
        3031,
        5591,
        5591,
        29783,
        29783,
        29783,
        29783,
        29783,
        29783,
        65495,
        99199,
        99219,
        99219,
        99219,
        99671,
        99671,
        100439,
        100439,
        103431,
        145943,
        157447,
        157447,
        158107,
        159131
    ],
    "weight_second_moment_raw": [
        1,
        1.0014855488533987,
        1.0125745345773982,
        1.045885098901672,
        1.1127799185065577,
        1.2177988229198726,
        1.3555273486522135,
        1.5111478106202967,
        1.6644331045003322,
        1.7956300350882102,
        1.8910759432988238,
        1.9466556994347648,
        1.968101892543214,
        1.968260373552369,
        1.9624140744913203,
        1.9633011712630004,
        1.9774378925917426,
        2.0038007389898174,
        2.035070720794175,
        2.0607977452647326,
        2.071243776176592,
        2.0604722897816137,
        2.0275837608939393,
        1.975830285950775,
        1.910353827594774,
        1.8359151935472318
    ],