{
    "created_at": "2026-06-11T00:52:59.272",
    "n_complete": 25,
    "drop_coeff_only": [
        0,
        1,
        1262,
        8828,
        22187,
        22910,
        34244,
        48594,
        64292,
        98327,
        112775,
        117318,
        135808,
        189162,
        213136,
        212808,
        230816,
        273746,
        305276,
        320004,
        354396,
        384870,
        387354,
        386116,
        395980,
        429542
    ],
    "system": {
        "dt": 0.04,
        "P0_coeff": 1,
        "h": 3.04438,
        "P0_term_hex": "3000000",
        "name": "rect5x5_dt0p04_l25",
        "topology_repr": "[(1, 6), (1, 2), (2, 7), (2, 3), (3, 8), (3, 4), (4, 9), (4, 5), (5, 10), (6, 11), (6, 7), (7, 12), (7, 8), (8, 13), (8, 9), (9, 14), (9, 10), (10, 15), (11, 16), (11, 12), (12, 17), (12, 13), (13, 18), (13, 14), (14, 19), (14, 15), (15, 20), (16, 21), (16, 17), (17, 22), (17, 18), (18, 23), (18, 19), (19, 24), (19, 20), (20, 25), (21, 22), (22, 23), (23, 24), (24, 25)]",
        "P0_nqubits": 25,
        "n_layers": 25,
        "g": 0,
        "n_qubits": 25,
        "J": 1
    },
    "julia_version": "1.12.6",
    "n_dropped": [
        0,
        1,
        6972,
        84022,
        441369,
        630108,
        1068462,
        1815299,
        2910505,
        5496144,
        6794202,
        8109033,
        9278677,
        17732793,
        23801026,
        27135176,
        30946667,
        38049006,
        46593787,
        53703332,
        62835116,
        73599679,
        84348201,
        92988250,
        104945082,
        118535180
    ],
    "overlap_kept": [
        1,
        0.9704879152038246,
        0.8865193255644533,
        0.759998044965583,
        0.6058511296831214,
        0.4383097219776086,
        0.2682567136996925,
        0.1021313422792577,
        -0.05531560600602504,
        -0.19909456068427506,
        -0.3256362643700803,
        -0.432170208222482,
        -0.5162786598490791,
        -0.5752532385210534,
        -0.6072777953418196,
        -0.6118158797226291,
        -0.5890588230611361,
        -0.5385389659500542,
        -0.4557276105205813,
        -0.33997646816924015,
        -0.20204911652894456,
        -0.05489639457009723,
        0.09749683900823153,
        0.25273431220986536,
        0.4050167222993619,
        0.5433173009607962
    ],
    "hit_any_weight": [
        0,
        0,
        5710,
        75194,
        419182,
        607198,
        1034218,
        1766705,
        2846213,
        5397817,
        6681427,
        7991715,
        9142869,
        17543631,
        23587890,
        26922368,
        30715851,
        37775260,
        46288511,
        53383328,
        62480720,
        73214809,
        83960847,
        92602134,
        104549102,
        118105638
    ],
    "drop_weight_only": [
        0,
        0,
        0,
        12,
        268,
        1066,
        3958,
        7314,
        13696,
        22476,
        36562,
        54734,
        76122,
        106398,
        144228,
        185630,
        229558,
        278876,
        328630,
        388226,
        444650,
        501010,
        556696,
        603916,
        637518,
        696910
    ],
    "hit_coeff": [
        0,
        1,
        6972,
        84010,
        441101,
        629042,
        1064504,
        1807985,
        2896809,
        5473668,
        6757640,
        8054299,
        9202555,
        17626395,
        23656798,
        26949546,
        30717109,
        37770130,
        46265157,
        53315106,
        62390466,
        73098669,
        83791505,
        92384334,
        104307564,
        117838270
    ],
    "drop_coeff_and_weight": [
        0,
        0,
        5710,
        75182,
        418914,
        606132,
        1030260,
        1759391,
        2832517,
        5375341,
        6644865,
        7936981,
        9066747,
        17437233,
        23443662,
        26736738,
        30486293,
        37496384,
        45959881,
        52995102,
        62036070,
        72713799,
        83404151,
        91998218,
        103911584,
        117408728
    ],
    "hit_z": [
        0,
        0,
        0,
        0,
        0,
        0,
        0,
        0,
        0,
        0,
        0,
        0,
        0,
        0,
        0,
        0,
        0,
        0,
        0,
        0,
        0,
        0,
        0,
        0,
        0,
        0
    ],
    "manifest_toml_sha256": "0bc8dd956e2d53dfc75dae382811cbae5159e33b4ab25664d941105fcfb60c81",
    "git_dirty": true,
    "experiment": "rect5x5_dt0p04_l25",
    "overlap_raw": [
        1,
        0.9704879152038246,
        0.8865193255644533,
        0.759998044965583,
        0.6059204989526877,
        0.43847787534013966,
        0.2682898642252561,
        0.10224525636639682,
        -0.05502914748079178,
        -0.19889181429446226,
        -0.3255407845338433,
        -0.4324591958465761,
        -0.5165705133290167,
        -0.5752715797801554,
        -0.6069560986582571,
        -0.6115615270128635,
        -0.5897017015350007,
        -0.5392804984891169,
        -0.45624272457931314,
        -0.34081778708340915,
        -0.20271586758580834,
        -0.05596012261354435,
        0.09518166915559652,
        0.25045030786970557,
        0.40356482290921997,
        0.5425976785274929
    ],
    "overlap_dropped": [
        0,
        0,
        0,
        0,
        6.936926956640019e-5,
        0.0001681533625310433,
        3.3150525563570196e-5,
        0.00011391408713912843,
        0.0002864585252332584,
        0.00020274638981280732,
        9.54798362370412e-5,
        -0.00028898762409414587,
        -0.0002918534799376256,
        -1.834125910199514e-5,
        0.00032169668356256403,
        0.0002543527097656142,
        -0.000642878473864598,
        -0.0007415325390626094,
        -0.0005151140587318266,
        -0.0008413189141690086,
        -0.0006667510568637802,
        -0.0010637280434471201,
        -0.002315169852635016,
        -0.0022840043401597793,
        -0.0014518993901419743,
        -0.0007196224333033508
    ],
    "rule": {
        "label": "xyz6_d1em05",
        "weight_period": 1,
        "family": "xyz+coeff",
        "tau_z": 0,
        "c_gate": 1.0e-16,
        "tau_xyz": 6,
        "tau_xy": 0,
        "rule_hash": "f115d8fc83",
        "coeff_min": 1.0e-5
    },
    "n_kept": [
        1,
        16,
        151,
        518,
        1239,
        2852,
        4594,
        7404,
        11696,
        16849,
        24021,
        30866,
        39088,
        50446,
        64396,
        79950,
        98150,
        117088,
        137520,
        162790,
        189020,
        214626,
        240578,
        265352,
        295924,
        329574
    ],
    "hit_xyz": [
        0,
        0,
        5710,
        75194,
        419182,
        607198,
        1034218,
        1766705,
        2846213,
        5397817,
        6681427,
        7991715,
        9142869,
        17543631,
        23587890,
        26922368,
        30715851,
        37775260,
        46288511,
        53383328,
        62480720,
        73214809,
        83960847,
        92602134,
        104549102,
        118105638
    ],
    "git_commit": "unknown",
    "n_raw": [
        1,
        17,
        7123,
        84540,
        442608,
        632960,
        1073056,
        1822703,
        2922201,
        5512993,
        6818223,
        8139899,
        9317765,
        17783239,
        23865422,
        27215126,
        31044817,
        38166094,
        46731307,
        53866122,
        63024136,
        73814305,
        84588779,
        93253602,
        105241006,
        118864754
    ],