{
    "created_at": "2026-06-30T16:17:07.397",
    "n_complete": 19,
    "drop_coeff_only": [
        0,
        0,
        1926,
        142341,
        504137,
        1079289,
        1342484,
        1981299,
        2638883,
        3031519,
        3708949,
        4374785,
        4754157,
        5210588,
        5799249,
        6094787,
        6369976,
        6739323,
        6742270,
        6791663,
        null,
        null,
        null,
        null,
        null,
        null
    ],
    "system": {
        "dt": 0.04,
        "P0_coeff": 1,
        "h": 3.04438,
        "P0_term_hex": "3000000",
        "name": "rect5x5_dt0p04_l25",
        "topology_repr": "[(1, 6), (1, 2), (2, 7), (2, 3), (3, 8), (3, 4), (4, 9), (4, 5), (5, 10), (6, 11), (6, 7), (7, 12), (7, 8), (8, 13), (8, 9), (9, 14), (9, 10), (10, 15), (11, 16), (11, 12), (12, 17), (12, 13), (13, 18), (13, 14), (14, 19), (14, 15), (15, 20), (16, 21), (16, 17), (17, 22), (17, 18), (18, 23), (18, 19), (19, 24), (19, 20), (20, 25), (21, 22), (22, 23), (23, 24), (24, 25)]",
        "P0_nqubits": 25,
        "n_layers": 25,
        "g": 0,
        "n_qubits": 25,
        "J": 1
    },
    "julia_version": "1.12.6",
    "n_dropped": [
        0,
        0,
        16335,
        2590739,
        11251733,
        38372802,
        66621766,
        114160394,
        215659000,
        336238108,
        469265188,
        655329285,
        904864427,
        1191508986,
        1515934794,
        1904616561,
        2299563279,
        2749108784,
        3223800504,
        3717689068,
        null,
        null,
        null,
        null,
        null,
        null
    ],
    "overlap_kept": [
        1,
        0.9704879152038246,
        0.8865172215885785,
        0.7600116370128301,
        0.6060458414015257,
        0.43862279572452456,
        0.26834242056664087,
        0.10231517736477952,
        -0.05458303513796288,
        -0.19833010842792828,
        -0.32504071515993943,
        -0.43103555733760596,
        -0.5133361200317765,
        -0.5701374063481325,
        -0.6010163893927347,
        -0.6068045420158424,
        -0.5890907503710555,
        -0.5494727775561644,
        -0.4889622372827405,
        -0.40804385286187317,
        null,
        null,
        null,
        null,
        null,
        null
    ],
    "hit_any_weight": [
        0,
        0,
        14409,
        2448398,
        10747596,
        37293513,
        65279282,
        112179095,
        213020117,
        333206589,
        465556239,
        650954500,
        900110270,
        1186298398,
        1510135545,
        1898521774,
        2293193303,
        2742369461,
        3217058234,
        3710897405,
        null,
        null,
        null,
        null,
        null,
        null
    ],
    "drop_weight_only": [
        0,
        0,
        640,
        17500,
        108262,
        366710,
        969614,
        2134703,
        3898724,
        6741534,
        10959237,
        16861944,
        24689286,
        34497184,
        47295473,
        62052783,
        78972695,
        98467043,
        120941187,
        146765073,
        null,
        null,
        null,
        null,
        null,
        null
    ],
    "hit_coeff": [
        0,
        0,
        15695,
        2573239,
        11143471,
        38006092,
        65652152,
        112025691,
        211760276,
        329496574,
        458305951,
        638467341,
        880175141,
        1157011802,
        1468639321,
        1842563778,
        2220590584,
        2650641741,
        3102859317,
        3570923995,
        null,
        null,
        null,
        null,
        null,
        null
    ],
    "drop_coeff_and_weight": [
        0,
        0,
        13769,
        2430898,
        10639334,
        36926803,
        64309668,
        110044392,
        209121393,
        326465055,
        454597002,
        634092556,
        875420984,
        1151801214,
        1462840072,
        1836468991,
        2214220608,
        2643902418,
        3096117047,
        3564132332,
        null,
        null,
        null,
        null,
        null,
        null
    ],
    "hit_z": [
        0,
        0,
        0,
        0,
        0,
        0,
        0,
        0,
        0,
        0,
        0,
        0,
        0,
        0,
        0,
        0,
        0,
        0,
        0,
        0,
        null,
        null,
        null,
        null,
        null,
        null
    ],
    "manifest_toml_sha256": "0bc8dd956e2d53dfc75dae382811cbae5159e33b4ab25664d941105fcfb60c81",
    "git_dirty": true,
    "experiment": "rect5x5_dt0p04_l25",
    "overlap_raw": [
        1,
        0.9704879152038246,
        0.8865172215885785,
        0.7600116295322564,
        0.6060458906312076,
        0.4386228399243213,
        0.2683424947317141,
        0.10231521391746509,
        -0.05458300825376015,
        -0.198330048008122,
        -0.3250404596380335,
        -0.4310353044731405,
        -0.5133360536763555,
        -0.5701374276619182,
        -0.601016465538327,
        -0.6068045769737583,
        -0.5890909543154715,
        -0.5494729087593694,
        -0.4889622741030935,
        -0.4080440000879175,
        null,
        null,
        null,
        null,
        null,
        null
    ],
    "overlap_dropped": [
        0,
        0,
        0,
        -7.480573662474441e-9,
        4.922968192129334e-8,
        4.419979669667898e-8,
        7.416507323300319e-8,
        3.6552685571247475e-8,
        2.688420273491185e-8,
        6.041980627913505e-8,
        2.55521905902411e-7,
        2.528644654953995e-7,
        6.635542099138912e-8,
        -2.1313785720674368e-8,
        -7.614559231116718e-8,
        -3.495791593848893e-8,
        -2.0394441603422534e-7,
        -1.3120320494302344e-7,
        -3.682035300548826e-8,
        -1.472260443397462e-7,
        null,
        null,
        null,
        null,
        null,
        null
    ],
    "rule": {
        "label": "xyz7_d1em09",
        "weight_period": 1,
        "family": "xyz+coeff",
        "tau_z": 0,
        "c_gate": 1.0e-16,
        "tau_xyz": 7,
        "tau_xy": 0,
        "rule_hash": "fbc9b4f1eb",
        "coeff_min": 1.0e-9
    },
    "n_kept": [
        1,
        17,
        2028,
        22752,
        75444,
        171164,
        320979,
        543404,
        861141,
        1238609,
        1693406,
        2261172,
        2904656,
        3613676,
        4433692,
        5340124,
        6251138,
        7196530,
        8233590,
        9242804,
        null,
        null,
        null,
        null,
        null,
        null
    ],
    "hit_xyz": [
        0,
        0,
        14409,
        2448398,
        10747596,
        37293513,
        65279282,
        112179095,
        213020117,
        333206589,
        465556239,
        650954500,
        900110270,
        1186298398,
        1510135545,
        1898521774,
        2293193303,
        2742369461,
        3217058234,
        3710897405,
        null,
        null,
        null,
        null,
        null,
        null
    ],
    "git_commit": "unknown",
    "n_raw": [
        1,
        17,
        18363,
        2613491,
        11327177,
        38543966,
        66942745,
        114703798,
        216520141,
        337476717,
        470958594,
        657590457,
        907769083,
        1195122662,
        1520368486,
        1909956685,
        2305814417,
        2756305314,
        3232034094,
        3726931872,
        null,
        null,
        null,
        null,
        null,
        null
    ],