{
    "created_at": "2026-06-11T06:27:37.386",
    "n_complete": 25,
    "drop_coeff_only": [
        0,
        0,
        6204,
        340146,
        1514632,
        4810604,
        11610204,
        27449537,
        53578979,
        87624244,
        136492333,
        194501980,
        247815700,
        296502781,
        329344847,
        351667237,
        360979094,
        355372514,
        338837392,
        314248154,
        285302566,
        253988083,
        221710490,
        189616425,
        158668848,
        129875908
    ],
    "system": {
        "dt": 0.04,
        "P0_coeff": 1,
        "h": 3.04438,
        "P0_term_hex": "c00",
        "name": "rect4x4_dt0p04_l25",
        "topology_repr": "[(1, 5), (1, 2), (2, 6), (2, 3), (3, 7), (3, 4), (4, 8), (5, 9), (5, 6), (6, 10), (6, 7), (7, 11), (7, 8), (8, 12), (9, 13), (9, 10), (10, 14), (10, 11), (11, 15), (11, 12), (12, 16), (13, 14), (14, 15), (15, 16)]",
        "P0_nqubits": 16,
        "n_layers": 25,
        "g": 0,
        "n_qubits": 16,
        "J": 1
    },
    "julia_version": "1.12.6",
    "n_dropped": [
        0,
        0,
        6204,
        340146,
        1515908,
        4905916,
        12544108,
        31925784,
        68008757,
        123763537,
        213146686,
        334849632,
        468048474,
        610669224,
        730967311,
        830042645,
        901029104,
        937299579,
        946446103,
        936126746,
        915811618,
        889369045,
        859809461,
        829286317,
        799210590,
        770943584
    ],
    "overlap_kept": [
        1,
        0.9704879152038246,
        0.8865172215885787,
        0.7600057909015381,
        0.6059759615652669,
        0.43824621909224615,
        0.26708281861182326,
        0.0992495371889643,
        -0.06055326420502621,
        -0.20803535667898324,
        -0.3385707239984195,
        -0.4475397483789042,
        -0.5308861656027295,
        -0.5857280605893036,
        -0.6104770249893678,
        -0.604731265284065,
        -0.5690902036500008,
        -0.5053546653104399,
        -0.4167498675095896,
        -0.3080162622964579,
        -0.18534497500218797,
        -0.055936434477652036,
        0.07253528938832904,
        0.192642171539449,
        0.29766062678894445,
        0.38187114450876236
    ],
    "hit_any_weight": [
        0,
        0,
        0,
        0,
        1276,
        95312,
        933904,
        4476247,
        14429778,
        36139293,
        76654353,
        140347652,
        220232774,
        314166443,
        401622464,
        478375408,
        540050010,
        581927065,
        607608711,
        621878592,
        630509052,
        635380962,
        638098971,
        639669892,
        640541742,
        641067676
    ],
    "drop_weight_only": [
        0,
        0,
        0,
        0,
        0,
        0,
        2,
        601,
        6990,
        40641,
        150436,
        419990,
        1021831,
        2190572,
        4205990,
        7355242,
        12079475,
        18891924,
        28018257,
        39551018,
        53638761,
        70426058,
        90017362,
        112162928,
        136044493,
        160777202
    ],
    "hit_coeff": [
        0,
        0,
        6204,
        340146,
        1515908,
        4905916,
        12544106,
        31925183,
        68001767,
        123722896,
        212996250,
        334429642,
        467026643,
        608478652,
        726761321,
        822687403,
        888949629,
        918407655,
        918427846,
        896575728,
        862172857,
        818942987,
        769792099,
        717123389,
        663166097,
        610166382
    ],
    "drop_coeff_and_weight": [
        0,
        0,
        0,
        0,
        1276,
        95312,
        933902,
        4475646,
        14422788,
        36098652,
        76503917,
        139927662,
        219210943,
        311975871,
        397416474,
        471020166,
        527970535,
        563035141,
        579590454,
        582327574,
        576870291,
        564954904,
        548081609,
        527506964,
        504497249,
        480290474
    ],
    "hit_z": [
        0,
        0,
        0,
        0,
        0,
        0,
        0,
        0,
        0,
        0,
        0,
        0,
        0,
        0,
        0,
        0,
        0,
        0,
        0,
        0,
        0,
        0,
        0,
        0,
        0,
        0
    ],
    "manifest_toml_sha256": "0bc8dd956e2d53dfc75dae382811cbae5159e33b4ab25664d941105fcfb60c81",
    "git_dirty": true,
    "experiment": "rect4x4_dt0p04_l25",
    "overlap_raw": [
        1,
        0.9704879152038246,
        0.8865172215885787,
        0.7600057457163321,
        0.6059767108827676,
        0.43824732692418655,
        0.26709052003566347,
        0.09924928030660642,
        -0.06055040849854322,
        -0.20802041901042967,
        -0.33856193216576363,
        -0.44752641964882106,
        -0.5308681777401534,
        -0.585708343266437,
        -0.6104690425975654,
        -0.6047191700214896,
        -0.5690831606169273,
        -0.505341504573827,
        -0.41674986497616356,
        -0.30801607713942747,
        -0.18534547670187643,
        -0.05594589093478992,
        0.07253175087652464,
        0.1926443713567111,
        0.2976687723784185,
        0.3818720182821422
    ],
    "overlap_dropped": [
        0,
        0,
        0,
        -4.518520599323655e-8,
        7.493175006639465e-7,
        1.1078319403954234e-6,
        7.701423840190818e-6,
        -2.568823578830757e-7,
        2.85570648298694e-6,
        1.4937668553565811e-5,
        8.791832655838621e-6,
        1.3328730083142544e-5,
        1.7987862576138594e-5,
        1.971732286664621e-5,
        7.982391802388941e-6,
        1.2095262575364362e-5,
        7.043033073566976e-6,
        1.3160736612920208e-5,
        2.5334260001350153e-9,
        1.851570304146396e-7,
        -5.016996884736756e-7,
        -9.456457137880195e-6,
        -3.53851180439913e-6,
        2.1998172621316783e-6,
        8.145589474024708e-6,
        8.737733798106371e-7
    ],
    "rule": {
        "label": "xy8_d1em07",
        "weight_period": 1,
        "family": "xy+coeff",
        "tau_z": 0,
        "c_gate": 1.0e-16,
        "tau_xyz": 0,
        "tau_xy": 8,
        "rule_hash": "6a9efc7ab8",
        "coeff_min": 1.0e-7
    },
    "n_kept": [
        1,
        17,
        732,
        3411,
        12100,
        37106,
        102626,
        258675,
        588119,
        1235122,
        2420581,
        4530733,
        8136553,
        13715645,
        21633640,
        32369206,
        46599085,
        65074246,
        88168552,
        115323456,
        145382325,
        177169106,
        209615863,
        241779703,
        272756452,
        301556883
    ],
    "hit_xyz": [
        0,
        0,
        0,
        0,
        0,
        0,
        0,
        0,
        0,
        0,
        0,
        0,
        0,
        0,
        0,
        0,
        0,
        0,
        0,
        0,
        0,
        0,
        0,
        0,
        0,
        0
    ],
    "git_commit": "unknown",
    "n_raw": [
        1,
        17,
        6936,
        343557,
        1528008,
        4943022,
        12646734,
        32184459,
        68596876,
        124998659,
        215567267,
        339380365,
        476185027,
        624384869,
        752600951,
        862411851,
        947628189,
        1002373825,
        1034614655,
        1051450202,
        1061193943,
        1066538151,
        1069425324,
        1071066020,
        1071967042,
        1072500467
    ],