{
    "created_at": "2026-06-11T04:17:45.356",
    "n_complete": 25,
    "drop_coeff_only": [
        0,
        0,
        672,
        11560,
        15740,
        30823,
        42834,
        40293,
        46139,
        59399,
        61049,
        60609,
        73558,
        75485,
        73058,
        68322,
        66925,
        65973,
        66752,
        63700,
        64979,
        62928,
        59276,
        54783,
        49537,
        46006
    ],
    "system": {
        "dt": 0.04,
        "P0_coeff": 1,
        "h": 3.04438,
        "P0_term_hex": "c00",
        "name": "rect4x4_dt0p04_l25",
        "topology_repr": "[(1, 5), (1, 2), (2, 6), (2, 3), (3, 7), (3, 4), (4, 8), (5, 9), (5, 6), (6, 10), (6, 7), (7, 11), (7, 8), (8, 12), (9, 13), (9, 10), (10, 14), (10, 11), (11, 15), (11, 12), (12, 16), (13, 14), (14, 15), (15, 16)]",
        "P0_nqubits": 16,
        "n_layers": 25,
        "g": 0,
        "n_qubits": 16,
        "J": 1
    },
    "julia_version": "1.12.6",
    "n_dropped": [
        0,
        0,
        6282,
        135186,
        243229,
        538381,
        1085478,
        1177115,
        1467076,
        2436986,
        3101568,
        3641222,
        4631523,
        5320339,
        5978049,
        6735167,
        7566553,
        8305404,
        8955343,
        9987616,
        11201314,
        11936033,
        12480299,
        13293120,
        13820324,
        14320360
    ],
    "overlap_kept": [
        1,
        0.9704879152038246,
        0.8865172215885787,
        0.7600057909015382,
        0.6059771363963989,
        0.43825731607222507,
        0.26712252130193687,
        0.09931549042707626,
        -0.06049383660740808,
        -0.20812369642223988,
        -0.3390422933011124,
        -0.44857184254798665,
        -0.5326986882511943,
        -0.5887161069890173,
        -0.6151754551814738,
        -0.611254911164156,
        -0.5762477709425564,
        -0.5098035923043627,
        -0.4130249861066313,
        -0.28974727704326503,
        -0.1472033934716359,
        0.004427962545933242,
        0.1535062457026366,
        0.28907988826496295,
        0.4030894139668834,
        0.49168698084304285
    ],
    "hit_any_weight": [
        0,
        0,
        5610,
        123626,
        227489,
        507558,
        1042644,
        1136822,
        1420937,
        2377587,
        3040519,
        3580613,
        4557965,
        5244854,
        5904991,
        6666845,
        7499628,
        8239431,
        8888591,
        9923916,
        11136335,
        11873105,
        12421023,
        13238337,
        13770787,
        14274354
    ],
    "drop_weight_only": [
        0,
        0,
        78,
        1079,
        5303,
        12447,
        26813,
        48192,
        76741,
        113924,
        159398,
        219834,
        287533,
        366057,
        460275,
        566972,
        684581,
        794193,
        920233,
        1060612,
        1206061,
        1356522,
        1496256,
        1640293,
        1785443,
        1938201
    ],
    "hit_coeff": [
        0,
        0,
        6204,
        134107,
        237926,
        525934,
        1058665,
        1128923,
        1390335,
        2323062,
        2942170,
        3421388,
        4343990,
        4954282,
        5517774,
        6168195,
        6881972,
        7511211,
        8035110,
        8927004,
        9995253,
        10579511,
        10984043,
        11652827,
        12034881,
        12382159
    ],
    "drop_coeff_and_weight": [
        0,
        0,
        5532,
        122547,
        222186,
        495111,
        1015831,
        1088630,
        1344196,
        2263663,
        2881121,
        3360779,
        4270432,
        4878797,
        5444716,
        6099873,
        6815047,
        7445238,
        7968358,
        8863304,
        9930274,
        10516583,
        10924767,
        11598044,
        11985344,
        12336153
    ],
    "hit_z": [
        0,
        0,
        0,
        0,
        0,
        0,
        0,
        0,
        0,
        0,
        0,
        0,
        0,
        0,
        0,
        0,
        0,
        0,
        0,
        0,
        0,
        0,
        0,
        0,
        0,
        0
    ],
    "manifest_toml_sha256": "0bc8dd956e2d53dfc75dae382811cbae5159e33b4ab25664d941105fcfb60c81",
    "git_dirty": true,
    "experiment": "rect4x4_dt0p04_l25",
    "overlap_raw": [
        1,
        0.9704879152038246,
        0.8865172215885787,
        0.7600057909015382,
        0.6059779282874257,
        0.4382581087361461,
        0.26712477582352345,
        0.09932021920049212,
        -0.060491891306502454,
        -0.2081197817540239,
        -0.3390350049915881,
        -0.4485639768422834,
        -0.5326948489580097,
        -0.5887173092860359,
        -0.6151784542352643,
        -0.6112591827147025,
        -0.576248376615176,
        -0.5098021241800503,
        -0.4130233789204981,
        -0.2897512647978566,
        -0.14720599511778196,
        0.004428126888013216,
        0.1535048777502622,
        0.2890819689540114,
        0.40309350171688435,
        0.491688778600965
    ],
    "overlap_dropped": [
        0,
        0,
        0,
        0,
        7.918910267846201e-7,
        7.926639210374776e-7,
        2.254521586581741e-6,
        4.7287734158744516e-6,
        1.945300905625554e-6,
        3.9146682159795025e-6,
        7.288309524306795e-6,
        7.865705703261026e-6,
        3.839293184541207e-6,
        -1.2022970186173887e-6,
        -2.9990537905404825e-6,
        -4.271550546534671e-6,
        -6.056726195895965e-7,
        1.4681243123933774e-6,
        1.6071861331729964e-6,
        -3.9877545915748375e-6,
        -2.6016461460412066e-6,
        1.643420799740266e-7,
        -1.3679523743953938e-6,
        2.080689048472085e-6,
        4.087750000939861e-6,
        1.7977579221357068e-6
    ],
    "rule": {
        "label": "xyz6_d1em07",
        "weight_period": 1,
        "family": "xyz+coeff",
        "tau_z": 0,
        "c_gate": 1.0e-16,
        "tau_xyz": 6,
        "tau_xy": 0,
        "rule_hash": "f034a1a6eb",
        "coeff_min": 1.0e-7
    },
    "n_kept": [
        1,
        17,
        654,
        2258,
        4822,
        8711,
        14697,
        20359,
        27289,
        36167,
        45607,
        56471,
        65543,
        77644,
        90568,
        104156,
        115496,
        127109,
        137350,
        148343,
        159198,
        169253,
        179639,
        189572,
        199787,
        207915
    ],
    "hit_xyz": [
        0,
        0,
        5610,
        123626,
        227489,
        507558,
        1042644,
        1136822,
        1420937,
        2377587,
        3040519,
        3580613,
        4557965,
        5244854,
        5904991,
        6666845,
        7499628,
        8239431,
        8888591,
        9923916,
        11136335,
        11873105,
        12421023,
        13238337,
        13770787,
        14274354
    ],
    "git_commit": "unknown",
    "n_raw": [
        1,
        17,
        6936,
        137444,
        248051,
        547092,
        1100175,
        1197474,
        1494365,
        2473153,
        3147175,
        3697693,
        4697066,
        5397983,
        6068617,
        6839323,
        7682049,
        8432513,
        9092693,
        10135959,
        11360512,
        12105286,
        12659938,
        13482692,
        14020111,
        14528275
    ],