{
    "created_at": "2026-06-11T01:00:20.488",
    "n_complete": 25,
    "drop_coeff_only": [
        0,
        1,
        1586,
        11556,
        32923,
        40624,
        71490,
        140426,
        155403,
        186284,
        254369,
        292083,
        329388,
        346719,
        416457,
        489797,
        515330,
        553670,
        575033,
        588541,
        613395,
        646688,
        668970,
        664711,
        666787,
        663912
    ],
    "system": {
        "dt": 0.04,
        "P0_coeff": 1,
        "h": 3.04438,
        "P0_term_hex": "c00",
        "name": "rect4x4_dt0p04_l25",
        "topology_repr": "[(1, 5), (1, 2), (2, 6), (2, 3), (3, 7), (3, 4), (4, 8), (5, 9), (5, 6), (6, 10), (6, 7), (7, 11), (7, 8), (8, 12), (9, 13), (9, 10), (10, 14), (10, 11), (11, 15), (11, 12), (12, 16), (13, 14), (14, 15), (15, 16)]",
        "P0_nqubits": 16,
        "n_layers": 25,
        "g": 0,
        "n_qubits": 16,
        "J": 1
    },
    "julia_version": "1.12.6",
    "n_dropped": [
        0,
        1,
        3132,
        28694,
        146238,
        298894,
        655347,
        1270496,
        1629111,
        2162933,
        3630823,
        4931730,
        5997166,
        6769385,
        8699204,
        11984461,
        14100735,
        16424071,
        18773339,
        20788596,
        23650553,
        27140735,
        30240816,
        32788380,
        35374452,
        37752076
    ],
    "overlap_kept": [
        1,
        0.9704879152038246,
        0.8865193255644536,
        0.7599969684040517,
        0.6058380517237509,
        0.4380154147039021,
        0.2670277560464923,
        0.09913860087237249,
        -0.06088144556362125,
        -0.20836535903087536,
        -0.33892336186784877,
        -0.44817160988863136,
        -0.5319719653121672,
        -0.5869157543933465,
        -0.6121441149999604,
        -0.6082768305880736,
        -0.5765469248766786,
        -0.5178028508421371,
        -0.43530136932955327,
        -0.3337643763354488,
        -0.21761246214416785,
        -0.08957066512844238,
        0.04495176470207088,
        0.1753026597215604,
        0.29021645938375173,
        0.38264626046915523
    ],
    "hit_any_weight": [
        0,
        0,
        1546,
        17138,
        113315,
        258270,
        583857,
        1130070,
        1473708,
        1976649,
        3376454,
        4639647,
        5667778,
        6422666,
        8282747,
        11494664,
        13585405,
        15870401,
        18198306,
        20200055,
        23037158,
        26494047,
        29571846,
        32123669,
        34707665,
        37088164
    ],
    "drop_weight_only": [
        0,
        0,
        0,
        0,
        8,
        83,
        749,
        3000,
        7225,
        12956,
        20869,
        33479,
        54544,
        78160,
        110744,
        145905,
        186220,
        229252,
        277451,
        335019,
        394274,
        454692,
        511384,
        561426,
        613672,
        687277
    ],
    "hit_coeff": [
        0,
        1,
        3132,
        28694,
        146230,
        298811,
        654598,
        1267496,
        1621886,
        2149977,
        3609954,
        4898251,
        5942622,
        6691225,
        8588460,
        11838556,
        13914515,
        16194819,
        18495888,
        20453577,
        23256279,
        26686043,
        29729432,
        32226954,
        34760780,
        37064799
    ],
    "drop_coeff_and_weight": [
        0,
        0,
        1546,
        17138,
        113307,
        258187,
        583108,
        1127070,
        1466483,
        1963693,
        3355585,
        4606168,
        5613234,
        6344506,
        8172003,
        11348759,
        13399185,
        15641149,
        17920855,
        19865036,
        22642884,
        26039355,
        29060462,
        31562243,
        34093993,
        36400887
    ],
    "hit_z": [
        0,
        0,
        0,
        0,
        0,
        0,
        0,
        0,
        0,
        0,
        0,
        0,
        0,
        0,
        0,
        0,
        0,
        0,
        0,
        0,
        0,
        0,
        0,
        0,
        0,
        0
    ],
    "manifest_toml_sha256": "0bc8dd956e2d53dfc75dae382811cbae5159e33b4ab25664d941105fcfb60c81",
    "git_dirty": true,
    "experiment": "rect4x4_dt0p04_l25",
    "overlap_raw": [
        1,
        0.9704879152038246,
        0.8865193255644536,
        0.7599969684040517,
        0.6058843758648814,
        0.43814794267217255,
        0.26704994781999375,
        0.09923151794270955,
        -0.0608055181883484,
        -0.20833033560900124,
        -0.33896506172875746,
        -0.4484197783881898,
        -0.532014049681916,
        -0.5869385955137726,
        -0.6120538015553669,
        -0.6082599933013646,
        -0.5762185264393265,
        -0.5172365465485284,
        -0.4347308136938639,
        -0.3336693227397348,
        -0.21755976093142856,
        -0.08946086703823863,
        0.04481996402168397,
        0.17506294021898064,
        0.29001971285383404,
        0.382800612463346
    ],
    "overlap_dropped": [
        0,
        0,
        0,
        0,
        4.632414113044228e-5,
        0.00013252796827047269,
        2.2191773501444666e-5,
        9.291707033706831e-5,
        7.592737527285079e-5,
        3.502342187412145e-5,
        -4.169986090867943e-5,
        -0.00024816849955845303,
        -4.2084369748885764e-5,
        -2.284112042609075e-5,
        9.031344459344774e-5,
        1.6837286708948797e-5,
        0.0003283984373521237,
        0.0005663042936086914,
        0.000570555635689371,
        9.505359571398034e-5,
        5.270121273929063e-5,
        0.00010979809020373526,
        -0.0001318006803869069,
        -0.00023971950257974106,
        -0.00019674652991770212,
        0.00015435199419080583
    ],
    "rule": {
        "label": "xyz7_d1em05",
        "weight_period": 1,
        "family": "xyz+coeff",
        "tau_z": 0,
        "c_gate": 1.0e-16,
        "tau_xyz": 7,
        "tau_xy": 0,
        "rule_hash": "7a764f9809",
        "coeff_min": 1.0e-5
    },
    "n_kept": [
        1,
        16,
        139,
        450,
        1161,
        2818,
        5718,
        10152,
        16041,
        24431,
        35898,
        49750,
        66986,
        86175,
        108705,
        135087,
        166098,
        199675,
        236002,
        277271,
        319159,
        361223,
        402375,
        444749,
        489399,
        536316
    ],
    "hit_xyz": [
        0,
        0,
        1546,
        17138,
        113315,
        258270,
        583857,
        1130070,
        1473708,
        1976649,
        3376454,
        4639647,
        5667778,
        6422666,
        8282747,
        11494664,
        13585405,
        15870401,
        18198306,
        20200055,
        23037158,
        26494047,
        29571846,
        32123669,
        34707665,
        37088164
    ],
    "git_commit": "unknown",
    "n_raw": [
        1,
        17,
        3271,
        29144,
        147399,
        301712,
        661065,
        1280648,
        1645152,
        2187364,
        3666721,
        4981480,
        6064152,
        6855560,
        8807909,
        12119548,
        14266833,
        16623746,
        19009341,
        21065867,
        23969712,
        27501958,
        30643191,
        33233129,
        35863851,
        38288392
    ],