{
    "created_at": "2026-06-11T07:04:43.940",
    "n_complete": 12,
    "drop_coeff_only": [
        0,
        1,
        6972,
        84010,
        624947,
        2572396,
        6195312,
        24509885,
        42824352,
        113006855,
        229146728,
        428845129,
        743083060,
        null,
        null,
        null,
        null,
        null,
        null,
        null,
        null,
        null,
        null,
        null,
        null,
        null
    ],
    "system": {
        "dt": 0.04,
        "P0_coeff": 1,
        "h": 3.04438,
        "P0_term_hex": "3000000",
        "name": "rect5x5_dt0p04_l25",
        "topology_repr": "[(1, 6), (1, 2), (2, 7), (2, 3), (3, 8), (3, 4), (4, 9), (4, 5), (5, 10), (6, 11), (6, 7), (7, 12), (7, 8), (8, 13), (8, 9), (9, 14), (9, 10), (10, 15), (11, 16), (11, 12), (12, 17), (12, 13), (13, 18), (13, 14), (14, 19), (14, 15), (15, 20), (16, 21), (16, 17), (17, 22), (17, 18), (18, 23), (18, 19), (19, 24), (19, 20), (20, 25), (21, 22), (22, 23), (23, 24), (24, 25)]",
        "P0_nqubits": 25,
        "n_layers": 25,
        "g": 0,
        "n_qubits": 25,
        "J": 1
    },
    "julia_version": "1.12.6",
    "n_dropped": [
        0,
        1,
        6972,
        84010,
        624947,
        2632100,
        6477731,
        29483798,
        63927148,
        190717009,
        417995675,
        1020307766,
        1905917063,
        null,
        null,
        null,
        null,
        null,
        null,
        null,
        null,
        null,
        null,
        null,
        null,
        null
    ],
    "overlap_kept": [
        1,
        0.9704879152038246,
        0.8865193255644533,
        0.759998044965583,
        0.6058511296831214,
        0.43830872227506035,
        0.2682346146529584,
        0.10204867117868147,
        -0.055432245792443165,
        -0.1994553024480472,
        -0.32549052705448106,
        -0.4309484612422966,
        -0.5127140177369849,
        null,
        null,
        null,
        null,
        null,
        null,
        null,
        null,
        null,
        null,
        null,
        null,
        null
    ],
    "hit_any_weight": [
        0,
        0,
        0,
        0,
        0,
        59704,
        282419,
        4973913,
        21102796,
        77710154,
        188848947,
        591462637,
        1162834003,
        null,
        null,
        null,
        null,
        null,
        null,
        null,
        null,
        null,
        null,
        null,
        null,
        null
    ],
    "drop_weight_only": [
        0,
        0,
        0,
        0,
        0,
        0,
        0,
        0,
        74,
        1030,
        6262,
        22500,
        57496,
        null,
        null,
        null,
        null,
        null,
        null,
        null,
        null,
        null,
        null,
        null,
        null,
        null
    ],
    "hit_coeff": [
        0,
        1,
        6972,
        84010,
        624947,
        2632100,
        6477731,
        29483798,
        63927074,
        190715979,
        417989413,
        1020285266,
        1905859567,
        null,
        null,
        null,
        null,
        null,
        null,
        null,
        null,
        null,
        null,
        null,
        null,
        null
    ],
    "drop_coeff_and_weight": [
        0,
        0,
        0,
        0,
        0,
        59704,
        282419,
        4973913,
        21102722,
        77709124,
        188842685,
        591440137,
        1162776507,
        null,
        null,
        null,
        null,
        null,
        null,
        null,
        null,
        null,
        null,
        null,
        null,
        null
    ],
    "hit_z": [
        0,
        0,
        0,
        0,
        0,
        0,
        0,
        0,
        0,
        0,
        0,
        0,
        0,
        null,
        null,
        null,
        null,
        null,
        null,
        null,
        null,
        null,
        null,
        null,
        null,
        null
    ],
    "manifest_toml_sha256": "0bc8dd956e2d53dfc75dae382811cbae5159e33b4ab25664d941105fcfb60c81",
    "git_dirty": true,
    "experiment": "rect5x5_dt0p04_l25",
    "overlap_raw": [
        1,
        0.9704879152038246,
        0.8865193255644533,
        0.759998044965583,
        0.6059204989526877,
        0.43847066802384244,
        0.26824698858052176,
        0.10212370982362462,
        -0.055186818291979405,
        -0.19877729067225844,
        -0.3250633441002706,
        -0.43071765674427265,
        -0.5123289924781054,
        null,
        null,
        null,
        null,
        null,
        null,
        null,
        null,
        null,
        null,
        null,
        null,
        null
    ],
    "overlap_dropped": [
        0,
        0,
        0,
        0,
        6.936926956640019e-5,
        0.0001619457487820645,
        1.2373927563370355e-5,
        7.503864494314953e-5,
        0.0002454275004637623,
        0.000678011775788778,
        0.00042718295421047774,
        0.00023080449802395355,
        0.00038502525887945677,
        null,
        null,
        null,
        null,
        null,
        null,
        null,
        null,
        null,
        null,
        null,
        null,
        null
    ],
    "rule": {
        "label": "xy7_d1em05",
        "weight_period": 1,
        "family": "xy+coeff",
        "tau_z": 0,
        "c_gate": 1.0e-16,
        "tau_xyz": 0,
        "tau_xy": 7,
        "rule_hash": "af6757c897",
        "coeff_min": 1.0e-5
    },
    "n_kept": [
        1,
        16,
        151,
        530,
        1519,
        4150,
        10404,
        24586,
        52949,
        111312,
        220800,
        409386,
        755708,
        null,
        null,
        null,
        null,
        null,
        null,
        null,
        null,
        null,
        null,
        null,
        null,
        null
    ],
    "hit_xyz": [
        0,
        0,
        0,
        0,
        0,
        0,
        0,
        0,
        0,
        0,
        0,
        0,
        0,
        null,
        null,
        null,
        null,
        null,
        null,
        null,
        null,
        null,
        null,
        null,
        null,
        null
    ],
    "git_commit": "unknown",
    "n_raw": [
        1,
        17,
        7123,
        84540,
        626466,
        2636250,
        6488135,
        29508384,
        63980097,
        190828321,
        418216475,
        1020717152,
        1906672771,
        null,
        null,
        null,
        null,
        null,
        null,
        null,
        null,
        null,
        null,
        null,
        null,
        null
    ],
    "weight_second_moment_raw": [
        1,
        1.0014855488533987,
        1.012575112918562,
        1.045913245663563,
        1.1130813028525914,
        1.219455163385387,
        1.3616796303601078,
        1.5287019133050708,
        1.705748515094668,
        1.8794747053525465,
        2.042221459265956,
        2.193859907667662,
        2.340819443139018,
        null,
        null,
        null,
        null,
        null,
        null,
        null,
        null,
        null,
        null,
        null,
        null,
        null
    ],
    "hit_multiple_weight": [
        0,
        0,
        0,
        0,
        0,
        0,
        0,
        0,
        0,
        0,
        0,
        0,
        0,
        null,
        null,
        null,
        null,
        null,
        null,
        null,
        null,
        null,
        null,
        null,
        null,
        null
    ],