{
    "created_at": "2026-06-11T09:04:00.059",
    "n_complete": 9,
    "drop_coeff_only": [
        0,
        0,
        17909,
        585301,
        2628471,
        12225852,
        45918785,
        142216974,
        443939293,
        1171584832,
        null,
        null,
        null,
        null,
        null,
        null,
        null,
        null,
        null,
        null,
        null,
        null,
        null,
        null,
        null,
        null
    ],
    "system": {
        "dt": 0.04,
        "P0_coeff": 1,
        "h": 3.04438,
        "P0_term_hex": "3000000",
        "name": "rect5x5_dt0p04_l25",
        "topology_repr": "[(1, 6), (1, 2), (2, 7), (2, 3), (3, 8), (3, 4), (4, 9), (4, 5), (5, 10), (6, 11), (6, 7), (7, 12), (7, 8), (8, 13), (8, 9), (9, 14), (9, 10), (10, 15), (11, 16), (11, 12), (12, 17), (12, 13), (13, 18), (13, 14), (14, 19), (14, 15), (15, 20), (16, 21), (16, 17), (17, 22), (17, 18), (18, 23), (18, 19), (19, 24), (19, 20), (20, 25), (21, 22), (22, 23), (23, 24), (24, 25)]",
        "P0_nqubits": 25,
        "n_layers": 25,
        "g": 0,
        "n_qubits": 25,
        "J": 1
    },
    "julia_version": "1.12.6",
    "n_dropped": [
        0,
        0,
        17909,
        585301,
        2628471,
        12225852,
        45918785,
        142216974,
        443939293,
        1171584832,
        null,
        null,
        null,
        null,
        null,
        null,
        null,
        null,
        null,
        null,
        null,
        null,
        null,
        null,
        null,
        null
    ],
    "overlap_kept": [
        1,
        0.9704879152038246,
        0.8865172215885785,
        0.7599947796657479,
        0.6060332929246676,
        0.43861721048891433,
        0.26827713483737226,
        0.1022664858974951,
        -0.05455995419934817,
        -0.19800830006294334,
        null,
        null,
        null,
        null,
        null,
        null,
        null,
        null,
        null,
        null,
        null,
        null,
        null,
        null,
        null,
        null
    ],
    "hit_any_weight": [
        0,
        0,
        0,
        0,
        0,
        0,
        0,
        0,
        0,
        0,
        null,
        null,
        null,
        null,
        null,
        null,
        null,
        null,
        null,
        null,
        null,
        null,
        null,
        null,
        null,
        null
    ],
    "drop_weight_only": [
        0,
        0,
        0,
        0,
        0,
        0,
        0,
        0,
        0,
        0,
        null,
        null,
        null,
        null,
        null,
        null,
        null,
        null,
        null,
        null,
        null,
        null,
        null,
        null,
        null,
        null
    ],
    "hit_coeff": [
        0,
        0,
        17909,
        585301,
        2628471,
        12225852,
        45918785,
        142216974,
        443939293,
        1171584832,
        null,
        null,
        null,
        null,
        null,
        null,
        null,
        null,
        null,
        null,
        null,
        null,
        null,
        null,
        null,
        null
    ],
    "drop_coeff_and_weight": [
        0,
        0,
        0,
        0,
        0,
        0,
        0,
        0,
        0,
        0,
        null,
        null,
        null,
        null,
        null,
        null,
        null,
        null,
        null,
        null,
        null,
        null,
        null,
        null,
        null,
        null
    ],
    "hit_z": [
        0,
        0,
        0,
        0,
        0,
        0,
        0,
        0,
        0,
        0,
        null,
        null,
        null,
        null,
        null,
        null,
        null,
        null,
        null,
        null,
        null,
        null,
        null,
        null,
        null,
        null
    ],
    "manifest_toml_sha256": "0bc8dd956e2d53dfc75dae382811cbae5159e33b4ab25664d941105fcfb60c81",
    "git_dirty": true,
    "experiment": "rect5x5_dt0p04_l25",
    "overlap_raw": [
        1,
        0.9704879152038246,
        0.8865172215885785,
        0.7600033177781236,
        0.6060322059391158,
        0.43861573509816143,
        0.26828551454588245,
        0.10227966270750152,
        -0.054419984077679735,
        -0.19795831402010927,
        null,
        null,
        null,
        null,
        null,
        null,
        null,
        null,
        null,
        null,
        null,
        null,
        null,
        null,
        null,
        null
    ],
    "overlap_dropped": [
        0,
        0,
        0,
        8.538112375672358e-6,
        -1.086985551801037e-6,
        -1.4753907528850107e-6,
        8.379708510170986e-6,
        1.3176810006422497e-5,
        0.00013997012166843263,
        4.998604283406442e-5,
        null,
        null,
        null,
        null,
        null,
        null,
        null,
        null,
        null,
        null,
        null,
        null,
        null,
        null,
        null,
        null
    ],
    "rule": {
        "label": "coeff_d1em06",
        "weight_period": 1,
        "family": "coeff",
        "tau_z": 0,
        "c_gate": 1.0e-16,
        "tau_xyz": 0,
        "tau_xy": 0,
        "rule_hash": "7f7f8ca4e3",
        "coeff_min": 1.0e-6
    },
    "n_kept": [
        1,
        17,
        454,
        1767,
        5810,
        16574,
        49998,
        136218,
        339403,
        804611,
        null,
        null,
        null,
        null,
        null,
        null,
        null,
        null,
        null,
        null,
        null,
        null,
        null,
        null,
        null,
        null
    ],
    "hit_xyz": [
        0,
        0,
        0,
        0,
        0,
        0,
        0,
        0,
        0,
        0,
        null,
        null,
        null,
        null,
        null,
        null,
        null,
        null,
        null,
        null,
        null,
        null,
        null,
        null,
        null,
        null
    ],
    "git_commit": "unknown",
    "n_raw": [
        1,
        17,
        18363,
        587068,
        2634281,
        12242426,
        45968783,
        142353192,
        444278696,
        1172389443,
        null,
        null,
        null,
        null,
        null,
        null,
        null,
        null,
        null,
        null,
        null,
        null,
        null,
        null,
        null,
        null
    ],
    "weight_second_moment_raw": [
        1,
        1.0014855488533987,
        1.0125751141247017,
        1.045913306240141,
        1.1130814239426932,
        1.2194554585885484,
        1.3616808068591224,
        1.5287058459199605,
        1.705759667933361,
        1.8795035299140201,
        null,
        null,
        null,
        null,
        null,
        null,
        null,
        null,
        null,
        null,
        null,
        null,
        null,
        null,
        null,
        null
    ],
    "hit_multiple_weight": [
        0,
        0,
        0,
        0,
        0,
        0,
        0,
        0,
        0,
        0,
        null,
        null,
        null,
        null,
        null,
        null,
        null,
        null,
        null,
        null,
        null,
        null,
        null,
        null,
        null,
        null
    ],