{
    "created_at": "2026-06-11T04:38:51.299",
    "n_complete": 13,
    "drop_coeff_only": [
        0,
        1,
        2880,
        41026,
        155662,
        278768,
        455664,
        1524240,
        3101432,
        3814432,
        5597791,
        8082741,
        16430590,
        20776906,
        null,
        null,
        null,
        null,
        null,
        null,
        null,
        null,
        null,
        null,
        null,
        null
    ],
    "system": {
        "dt": 0.04,
        "P0_coeff": 1,
        "h": 3.04438,
        "P0_term_hex": "3000000",
        "name": "rect5x5_dt0p04_l25",
        "topology_repr": "[(1, 6), (1, 2), (2, 7), (2, 3), (3, 8), (3, 4), (4, 9), (4, 5), (5, 10), (6, 11), (6, 7), (7, 12), (7, 8), (8, 13), (8, 9), (9, 14), (9, 10), (10, 15), (11, 16), (11, 12), (12, 17), (12, 13), (13, 18), (13, 14), (14, 19), (14, 15), (15, 20), (16, 21), (16, 17), (17, 22), (17, 18), (18, 23), (18, 19), (19, 24), (19, 20), (20, 25), (21, 22), (22, 23), (23, 24), (24, 25)]",
        "P0_nqubits": 25,
        "n_layers": 25,
        "g": 0,
        "n_qubits": 25,
        "J": 1
    },
    "julia_version": "1.12.6",
    "n_dropped": [
        0,
        1,
        6972,
        84014,
        625040,
        2633070,
        6479618,
        28939358,
        76319891,
        129852188,
        279822164,
        487866785,
        946640402,
        1794191315,
        null,
        null,
        null,
        null,
        null,
        null,
        null,
        null,
        null,
        null,
        null,
        null
    ],
    "overlap_kept": [
        1,
        0.9704879152038246,
        0.8865193255644533,
        0.759998044965583,
        0.6058511296831214,
        0.43830694059816067,
        0.2681895629447444,
        0.10164838731874683,
        -0.05690798756615988,
        -0.20336040179958434,
        -0.3352128858338359,
        -0.45135213198100976,
        -0.5515020599691108,
        -0.6331847493133586,
        null,
        null,
        null,
        null,
        null,
        null,
        null,
        null,
        null,
        null,
        null,
        null
    ],
    "hit_any_weight": [
        0,
        0,
        4092,
        42988,
        469378,
        2354302,
        6023954,
        27415118,
        73218459,
        126037756,
        274224373,
        479784044,
        930209812,
        1773414409,
        null,
        null,
        null,
        null,
        null,
        null,
        null,
        null,
        null,
        null,
        null,
        null
    ],
    "drop_weight_only": [
        0,
        0,
        0,
        4,
        93,
        882,
        2528,
        6468,
        14232,
        28542,
        57244,
        103799,
        174305,
        268494,
        null,
        null,
        null,
        null,
        null,
        null,
        null,
        null,
        null,
        null,
        null,
        null
    ],
    "hit_coeff": [
        0,
        1,
        6972,
        84010,
        624947,
        2632188,
        6477090,
        28932890,
        76305659,
        129823646,
        279764920,
        487762986,
        946466097,
        1793922821,
        null,
        null,
        null,
        null,
        null,
        null,
        null,
        null,
        null,
        null,
        null,
        null
    ],
    "drop_coeff_and_weight": [
        0,
        0,
        4092,
        42984,
        469285,
        2353420,
        6021426,
        27408650,
        73204227,
        126009214,
        274167129,
        479680245,
        930035507,
        1773145915,
        null,
        null,
        null,
        null,
        null,
        null,
        null,
        null,
        null,
        null,
        null,
        null
    ],
    "hit_z": [
        0,
        0,
        0,
        0,
        0,
        0,
        0,
        0,
        0,
        0,
        0,
        0,
        0,
        0,
        null,
        null,
        null,
        null,
        null,
        null,
        null,
        null,
        null,
        null,
        null,
        null
    ],
    "manifest_toml_sha256": "0bc8dd956e2d53dfc75dae382811cbae5159e33b4ab25664d941105fcfb60c81",
    "git_dirty": true,
    "experiment": "rect5x5_dt0p04_l25",
    "overlap_raw": [
        1,
        0.9704879152038246,
        0.8865193255644533,
        0.759998044965583,
        0.6059204989526877,
        0.4384688884348496,
        0.2682022702966125,
        0.10176623952135172,
        -0.05652711674422078,
        -0.2025081196436005,
        -0.3340763369234099,
        -0.45095259956712086,
        -0.5506448561368512,
        -0.6308513649648813,
        null,
        null,
        null,
        null,
        null,
        null,
        null,
        null,
        null,
        null,
        null,
        null
    ],
    "overlap_dropped": [
        0,
        0,
        0,
        0,
        6.936926956640019e-5,
        0.0001619478366889577,
        1.2707351868096369e-5,
        0.00011785220260489313,
        0.00038087082193910446,
        0.0008522821559838361,
        0.0011365489104260109,
        0.00039953241388887697,
        0.0008572038322596277,
        0.002333384348477314,
        null,
        null,
        null,
        null,
        null,
        null,
        null,
        null,
        null,
        null,
        null,
        null
    ],
    "rule": {
        "label": "xy4_d1em05",
        "weight_period": 1,
        "family": "xy+coeff",
        "tau_z": 0,
        "c_gate": 1.0e-16,
        "tau_xyz": 0,
        "tau_xy": 4,
        "rule_hash": "2261246b37",
        "coeff_min": 1.0e-5
    },
    "n_kept": [
        1,
        16,
        151,
        526,
        1426,
        3180,
        6488,
        12974,
        24232,
        42178,
        71301,
        113822,
        177344,
        258075,
        null,
        null,
        null,
        null,
        null,
        null,
        null,
        null,
        null,
        null,
        null,
        null
    ],
    "hit_xyz": [
        0,
        0,
        0,
        0,
        0,
        0,
        0,
        0,
        0,
        0,
        0,
        0,
        0,
        0,
        null,
        null,
        null,
        null,
        null,
        null,
        null,
        null,
        null,
        null,
        null,
        null
    ],
    "git_commit": "unknown",
    "n_raw": [
        1,
        17,
        7123,
        84540,
        626466,
        2636250,
        6486106,
        28952332,
        76344123,
        129894366,
        279893465,
        487980607,
        946817746,
        1794449390,
        null,
        null,
        null,
        null,
        null,
        null,
        null,
        null,
        null,
        null,
        null,
        null
    ],
    "weight_second_moment_raw": [
        1,
        1.0014855488533987,
        1.012575112918562,
        1.045913245663563,
        1.1130812872122675,
        1.2194539258647084,
        1.3616545520985306,
        1.528476215245695,
        1.7045296357891198,
        1.874888412902537,
        2.0290762637366955,
        2.163371137757634,
        2.280899786910113,
        2.3895077485018277,
        null,
        null,
        null,
        null,
        null,
        null,
        null,
        null,
        null,
        null,
        null,
        null
    ],
    "hit_multiple_weight": [
        0,
        0,
        0,
        0,
        0,
        0,
        0,
        0,
        0,
        0,
        0,
        0,
        0,
        0,
        null,
        null,
        null,
        null,
        null,
        null,
        null,
        null,
        null,
        null,
        null,
        null
    ],