{
    "created_at": "2026-06-11T08:34:58.425",
    "n_complete": 25,
    "drop_coeff_only": [
        0,
        0,
        5568,
        478547,
        2423884,
        5291002,
        11897529,
        20402694,
        32297020,
        46564822,
        60457975,
        72517040,
        80278241,
        83385986,
        82082056,
        77443076,
        70286269,
        61533330,
        52124607,
        42826749,
        34189765,
        26566685,
        20113186,
        14878723,
        10784751,
        7694569
    ],
    "system": {
        "dt": 0.04,
        "P0_coeff": 1,
        "h": 3.04438,
        "P0_term_hex": "c00",
        "name": "rect4x4_dt0p04_l25",
        "topology_repr": "[(1, 5), (1, 2), (2, 6), (2, 3), (3, 7), (3, 4), (4, 8), (5, 9), (5, 6), (6, 10), (6, 7), (7, 11), (7, 8), (8, 12), (9, 13), (9, 10), (10, 14), (10, 11), (11, 15), (11, 12), (12, 16), (13, 14), (14, 15), (15, 16)]",
        "P0_nqubits": 16,
        "n_layers": 25,
        "g": 0,
        "n_qubits": 16,
        "J": 1
    },
    "julia_version": "1.12.6",
    "n_dropped": [
        0,
        0,
        5568,
        615477,
        3787532,
        11781059,
        32777626,
        72179216,
        139476267,
        236972137,
        366117700,
        505429547,
        639899998,
        754996908,
        844077426,
        909872184,
        950202793,
        970898632,
        979752081,
        981361587,
        979653391,
        976590731,
        972946689,
        969558862,
        966682114,
        964420625
    ],
    "overlap_kept": [
        1,
        0.9704879152038246,
        0.8865172215885787,
        0.760005792525193,
        0.6059753559285549,
        0.43824916983059414,
        0.2670938798868893,
        0.09925271580881755,
        -0.06054266953423653,
        -0.20798455298263188,
        -0.3384345363286623,
        -0.4471097635459979,
        -0.5297552480923938,
        -0.5831737543119635,
        -0.6054221773726045,
        -0.5957375974847907,
        -0.5545078867705586,
        -0.48346435797851,
        -0.3859099572159623,
        -0.26679384288162444,
        -0.13260281898211723,
        0.009034154902551045,
        0.14989381384999162,
        0.2817431611404946,
        0.3969763783261501,
        0.489203537171419
    ],
    "hit_any_weight": [
        0,
        0,
        0,
        136930,
        1363648,
        6490057,
        20880097,
        51776522,
        107179247,
        190407315,
        305659725,
        432912507,
        559621757,
        671610922,
        761995370,
        832429108,
        879916524,
        909365302,
        927627474,
        938534838,
        945463626,
        950024046,
        952833503,
        954680139,
        955897363,
        956726056
    ],
    "drop_weight_only": [
        0,
        0,
        0,
        10,
        882,
        11100,
        58894,
        210562,
        592935,
        1466140,
        3132633,
        5972714,
        10540824,
        17361763,
        26973197,
        40030925,
        56923216,
        77345682,
        100905308,
        127408025,
        156508417,
        187569967,
        219725637,
        251996760,
        283444100,
        313327626
    ],
    "hit_coeff": [
        0,
        0,
        5568,
        615467,
        3786650,
        11769959,
        32718732,
        71968654,
        138883332,
        235505997,
        362985067,
        499456833,
        629359174,
        737635145,
        817104229,
        869841259,
        893279577,
        893552950,
        878846773,
        853953562,
        823144974,
        789020764,
        753221052,
        717562102,
        683238014,
        651092999
    ],
    "drop_coeff_and_weight": [
        0,
        0,
        0,
        136920,
        1362766,
        6478957,
        20821203,
        51565960,
        106586312,
        188941175,
        302527092,
        426939793,
        549080933,
        654249159,
        735022173,
        792398183,
        822993308,
        832019620,
        826722166,
        811126813,
        788955209,
        762454079,
        733107866,
        702683379,
        672453263,
        643398430
    ],
    "hit_z": [
        0,
        0,
        0,
        0,
        0,
        0,
        0,
        0,
        0,
        0,
        0,
        0,
        0,
        0,
        0,
        0,
        0,
        0,
        0,
        0,
        0,
        0,
        0,
        0,
        0,
        0
    ],
    "manifest_toml_sha256": "0bc8dd956e2d53dfc75dae382811cbae5159e33b4ab25664d941105fcfb60c81",
    "git_dirty": true,
    "experiment": "rect4x4_dt0p04_l25",
    "overlap_raw": [
        1,
        0.9704879152038246,
        0.8865172215885787,
        0.7600057514434938,
        0.605975439606601,
        0.43824977042786345,
        0.2670938545574943,
        0.09925302164287217,
        -0.06054202986269571,
        -0.20798413404881666,
        -0.3384329175899353,
        -0.4471081936425018,
        -0.5297534221484804,
        -0.5831718226216607,
        -0.6054217429578853,
        -0.5957372887666103,
        -0.5545072857720652,
        -0.4834645427366524,
        -0.38590987899850443,
        -0.26679449309331243,
        -0.13260358132141914,
        0.0090341085368408,
        0.1498936539356004,
        0.2817428053703616,
        0.3969760492827176,
        0.4892036772265861
    ],
    "overlap_dropped": [
        0,
        0,
        0,
        -4.108169920544728e-8,
        8.367804611018489e-8,
        6.00597269324036e-7,
        -2.5329395013521066e-8,
        3.0583405462579495e-7,
        6.396715408172672e-7,
        4.189338152120015e-7,
        1.6187387269959002e-6,
        1.5699034960899606e-6,
        1.8259439133693188e-6,
        1.931690302773338e-6,
        4.3441471919675453e-7,
        3.0871818043727567e-7,
        6.009984933727998e-7,
        -1.8475814237622673e-7,
        7.821745784752871e-8,
        -6.502116879980578e-7,
        -7.62339301906792e-7,
        -4.6365710245984635e-8,
        -1.5991439122672073e-7,
        -3.557701329889202e-7,
        -3.2904343248014496e-7,
        1.400551670570306e-7
    ],
    "rule": {
        "label": "xy6_d1em08",
        "weight_period": 1,
        "family": "xy+coeff",
        "tau_z": 0,
        "c_gate": 1.0e-16,
        "tau_xyz": 0,
        "tau_xy": 6,
        "rule_hash": "4c4c43b00a",
        "coeff_min": 1.0e-8
    },
    "n_kept": [
        1,
        17,
        1368,
        8991,
        35681,
        105918,
        279560,
        645371,
        1339584,
        2551361,
        4467711,
        7357611,
        11479955,
        16976645,
        23821665,
        31920224,
        41011887,
        50683062,
        60466590,
        69896570,
        78580904,
        86223559,
        92685053,
        97923341,
        102018222,
        105108932
    ],
    "hit_xyz": [
        0,
        0,
        0,
        0,
        0,
        0,
        0,
        0,
        0,
        0,
        0,
        0,
        0,
        0,
        0,
        0,
        0,
        0,
        0,
        0,
        0,
        0,
        0,
        0,
        0,
        0
    ],
    "git_commit": "unknown",
    "n_raw": [
        1,
        17,
        6936,
        624468,
        3823213,
        11886977,
        33057186,
        72824587,
        140815851,
        239523498,
        370585411,
        512787158,
        651379953,
        771973553,
        867899091,
        941792408,
        991214680,
        1021581694,
        1040218671,
        1051258157,
        1058234295,
        1062814290,
        1065631742,
        1067482203,
        1068700336,
        1069529557
    ],