{
    "created_at": "2026-06-30T15:11:58.620",
    "n_complete": 25,
    "drop_coeff_only": [
        0,
        0,
        683,
        22620,
        74226,
        114442,
        111364,
        174154,
        211436,
        225302,
        269677,
        347059,
        366898,
        350406,
        367134,
        400940,
        410914,
        440774,
        444152,
        478852,
        483086,
        488022,
        477950,
        467046,
        453240,
        476568
    ],
    "system": {
        "dt": 0.04,
        "P0_coeff": 1,
        "h": 3.04438,
        "P0_term_hex": "3000000",
        "name": "rect5x5_dt0p04_l25",
        "topology_repr": "[(1, 6), (1, 2), (2, 7), (2, 3), (3, 8), (3, 4), (4, 9), (4, 5), (5, 10), (6, 11), (6, 7), (7, 12), (7, 8), (8, 13), (8, 9), (9, 14), (9, 10), (10, 15), (11, 16), (11, 12), (12, 17), (12, 13), (13, 18), (13, 14), (14, 19), (14, 15), (15, 20), (16, 21), (16, 17), (17, 22), (17, 18), (18, 23), (18, 19), (19, 24), (19, 20), (20, 25), (21, 22), (22, 23), (23, 24), (24, 25)]",
        "P0_nqubits": 25,
        "n_layers": 25,
        "g": 0,
        "n_qubits": 25,
        "J": 1
    },
    "julia_version": "1.12.6",
    "n_dropped": [
        0,
        0,
        17292,
        609846,
        2423808,
        6480118,
        7867583,
        12379935,
        23697851,
        34458054,
        44452014,
        58223646,
        73529880,
        89259677,
        111087757,
        130897349,
        154970620,
        187393825,
        218518647,
        246452898,
        270833061,
        303219176,
        342684092,
        372052932,
        401302739,
        437761589
    ],
    "overlap_kept": [
        1,
        0.9704879152038246,
        0.8865172215885785,
        0.7600116423691159,
        0.6060461429594819,
        0.4386276552813656,
        0.26836636493678995,
        0.10236566671744611,
        -0.0545563039830831,
        -0.19846781824844328,
        -0.3255587807881595,
        -0.4321940548953702,
        -0.5154947000920003,
        -0.5737767730893767,
        -0.6062882549706553,
        -0.6123172826828138,
        -0.5904935415430588,
        -0.5390535830675609,
        -0.4570923931488899,
        -0.34606640745425415,
        -0.21071004709107666,
        -0.05881784620849504,
        0.10003444613379009,
        0.2563437116624477,
        0.4023717711032233,
        0.5328712501648531
    ],
    "hit_any_weight": [
        0,
        0,
        16609,
        587226,
        2349582,
        6365676,
        7756219,
        12205781,
        23486415,
        34232752,
        44182337,
        57876587,
        73162982,
        88909271,
        110720623,
        130496409,
        154559706,
        186953051,
        218074495,
        245974046,
        270349975,
        302731154,
        342206142,
        371585886,
        400849499,
        437285021
    ],
    "drop_weight_only": [
        0,
        0,
        818,
        7390,
        28318,
        76700,
        175792,
        333182,
        543488,
        847688,
        1253109,
        1786245,
        2366535,
        3195689,
        4140666,
        5259912,
        6578240,
        7921136,
        9364320,
        11116844,
        12880126,
        14819234,
        16867562,
        19089598,
        21325887,
        23743332
    ],
    "hit_coeff": [
        0,
        0,
        16474,
        602456,
        2395490,
        6403418,
        7691791,
        12046753,
        23154363,
        33610366,
        43198905,
        56437401,
        71163345,
        86063988,
        106947091,
        125637437,
        148392380,
        179472689,
        209154327,
        235336054,
        257952935,
        288399942,
        325816530,
        352963334,
        379976852,
        414018257
    ],
    "drop_coeff_and_weight": [
        0,
        0,
        15791,
        579836,
        2321264,
        6288976,
        7580427,
        11872599,
        22942927,
        33385064,
        42929228,
        56090342,
        70796447,
        85713582,
        106579957,
        125236497,
        147981466,
        179031915,
        208710175,
        234857202,
        257469849,
        287911920,
        325338580,
        352496288,
        379523612,
        413541689
    ],
    "hit_z": [
        0,
        0,
        0,
        0,
        0,
        0,
        0,
        0,
        0,
        0,
        0,
        0,
        0,
        0,
        0,
        0,
        0,
        0,
        0,
        0,
        0,
        0,
        0,
        0,
        0,
        0
    ],
    "manifest_toml_sha256": "0bc8dd956e2d53dfc75dae382811cbae5159e33b4ab25664d941105fcfb60c81",
    "git_dirty": true,
    "experiment": "rect5x5_dt0p04_l25",
    "overlap_raw": [
        1,
        0.9704879152038246,
        0.8865172215885785,
        0.7600116423691159,
        0.6060463139613681,
        0.4386280980865519,
        0.2683667326539076,
        0.10236590783238819,
        -0.05455506457230969,
        -0.19846760074568776,
        -0.3255584402363189,
        -0.4321929482378462,
        -0.5154943672130207,
        -0.5737785664686736,
        -0.6062884986593392,
        -0.6123167261358624,
        -0.5904945281609421,
        -0.5390551072804848,
        -0.4570919866805314,
        -0.34606875207019255,
        -0.21071274742956134,
        -0.05881929579182843,
        0.10003264761328257,
        0.25634130395702703,
        0.40237126951472174,
        0.5328717124252659
    ],
    "overlap_dropped": [
        0,
        0,
        0,
        0,
        1.7100188621288293e-7,
        4.4280518628648e-7,
        3.677171176578487e-7,
        2.4111494207837183e-7,
        1.2394107734099105e-6,
        2.1750275552235344e-7,
        3.405518405353569e-7,
        1.106657523981676e-6,
        3.3287897964635936e-7,
        -1.7933792969330323e-6,
        -2.43688683911248e-7,
        5.565469514089107e-7,
        -9.866178832388878e-7,
        -1.5242129238411526e-6,
        4.064683584938918e-7,
        -2.3446159383824476e-6,
        -2.7003384846844925e-6,
        -1.4495833333858577e-6,
        -1.7985205075243375e-6,
        -2.407705420635456e-6,
        -5.015885015915844e-7,
        4.622604127804415e-7
    ],
    "rule": {
        "label": "xyz6_d1em08",
        "weight_period": 1,
        "family": "xyz+coeff",
        "tau_z": 0,
        "c_gate": 1.0e-16,
        "tau_xyz": 6,
        "tau_xy": 0,
        "rule_hash": "eaec933d28",
        "coeff_min": 1.0e-8
    },
    "n_kept": [
        1,
        17,
        1071,
        5570,
        14550,
        28310,
        45532,
        65720,
        97440,
        136408,
        170924,
        216062,
        271844,
        328822,
        387750,
        452432,
        520962,
        594140,
        670238,
        742644,
        813094,
        889246,
        972300,
        1047462,
        1118496,
        1193844
    ],
    "hit_xyz": [
        0,
        0,
        16609,
        587226,
        2349582,
        6365676,
        7756219,
        12205781,
        23486415,
        34232752,
        44182337,
        57876587,
        73162982,
        88909271,
        110720623,
        130496409,
        154559706,
        186953051,
        218074495,
        245974046,
        270349975,
        302731154,
        342206142,
        371585886,
        400849499,
        437285021
    ],
    "git_commit": "unknown",