{
    "created_at": "2026-06-11T02:03:26.301",
    "n_complete": 25,
    "drop_coeff_only": [
        0,
        0,
        946,
        11755,
        14770,
        16310,
        28457,
        39844,
        42556,
        39594,
        53005,
        60722,
        60509,
        60714,
        72619,
        75195,
        77650,
        74648,
        71650,
        71787,
        69272,
        69623,
        69433,
        67151,
        66181,
        64175
    ],
    "system": {
        "dt": 0.04,
        "P0_coeff": 1,
        "h": 3.04438,
        "P0_term_hex": "c00",
        "name": "rect4x4_dt0p04_l25",
        "topology_repr": "[(1, 5), (1, 2), (2, 6), (2, 3), (3, 7), (3, 4), (4, 8), (5, 9), (5, 6), (6, 10), (6, 7), (7, 11), (7, 8), (8, 12), (9, 13), (9, 10), (10, 14), (10, 11), (11, 15), (11, 12), (12, 16), (13, 14), (14, 15), (15, 16)]",
        "P0_nqubits": 16,
        "n_layers": 25,
        "g": 0,
        "n_qubits": 16,
        "J": 1
    },
    "julia_version": "1.12.6",
    "n_dropped": [
        0,
        0,
        6556,
        111160,
        210282,
        245220,
        461045,
        884982,
        1139285,
        1177689,
        1582079,
        2450266,
        2864047,
        3264238,
        4089161,
        4797981,
        5497089,
        6160104,
        6720592,
        7548883,
        7925522,
        8542810,
        9400078,
        10070403,
        10797745,
        11396352
    ],
    "overlap_kept": [
        1,
        0.9704879152038246,
        0.8865172215885787,
        0.7599937032521179,
        0.6059669407279679,
        0.43825593482039893,
        0.26711467642731657,
        0.09930219492146557,
        -0.06051061988087688,
        -0.20815121653837765,
        -0.33909095656591665,
        -0.44867363612383365,
        -0.532781588360361,
        -0.5887024000799563,
        -0.615136057338646,
        -0.6112329947225322,
        -0.5762015087717162,
        -0.5097581292968563,
        -0.41305453911194245,
        -0.28980511847948004,
        -0.14715636612502958,
        0.004677131401761069,
        0.15387795524424264,
        0.28935475973692204,
        0.4031984312418439,
        0.4917326480883939
    ],
    "hit_any_weight": [
        0,
        0,
        5610,
        99405,
        195512,
        228910,
        432588,
        845138,
        1096729,
        1138095,
        1529074,
        2389544,
        2803538,
        3203524,
        4016542,
        4722786,
        5419439,
        6085456,
        6648942,
        7477096,
        7856250,
        8473187,
        9330645,
        10003252,
        10731564,
        11332177
    ],
    "drop_weight_only": [
        0,
        0,
        10,
        192,
        1291,
        3595,
        9736,
        14921,
        26569,
        42333,
        60051,
        85846,
        110071,
        144136,
        185096,
        233876,
        279245,
        325543,
        379330,
        438929,
        507702,
        571259,
        634223,
        691586,
        747592,
        816913
    ],
    "hit_coeff": [
        0,
        0,
        6546,
        110968,
        208991,
        241625,
        451309,
        870061,
        1112716,
        1135356,
        1522028,
        2364420,
        2753976,
        3120102,
        3904065,
        4564105,
        5217844,
        5834561,
        6341262,
        7109954,
        7417820,
        7971551,
        8765855,
        9378817,
        10050153,
        10579439
    ],
    "drop_coeff_and_weight": [
        0,
        0,
        5600,
        99213,
        194221,
        225315,
        422852,
        830217,
        1070160,
        1095762,
        1469023,
        2303698,
        2693467,
        3059388,
        3831446,
        4488910,
        5140194,
        5759913,
        6269612,
        7038167,
        7348548,
        7901928,
        8696422,
        9311666,
        9983972,
        10515264
    ],
    "hit_z": [
        0,
        0,
        0,
        0,
        0,
        0,
        0,
        0,
        0,
        0,
        0,
        0,
        0,
        0,
        0,
        0,
        0,
        0,
        0,
        0,
        0,
        0,
        0,
        0,
        0,
        0
    ],
    "manifest_toml_sha256": "0bc8dd956e2d53dfc75dae382811cbae5159e33b4ab25664d941105fcfb60c81",
    "git_dirty": true,
    "experiment": "rect4x4_dt0p04_l25",
    "overlap_raw": [
        1,
        0.9704879152038246,
        0.8865172215885787,
        0.7599993998928697,
        0.6059669407279679,
        0.4382611048662618,
        0.2671194481653315,
        0.09930289765496798,
        -0.0605007052862559,
        -0.20812606847679596,
        -0.3390738685927083,
        -0.448639815908028,
        -0.5327632899851709,
        -0.5887167545182668,
        -0.6151421492407545,
        -0.6112469307515968,
        -0.5762225327080874,
        -0.5097684508367506,
        -0.4130579841147505,
        -0.2898231073902518,
        -0.1471645201986612,
        0.004662263711830179,
        0.15384883337953906,
        0.28935126521500526,
        0.4031809317383037,
        0.49171026162603887
    ],
    "overlap_dropped": [
        0,
        0,
        0,
        5.696640751828397e-6,
        0,
        5.170045862851295e-6,
        4.771738014947555e-6,
        7.027335024157462e-7,
        9.914594620974641e-6,
        2.5148061581693802e-5,
        1.7087973208321027e-5,
        3.3820215805657224e-5,
        1.829837519013556e-5,
        -1.4354438310435624e-5,
        -6.0919021085260054e-6,
        -1.3936029064524249e-5,
        -2.1023936371251406e-5,
        -1.032153989429648e-5,
        -3.445002808039466e-6,
        -1.7988910771762957e-5,
        -8.154073631615508e-6,
        -1.486768993089034e-5,
        -2.912186470358181e-5,
        -3.4945219167949917e-6,
        -1.7499503540164483e-5,
        -2.2386462355007117e-5
    ],
    "rule": {
        "label": "xyz6_d1em06",
        "weight_period": 1,
        "family": "xyz+coeff",
        "tau_z": 0,
        "c_gate": 1.0e-16,
        "tau_xyz": 6,
        "tau_xy": 0,
        "rule_hash": "fd476ea734",
        "coeff_min": 1.0e-6
    },
    "n_kept": [
        1,
        17,
        380,
        1127,
        2436,
        4252,
        7431,
        11921,
        16156,
        20830,
        26190,
        33308,
        40478,
        48943,
        57725,
        67356,
        77829,
        89010,
        99736,
        109871,
        118799,
        127902,
        136664,
        145334,
        154664,
        163528
    ],
    "hit_xyz": [
        0,
        0,
        5610,
        99405,
        195512,
        228910,
        432588,
        845138,
        1096729,
        1138095,
        1529074,
        2389544,
        2803538,
        3203524,
        4016542,
        4722786,
        5419439,
        6085456,
        6648942,
        7477096,
        7856250,
        8473187,
        9330645,
        10003252,
        10731564,
        11332177
    ],
    "git_commit": "unknown",
    "n_raw": [
        1,
        17,
        6936,
        112287,
        212718,
        249472,
        468476,
        896903,
        1155441,
        1198519,
        1608269,
        2483574,
        2904525,
        3313181,
        4146886,
        4865337,
        5574918,
        6249114,
        6820328,
        7658754,
        8044321,
        8670712,
        9536742,
        10215737,
        10952409,
        11559880
    ],